AccountKey,AccountID,CustomerKey,AccountType,AccountStatus,OpenDate,CreditLimit,InterestRate
1,ACC00000001,4135,Loan,Blocked,2021-11-10,1153100.0,11.15
2,ACC00000002,5578,Savings,Active,2025-11-26,0.0,4.18
3,ACC00000003,4952,Savings,Active,2020-03-29,0.0,4.03
4,ACC00000004,4642,Loan,Closed,2025-06-26,972100.0,7.99
5,ACC00000005,5336,Fixed Deposit,Dormant,2019-02-14,0.0,6.45
6,ACC00000006,120,Salary,Active,2021-12-17,0.0,2.74
7,ACC00000007,281,Salary,Active,2025-09-26,0.0,4.7
8,ACC00000008,2319,Savings,Blocked,2018-03-15,0.0,4.89
9,ACC00000009,1153,Salary,Active,2019-08-09,0.0,2.94
10,ACC00000010,4472,Salary,Active,2019-07-04,0.0,2.89
11,ACC00000011,4411,Savings,Active,2020-01-02,0.0,4.17
12,ACC00000012,1129,Fixed Deposit,Dormant,2019-08-29,0.0,8.34
13,ACC00000013,8991,Salary,Active,2023-07-25,0.0,4.08
14,ACC00000014,504,Current,Active,2021-08-24,1036600.0,4.59
15,ACC00000015,4340,Current,Active,2020-12-31,1958600.0,2.82
16,ACC00000016,2442,Current,Active,2023-05-26,1258000.0,4.7
17,ACC00000017,9387,Savings,Blocked,2023-02-08,0.0,4.56
18,ACC00000018,3218,Savings,Active,2021-06-24,0.0,3.57
19,ACC00000019,1339,Loan,Active,2019-08-09,120200.0,8.5
20,ACC00000020,1356,Current,Active,2020-12-19,1749000.0,3.98
21,ACC00000021,4460,Savings,Active,2023-01-14,0.0,3.74
22,ACC00000022,6902,Savings,Active,2018-08-11,0.0,4.7
23,ACC00000023,86,Savings,Active,2024-11-02,0.0,2.69
24,ACC00000024,1201,Fixed Deposit,Active,2025-07-06,0.0,6.03
25,ACC00000025,6807,Savings,Active,2022-01-05,0.0,4.36
26,ACC00000026,2648,Fixed Deposit,Active,2023-08-29,0.0,6.48
27,ACC00000027,4667,Savings,Active,2018-01-30,0.0,4.0
28,ACC00000028,3381,Savings,Dormant,2022-09-26,0.0,3.01
29,ACC00000029,9919,Savings,Active,2019-05-13,0.0,4.44
30,ACC00000030,9757,Fixed Deposit,Active,2021-07-30,0.0,7.94
31,ACC00000031,6147,Savings,Active,2019-05-26,0.0,4.95
32,ACC00000032,1887,Current,Active,2018-02-21,1822600.0,2.71
33,ACC00000033,89,Salary,Blocked,2025-01-18,0.0,3.08
34,ACC00000034,5487,Savings,Active,2021-08-24,0.0,2.66
35,ACC00000035,433,Fixed Deposit,Dormant,2025-11-19,0.0,7.76
36,ACC00000036,9302,Savings,Active,2024-12-31,0.0,2.71
37,ACC00000037,5853,Savings,Active,2021-11-09,0.0,3.42
38,ACC00000038,1646,Savings,Active,2024-04-27,0.0,3.27
39,ACC00000039,2454,Current,Active,2019-11-06,1432800.0,3.22
40,ACC00000040,6389,Current,Active,2024-02-11,1184700.0,4.92
41,ACC00000041,824,Salary,Active,2022-07-04,0.0,4.69
42,ACC00000042,5960,Current,Active,2021-10-07,1034000.0,3.31
43,ACC00000043,4129,Savings,Blocked,2021-09-17,0.0,4.19
44,ACC00000044,8158,Savings,Active,2023-04-01,0.0,2.86
45,ACC00000045,803,Current,Dormant,2021-05-29,1207900.0,3.88
46,ACC00000046,8571,Current,Dormant,2022-12-17,848400.0,4.66
47,ACC00000047,9650,Loan,Active,2021-10-25,739900.0,9.59
48,ACC00000048,1143,Current,Active,2022-06-29,1429800.0,3.49
49,ACC00000049,5198,Loan,Active,2021-08-20,1783900.0,8.61
50,ACC00000050,7031,Salary,Active,2024-06-06,0.0,3.07
51,ACC00000051,7219,Savings,Active,2024-04-01,0.0,4.09
52,ACC00000052,7635,Savings,Active,2025-12-14,0.0,3.47
53,ACC00000053,1831,Loan,Active,2025-08-25,584600.0,8.27
54,ACC00000054,3780,Savings,Active,2023-02-10,0.0,4.04
55,ACC00000055,7564,Savings,Active,2023-11-12,0.0,4.08
56,ACC00000056,2970,Savings,Active,2021-06-01,0.0,2.68
57,ACC00000057,2138,Savings,Active,2021-12-07,0.0,4.94
58,ACC00000058,8322,Loan,Active,2025-07-24,1975000.0,14.06
59,ACC00000059,4108,Savings,Active,2021-01-08,0.0,4.51
60,ACC00000060,4923,Fixed Deposit,Active,2022-02-24,0.0,8.13
61,ACC00000061,9597,Savings,Closed,2019-08-27,0.0,4.24
62,ACC00000062,32,Salary,Active,2021-05-11,0.0,3.36
63,ACC00000063,2099,Current,Active,2018-02-11,627800.0,2.99
64,ACC00000064,8572,Salary,Active,2023-07-31,0.0,3.77
65,ACC00000065,8459,Salary,Active,2023-10-09,0.0,2.71
66,ACC00000066,6061,Salary,Active,2020-01-29,0.0,3.84
67,ACC00000067,9679,Savings,Dormant,2018-07-23,0.0,2.92
68,ACC00000068,8246,Salary,Active,2023-10-13,0.0,2.59
69,ACC00000069,8710,Current,Active,2025-02-15,1820400.0,4.41
70,ACC00000070,6152,Fixed Deposit,Active,2020-06-06,0.0,6.31
71,ACC00000071,1318,Savings,Active,2018-11-14,0.0,4.21
72,ACC00000072,2696,Current,Active,2018-06-15,1761300.0,4.96
73,ACC00000073,9555,Savings,Dormant,2021-01-09,0.0,3.93
74,ACC00000074,2429,Salary,Closed,2018-08-20,0.0,3.25
75,ACC00000075,7555,Current,Active,2023-03-22,1703200.0,2.7
76,ACC00000076,1449,Savings,Active,2022-09-30,0.0,3.68
77,ACC00000077,622,Savings,Active,2019-03-10,0.0,2.54
78,ACC00000078,2656,Salary,Active,2024-08-12,0.0,2.97
79,ACC00000079,9440,Fixed Deposit,Active,2023-03-27,0.0,5.97
80,ACC00000080,2801,Savings,Active,2021-12-14,0.0,4.68
81,ACC00000081,9525,Current,Dormant,2023-04-12,489100.0,4.74
82,ACC00000082,5051,Fixed Deposit,Active,2018-11-24,0.0,5.77
83,ACC00000083,7934,Salary,Active,2018-03-23,0.0,4.01
84,ACC00000084,7889,Salary,Blocked,2024-12-29,0.0,3.79
85,ACC00000085,894,Current,Active,2018-03-28,335700.0,3.48
86,ACC00000086,6495,Savings,Active,2019-10-16,0.0,3.97
87,ACC00000087,8019,Loan,Dormant,2021-07-22,1838500.0,13.3
88,ACC00000088,6807,Savings,Active,2025-07-21,0.0,4.57
89,ACC00000089,2034,Savings,Active,2024-08-03,0.0,3.04
90,ACC00000090,5795,Fixed Deposit,Active,2022-10-07,0.0,6.58
91,ACC00000091,1294,Fixed Deposit,Active,2021-01-29,0.0,8.13
92,ACC00000092,1601,Fixed Deposit,Active,2022-09-17,0.0,6.85
93,ACC00000093,9185,Current,Active,2018-03-11,1062200.0,4.66
94,ACC00000094,6193,Savings,Active,2019-11-14,0.0,3.79
95,ACC00000095,5796,Fixed Deposit,Active,2019-03-13,0.0,8.03
96,ACC00000096,8833,Loan,Active,2024-10-11,1581100.0,9.12
97,ACC00000097,5972,Savings,Active,2025-07-18,0.0,4.91
98,ACC00000098,6678,Loan,Active,2019-01-30,802000.0,13.08
99,ACC00000099,5516,Savings,Active,2023-11-12,0.0,2.77
100,ACC00000100,5890,Fixed Deposit,Active,2024-09-06,0.0,6.98
101,ACC00000101,3412,Fixed Deposit,Active,2018-11-14,0.0,7.67
102,ACC00000102,9921,Current,Active,2025-04-30,1583400.0,3.16
103,ACC00000103,316,Savings,Active,2023-06-20,0.0,2.68
104,ACC00000104,9432,Savings,Active,2023-03-07,0.0,4.61
105,ACC00000105,4340,Savings,Dormant,2019-04-01,0.0,4.49
106,ACC00000106,4570,Current,Active,2022-07-22,1684700.0,3.29
107,ACC00000107,9995,Savings,Dormant,2024-07-04,0.0,3.96
108,ACC00000108,6324,Salary,Dormant,2024-06-03,0.0,2.82
109,ACC00000109,2228,Savings,Active,2018-07-03,0.0,3.18
110,ACC00000110,2923,Savings,Active,2020-11-24,0.0,4.23
111,ACC00000111,5438,Current,Active,2020-07-05,1945600.0,2.62
112,ACC00000112,552,Savings,Active,2022-11-02,0.0,3.31
113,ACC00000113,3698,Current,Active,2020-08-19,1078800.0,3.14
114,ACC00000114,9670,Current,Dormant,2023-11-06,760700.0,4.05
115,ACC00000115,4241,Savings,Active,2025-05-01,0.0,3.99
116,ACC00000116,1687,Fixed Deposit,Active,2018-04-02,0.0,6.7
117,ACC00000117,9779,Current,Active,2021-03-14,578900.0,4.98
118,ACC00000118,6969,Fixed Deposit,Active,2020-05-09,0.0,6.46
119,ACC00000119,2646,Fixed Deposit,Active,2022-01-05,0.0,7.83
120,ACC00000120,9872,Fixed Deposit,Closed,2025-05-21,0.0,8.44
121,ACC00000121,4269,Savings,Active,2020-04-24,0.0,4.48
122,ACC00000122,2828,Savings,Active,2023-01-24,0.0,4.17
123,ACC00000123,7369,Current,Active,2024-03-22,1550400.0,3.12
124,ACC00000124,8198,Savings,Active,2020-08-05,0.0,3.0
125,ACC00000125,3972,Salary,Active,2023-11-05,0.0,3.04
126,ACC00000126,4710,Loan,Active,2023-09-05,108600.0,11.96
127,ACC00000127,3962,Savings,Active,2022-08-28,0.0,4.41
128,ACC00000128,3816,Salary,Active,2020-07-22,0.0,3.06
129,ACC00000129,6307,Current,Active,2023-12-30,644300.0,3.98
130,ACC00000130,1071,Fixed Deposit,Active,2019-12-18,0.0,5.92
131,ACC00000131,117,Savings,Blocked,2024-02-07,0.0,3.37
132,ACC00000132,3347,Current,Active,2020-01-22,1633900.0,3.48
133,ACC00000133,2331,Loan,Active,2021-07-31,1609500.0,12.48
134,ACC00000134,8331,Loan,Dormant,2019-09-06,1480700.0,12.72
135,ACC00000135,8518,Current,Active,2025-08-08,1700200.0,4.61
136,ACC00000136,7355,Savings,Active,2024-10-22,0.0,4.52
137,ACC00000137,553,Fixed Deposit,Active,2018-11-29,0.0,5.57
138,ACC00000138,6172,Savings,Active,2025-06-28,0.0,4.31
139,ACC00000139,575,Loan,Closed,2021-10-18,1914100.0,8.7
140,ACC00000140,5955,Fixed Deposit,Active,2022-05-02,0.0,8.1
141,ACC00000141,1453,Loan,Active,2019-07-23,1792400.0,10.01
142,ACC00000142,3352,Savings,Active,2022-01-02,0.0,2.61
143,ACC00000143,8640,Savings,Active,2025-09-10,0.0,3.76
144,ACC00000144,3407,Savings,Active,2023-10-16,0.0,4.7
145,ACC00000145,457,Loan,Active,2019-03-28,1500000.0,8.04
146,ACC00000146,3367,Salary,Active,2019-08-11,0.0,2.85
147,ACC00000147,1581,Savings,Active,2023-06-30,0.0,2.52
148,ACC00000148,2514,Savings,Active,2021-01-08,0.0,4.87
149,ACC00000149,9923,Salary,Active,2023-04-26,0.0,3.24
150,ACC00000150,9642,Salary,Active,2023-03-21,0.0,3.98
151,ACC00000151,6703,Savings,Active,2024-01-09,0.0,4.44
152,ACC00000152,939,Savings,Active,2022-12-04,0.0,3.62
153,ACC00000153,8314,Fixed Deposit,Active,2020-02-05,0.0,5.97
154,ACC00000154,1101,Savings,Active,2023-03-23,0.0,3.7
155,ACC00000155,2831,Savings,Active,2023-05-10,0.0,4.07
156,ACC00000156,6044,Salary,Active,2024-04-10,0.0,4.47
157,ACC00000157,1549,Salary,Active,2022-08-23,0.0,4.58
158,ACC00000158,5411,Savings,Active,2019-05-31,0.0,3.81
159,ACC00000159,6274,Loan,Active,2019-12-25,1795200.0,13.35
160,ACC00000160,8001,Current,Active,2023-04-29,904400.0,3.7
161,ACC00000161,6569,Fixed Deposit,Active,2024-11-21,0.0,7.01
162,ACC00000162,8670,Savings,Active,2024-10-05,0.0,4.84
163,ACC00000163,5045,Savings,Active,2020-05-16,0.0,4.53
164,ACC00000164,9230,Savings,Active,2022-11-23,0.0,4.31
165,ACC00000165,7310,Fixed Deposit,Active,2024-12-14,0.0,8.43
166,ACC00000166,744,Savings,Dormant,2018-02-15,0.0,4.75
167,ACC00000167,7655,Savings,Closed,2024-07-22,0.0,3.73
168,ACC00000168,5161,Savings,Dormant,2025-05-12,0.0,2.76
169,ACC00000169,830,Salary,Active,2023-03-12,0.0,2.83
170,ACC00000170,8232,Salary,Active,2024-09-18,0.0,2.61
171,ACC00000171,35,Savings,Active,2025-03-18,0.0,3.43
172,ACC00000172,8287,Salary,Active,2024-01-23,0.0,3.49
173,ACC00000173,3771,Savings,Dormant,2019-06-25,0.0,3.46
174,ACC00000174,4065,Savings,Active,2020-05-19,0.0,2.86
175,ACC00000175,5809,Fixed Deposit,Active,2021-09-12,0.0,7.36
176,ACC00000176,250,Salary,Dormant,2019-12-18,0.0,4.12
177,ACC00000177,6736,Salary,Blocked,2025-05-27,0.0,2.96
178,ACC00000178,7558,Savings,Active,2021-11-15,0.0,4.84
179,ACC00000179,866,Savings,Active,2021-12-18,0.0,4.76
180,ACC00000180,8573,Savings,Active,2020-05-22,0.0,3.17
181,ACC00000181,3881,Savings,Active,2022-05-16,0.0,4.08
182,ACC00000182,3744,Current,Active,2024-11-05,1023200.0,2.87
183,ACC00000183,5141,Current,Active,2023-01-18,1572000.0,3.21
184,ACC00000184,5368,Savings,Dormant,2018-01-12,0.0,3.94
185,ACC00000185,5112,Savings,Dormant,2024-06-11,0.0,4.41
186,ACC00000186,6556,Savings,Active,2024-09-11,0.0,4.67
187,ACC00000187,4722,Salary,Closed,2020-06-09,0.0,4.63
188,ACC00000188,4555,Savings,Active,2024-01-29,0.0,4.66
189,ACC00000189,8443,Salary,Active,2021-03-24,0.0,4.14
190,ACC00000190,2971,Salary,Active,2022-11-17,0.0,3.5
191,ACC00000191,7006,Current,Active,2021-08-26,1953800.0,3.05
192,ACC00000192,3765,Savings,Dormant,2023-10-23,0.0,4.58
193,ACC00000193,4656,Savings,Closed,2018-11-22,0.0,2.64
194,ACC00000194,1491,Loan,Active,2024-03-09,1780700.0,13.42
195,ACC00000195,6606,Fixed Deposit,Active,2023-09-28,0.0,7.65
196,ACC00000196,8250,Salary,Dormant,2024-05-16,0.0,2.91
197,ACC00000197,7479,Loan,Active,2020-09-13,1021600.0,10.47
198,ACC00000198,2349,Fixed Deposit,Active,2024-11-05,0.0,6.49
199,ACC00000199,3228,Current,Closed,2020-03-29,774500.0,2.84
200,ACC00000200,4252,Savings,Active,2025-11-07,0.0,4.65
201,ACC00000201,6426,Savings,Active,2020-12-30,0.0,2.74
202,ACC00000202,2811,Current,Active,2021-11-02,1568500.0,3.55
203,ACC00000203,7364,Salary,Active,2023-08-18,0.0,4.73
204,ACC00000204,195,Savings,Active,2024-06-05,0.0,3.53
205,ACC00000205,5862,Savings,Active,2021-06-19,0.0,4.5
206,ACC00000206,9122,Savings,Active,2023-06-17,0.0,4.68
207,ACC00000207,4652,Salary,Active,2021-07-28,0.0,2.6
208,ACC00000208,3404,Savings,Active,2020-06-10,0.0,4.57
209,ACC00000209,1753,Fixed Deposit,Active,2021-02-19,0.0,7.81
210,ACC00000210,1426,Savings,Active,2021-08-05,0.0,2.67
211,ACC00000211,2630,Salary,Active,2020-04-20,0.0,4.37
212,ACC00000212,8660,Salary,Active,2024-10-10,0.0,4.7
213,ACC00000213,4789,Fixed Deposit,Active,2019-11-12,0.0,7.02
214,ACC00000214,4863,Current,Active,2020-10-05,109800.0,4.49
215,ACC00000215,5343,Savings,Active,2025-12-20,0.0,4.07
216,ACC00000216,1492,Savings,Active,2021-06-06,0.0,4.7
217,ACC00000217,127,Fixed Deposit,Active,2023-12-01,0.0,6.73
218,ACC00000218,4089,Savings,Active,2024-06-16,0.0,3.5
219,ACC00000219,5726,Loan,Active,2018-07-21,856100.0,9.3
220,ACC00000220,5379,Savings,Active,2024-09-05,0.0,2.51
221,ACC00000221,2772,Savings,Active,2023-10-04,0.0,3.76
222,ACC00000222,4352,Savings,Active,2021-04-18,0.0,3.43
223,ACC00000223,8149,Current,Active,2019-08-06,1707900.0,3.8
224,ACC00000224,9008,Savings,Active,2022-03-05,0.0,4.14
225,ACC00000225,7798,Savings,Active,2019-10-28,0.0,4.72
226,ACC00000226,1537,Current,Closed,2022-02-28,1120700.0,2.62
227,ACC00000227,2,Salary,Active,2025-02-04,0.0,3.3
228,ACC00000228,3658,Salary,Active,2019-06-27,0.0,4.0
229,ACC00000229,4389,Savings,Active,2018-12-29,0.0,4.0
230,ACC00000230,3166,Current,Active,2018-10-07,1638600.0,3.94
231,ACC00000231,3244,Current,Closed,2025-12-06,271200.0,3.99
232,ACC00000232,7320,Current,Dormant,2024-11-20,755800.0,4.88
233,ACC00000233,9408,Savings,Active,2018-08-23,0.0,3.85
234,ACC00000234,7287,Salary,Blocked,2023-04-09,0.0,2.69
235,ACC00000235,1662,Savings,Active,2022-11-03,0.0,2.72
236,ACC00000236,4942,Savings,Active,2024-07-30,0.0,4.3
237,ACC00000237,7863,Savings,Active,2024-06-09,0.0,4.7
238,ACC00000238,9091,Savings,Active,2024-09-05,0.0,4.13
239,ACC00000239,2093,Fixed Deposit,Active,2021-12-29,0.0,8.1
240,ACC00000240,3921,Savings,Active,2025-02-11,0.0,4.98
241,ACC00000241,5275,Salary,Active,2020-09-24,0.0,3.22
242,ACC00000242,1766,Salary,Active,2024-01-16,0.0,4.74
243,ACC00000243,7398,Current,Closed,2019-02-05,281400.0,2.77
244,ACC00000244,3232,Fixed Deposit,Blocked,2018-06-02,0.0,8.05
245,ACC00000245,2722,Savings,Active,2025-09-16,0.0,3.59
246,ACC00000246,3261,Savings,Active,2018-07-21,0.0,4.5
247,ACC00000247,1135,Fixed Deposit,Active,2025-06-28,0.0,5.97
248,ACC00000248,1799,Loan,Active,2023-08-27,781700.0,9.0
249,ACC00000249,8458,Current,Closed,2025-03-26,1316500.0,2.99
250,ACC00000250,8665,Salary,Active,2020-01-06,0.0,3.46
251,ACC00000251,7921,Savings,Active,2024-03-22,0.0,2.71
252,ACC00000252,1105,Salary,Active,2019-08-06,0.0,4.18
253,ACC00000253,5277,Salary,Active,2025-12-22,0.0,4.32
254,ACC00000254,6354,Savings,Active,2021-08-21,0.0,4.16
255,ACC00000255,7406,Fixed Deposit,Active,2022-03-18,0.0,6.22
256,ACC00000256,8508,Savings,Active,2024-04-07,0.0,2.71
257,ACC00000257,184,Loan,Active,2018-01-27,397700.0,11.93
258,ACC00000258,2646,Loan,Active,2020-06-08,598200.0,9.09
259,ACC00000259,5043,Fixed Deposit,Active,2018-01-24,0.0,7.07
260,ACC00000260,8345,Current,Active,2024-07-31,1211100.0,3.96
261,ACC00000261,1295,Savings,Active,2019-12-19,0.0,3.27
262,ACC00000262,1637,Savings,Active,2023-07-20,0.0,3.22
263,ACC00000263,6223,Savings,Active,2022-06-21,0.0,2.72
264,ACC00000264,3513,Salary,Active,2019-10-06,0.0,3.19
265,ACC00000265,9999,Loan,Active,2025-03-12,1279700.0,12.74
266,ACC00000266,9400,Savings,Active,2020-06-11,0.0,4.67
267,ACC00000267,6738,Loan,Active,2021-11-27,268700.0,9.7
268,ACC00000268,1573,Current,Active,2020-01-17,1847000.0,2.61
269,ACC00000269,5760,Savings,Active,2025-02-10,0.0,4.0
270,ACC00000270,3361,Salary,Active,2022-02-16,0.0,4.06
271,ACC00000271,2179,Fixed Deposit,Blocked,2019-07-22,0.0,6.81
272,ACC00000272,9521,Savings,Active,2023-05-07,0.0,4.53
273,ACC00000273,8886,Loan,Dormant,2021-10-23,251900.0,9.5
274,ACC00000274,105,Current,Active,2019-04-21,878400.0,3.31
275,ACC00000275,3099,Savings,Active,2025-08-09,0.0,3.41
276,ACC00000276,2436,Savings,Closed,2025-08-30,0.0,2.98
277,ACC00000277,5347,Salary,Active,2022-02-08,0.0,3.28
278,ACC00000278,2177,Savings,Active,2023-03-05,0.0,4.71
279,ACC00000279,2487,Savings,Active,2025-04-22,0.0,2.62
280,ACC00000280,5656,Current,Active,2025-04-25,319300.0,4.91
281,ACC00000281,1134,Savings,Active,2020-09-07,0.0,3.24
282,ACC00000282,6357,Current,Active,2022-01-09,1756200.0,4.43
283,ACC00000283,6990,Savings,Active,2025-08-17,0.0,3.17
284,ACC00000284,2568,Salary,Active,2020-06-24,0.0,3.6
285,ACC00000285,3152,Savings,Closed,2023-01-08,0.0,3.51
286,ACC00000286,4579,Loan,Active,2024-02-19,791400.0,8.51
287,ACC00000287,3160,Savings,Active,2019-04-18,0.0,4.13
288,ACC00000288,2619,Savings,Active,2018-04-28,0.0,3.06
289,ACC00000289,7943,Salary,Active,2023-08-28,0.0,3.27
290,ACC00000290,5629,Salary,Active,2023-10-21,0.0,4.74
291,ACC00000291,7853,Savings,Active,2018-04-24,0.0,3.0
292,ACC00000292,9472,Salary,Active,2019-11-11,0.0,3.2
293,ACC00000293,6810,Savings,Active,2022-07-08,0.0,4.33
294,ACC00000294,8386,Savings,Active,2020-04-19,0.0,3.03
295,ACC00000295,380,Savings,Active,2018-01-27,0.0,3.87
296,ACC00000296,6197,Current,Active,2023-08-01,786400.0,3.22
297,ACC00000297,679,Loan,Dormant,2022-07-26,1825100.0,11.14
298,ACC00000298,620,Current,Active,2020-12-07,1597400.0,4.56
299,ACC00000299,2700,Current,Active,2022-10-24,440000.0,3.13
300,ACC00000300,9856,Fixed Deposit,Dormant,2018-12-17,0.0,6.13
301,ACC00000301,3555,Loan,Active,2018-03-28,1518800.0,11.84
302,ACC00000302,6322,Savings,Closed,2020-04-21,0.0,4.75
303,ACC00000303,8616,Savings,Active,2022-10-03,0.0,3.99
304,ACC00000304,6738,Salary,Active,2020-05-18,0.0,3.87
305,ACC00000305,213,Current,Dormant,2023-09-20,323800.0,2.67
306,ACC00000306,3536,Savings,Active,2018-06-18,0.0,2.84
307,ACC00000307,2949,Fixed Deposit,Active,2023-08-18,0.0,6.97
308,ACC00000308,2432,Current,Active,2019-02-22,832000.0,2.51
309,ACC00000309,172,Savings,Active,2023-01-23,0.0,3.52
310,ACC00000310,6313,Savings,Active,2024-01-01,0.0,3.85
311,ACC00000311,1633,Fixed Deposit,Active,2019-05-29,0.0,5.57
312,ACC00000312,6879,Savings,Active,2021-07-28,0.0,3.22
313,ACC00000313,8533,Fixed Deposit,Active,2023-02-19,0.0,6.4
314,ACC00000314,5066,Loan,Active,2019-09-25,1543900.0,8.82
315,ACC00000315,7115,Savings,Active,2018-04-10,0.0,3.9
316,ACC00000316,4246,Savings,Dormant,2024-12-14,0.0,3.05
317,ACC00000317,9817,Savings,Active,2020-06-26,0.0,4.46
318,ACC00000318,6108,Savings,Active,2019-10-18,0.0,3.68
319,ACC00000319,8882,Salary,Dormant,2018-09-08,0.0,3.02
320,ACC00000320,9940,Savings,Dormant,2018-11-19,0.0,4.33
321,ACC00000321,6110,Fixed Deposit,Active,2021-04-22,0.0,7.87
322,ACC00000322,4255,Current,Active,2020-12-19,71300.0,4.64
323,ACC00000323,7053,Loan,Active,2024-09-02,865200.0,11.37
324,ACC00000324,2099,Loan,Active,2025-08-25,1603300.0,13.4
325,ACC00000325,1784,Fixed Deposit,Active,2020-06-03,0.0,8.22
326,ACC00000326,3873,Savings,Active,2022-06-09,0.0,4.8
327,ACC00000327,2921,Current,Blocked,2020-11-06,1841300.0,3.5
328,ACC00000328,20,Loan,Active,2025-07-26,1352800.0,11.99
329,ACC00000329,9166,Salary,Active,2025-03-23,0.0,4.93
330,ACC00000330,72,Savings,Dormant,2018-03-29,0.0,4.9
331,ACC00000331,2790,Fixed Deposit,Active,2020-03-27,0.0,7.06
332,ACC00000332,2378,Savings,Active,2024-05-11,0.0,3.07
333,ACC00000333,3705,Loan,Active,2021-03-28,730900.0,10.69
334,ACC00000334,1000,Savings,Active,2024-01-20,0.0,3.64
335,ACC00000335,1678,Salary,Active,2021-12-15,0.0,4.54
336,ACC00000336,62,Salary,Active,2025-01-17,0.0,4.83
337,ACC00000337,6323,Current,Active,2020-08-17,1299500.0,4.12
338,ACC00000338,5838,Current,Active,2024-07-14,634600.0,4.6
339,ACC00000339,5830,Current,Active,2023-07-23,923900.0,3.55
340,ACC00000340,127,Salary,Blocked,2019-05-14,0.0,4.52
341,ACC00000341,3665,Salary,Active,2021-11-09,0.0,2.93
342,ACC00000342,6653,Savings,Active,2021-12-02,0.0,2.53
343,ACC00000343,1884,Savings,Active,2018-06-14,0.0,3.92
344,ACC00000344,5926,Salary,Active,2020-04-04,0.0,4.04
345,ACC00000345,5263,Savings,Closed,2021-01-09,0.0,3.6
346,ACC00000346,3620,Loan,Active,2018-04-19,1089400.0,11.74
347,ACC00000347,4105,Fixed Deposit,Active,2018-06-21,0.0,6.61
348,ACC00000348,2796,Current,Active,2020-04-03,1532400.0,2.68
349,ACC00000349,1261,Current,Active,2021-09-21,1387400.0,3.31
350,ACC00000350,5942,Savings,Active,2023-08-11,0.0,4.36
351,ACC00000351,8337,Savings,Active,2021-03-02,0.0,4.42
352,ACC00000352,6137,Current,Active,2024-12-16,1623400.0,3.79
353,ACC00000353,5716,Loan,Active,2019-11-30,1182300.0,11.9
354,ACC00000354,4090,Savings,Active,2023-09-07,0.0,3.21
355,ACC00000355,9741,Current,Active,2024-03-12,898400.0,3.4
356,ACC00000356,1995,Loan,Active,2022-01-13,332900.0,9.91
357,ACC00000357,8819,Loan,Active,2020-03-07,103800.0,8.2
358,ACC00000358,8668,Current,Active,2021-07-15,1984700.0,3.19
359,ACC00000359,2312,Savings,Active,2020-06-23,0.0,3.7
360,ACC00000360,8596,Savings,Active,2021-01-24,0.0,3.4
361,ACC00000361,4295,Salary,Active,2021-01-02,0.0,4.31
362,ACC00000362,556,Savings,Closed,2024-08-28,0.0,5.0
363,ACC00000363,5601,Salary,Dormant,2019-07-16,0.0,2.59
364,ACC00000364,9395,Current,Dormant,2024-03-05,1326400.0,3.93
365,ACC00000365,7627,Savings,Active,2019-09-13,0.0,3.05
366,ACC00000366,1141,Savings,Active,2021-09-23,0.0,3.73
367,ACC00000367,2807,Salary,Active,2018-05-22,0.0,3.69
368,ACC00000368,9630,Savings,Active,2021-03-14,0.0,4.19
369,ACC00000369,3565,Current,Active,2025-12-09,486000.0,4.4
370,ACC00000370,7508,Current,Active,2022-11-23,566300.0,4.25
371,ACC00000371,613,Salary,Active,2020-01-15,0.0,3.37
372,ACC00000372,7690,Savings,Active,2018-04-08,0.0,2.62
373,ACC00000373,3806,Loan,Blocked,2024-04-29,1392600.0,12.37
374,ACC00000374,4498,Fixed Deposit,Active,2023-12-21,0.0,5.94
375,ACC00000375,281,Fixed Deposit,Closed,2022-06-02,0.0,6.99
376,ACC00000376,5735,Savings,Active,2023-04-03,0.0,4.24
377,ACC00000377,162,Loan,Blocked,2025-10-15,1840600.0,7.75
378,ACC00000378,44,Current,Active,2022-07-26,309600.0,4.2
379,ACC00000379,6390,Loan,Active,2020-06-26,115900.0,13.36
380,ACC00000380,5599,Fixed Deposit,Active,2025-04-24,0.0,6.1
381,ACC00000381,1626,Fixed Deposit,Active,2021-08-22,0.0,7.6
382,ACC00000382,7020,Salary,Closed,2022-12-01,0.0,2.62
383,ACC00000383,7364,Savings,Active,2019-01-20,0.0,3.79
384,ACC00000384,1940,Loan,Active,2022-02-28,439400.0,7.73
385,ACC00000385,5448,Savings,Active,2023-01-14,0.0,2.84
386,ACC00000386,9986,Loan,Dormant,2020-07-09,1612100.0,11.68
387,ACC00000387,2546,Fixed Deposit,Active,2020-05-21,0.0,5.86
388,ACC00000388,7323,Fixed Deposit,Active,2021-03-10,0.0,6.41
389,ACC00000389,1826,Savings,Dormant,2018-03-27,0.0,3.23
390,ACC00000390,823,Current,Active,2019-09-11,1321500.0,3.53
391,ACC00000391,7332,Savings,Active,2025-06-04,0.0,4.58
392,ACC00000392,469,Fixed Deposit,Active,2024-05-28,0.0,7.33
393,ACC00000393,2263,Salary,Active,2021-01-19,0.0,4.94
394,ACC00000394,2667,Salary,Active,2020-03-14,0.0,2.83
395,ACC00000395,6213,Loan,Closed,2021-06-11,1504900.0,9.29
396,ACC00000396,5224,Savings,Active,2025-01-14,0.0,3.65
397,ACC00000397,8513,Savings,Active,2021-03-26,0.0,3.0
398,ACC00000398,7765,Savings,Active,2024-10-05,0.0,2.64
399,ACC00000399,940,Savings,Active,2023-08-07,0.0,4.71
400,ACC00000400,2347,Savings,Active,2018-06-13,0.0,3.3
401,ACC00000401,3146,Current,Active,2020-04-23,1632900.0,3.92
402,ACC00000402,6421,Current,Active,2025-10-06,384000.0,2.96
403,ACC00000403,8333,Loan,Dormant,2025-02-06,1038700.0,11.96
404,ACC00000404,7276,Savings,Active,2023-01-26,0.0,2.76
405,ACC00000405,9074,Savings,Active,2019-05-19,0.0,4.27
406,ACC00000406,9718,Fixed Deposit,Active,2023-05-10,0.0,6.57
407,ACC00000407,1052,Savings,Closed,2021-05-26,0.0,3.98
408,ACC00000408,4254,Savings,Active,2019-07-10,0.0,4.21
409,ACC00000409,5226,Salary,Active,2018-02-28,0.0,3.15
410,ACC00000410,9018,Savings,Active,2019-07-13,0.0,4.0
411,ACC00000411,1370,Savings,Active,2020-07-22,0.0,2.59
412,ACC00000412,5294,Salary,Closed,2024-05-03,0.0,3.14
413,ACC00000413,6681,Savings,Active,2023-06-24,0.0,4.07
414,ACC00000414,6804,Savings,Active,2018-04-20,0.0,3.61
415,ACC00000415,6833,Salary,Active,2018-07-14,0.0,2.55
416,ACC00000416,5074,Current,Active,2024-06-01,1849700.0,3.98
417,ACC00000417,4967,Fixed Deposit,Active,2024-08-12,0.0,8.02
418,ACC00000418,4258,Savings,Active,2021-09-20,0.0,2.5
419,ACC00000419,1418,Current,Active,2024-12-08,670000.0,4.22
420,ACC00000420,8481,Savings,Active,2020-08-10,0.0,3.06
421,ACC00000421,3699,Savings,Active,2023-06-09,0.0,2.76
422,ACC00000422,5047,Savings,Active,2018-06-07,0.0,3.84
423,ACC00000423,3987,Salary,Active,2024-08-13,0.0,4.09
424,ACC00000424,2737,Current,Active,2022-11-23,1968800.0,2.64
425,ACC00000425,6083,Savings,Active,2023-02-17,0.0,2.59
426,ACC00000426,8222,Savings,Active,2025-07-03,0.0,4.62
427,ACC00000427,211,Savings,Active,2018-02-08,0.0,2.67
428,ACC00000428,1516,Loan,Blocked,2021-12-17,1676100.0,14.31
429,ACC00000429,3022,Salary,Active,2025-03-17,0.0,3.24
430,ACC00000430,6431,Loan,Active,2019-03-13,381500.0,10.8
431,ACC00000431,4373,Current,Active,2018-11-25,305300.0,3.99
432,ACC00000432,7166,Fixed Deposit,Active,2021-08-28,0.0,5.72
433,ACC00000433,4531,Salary,Active,2021-07-27,0.0,2.67
434,ACC00000434,408,Savings,Active,2025-02-20,0.0,3.6
435,ACC00000435,2277,Salary,Active,2022-05-08,0.0,4.3
436,ACC00000436,7401,Current,Active,2023-09-23,751400.0,4.28
437,ACC00000437,6754,Savings,Active,2020-07-21,0.0,4.23
438,ACC00000438,1711,Savings,Active,2020-03-30,0.0,4.73
439,ACC00000439,826,Savings,Active,2019-05-25,0.0,3.2
440,ACC00000440,5546,Current,Active,2022-03-27,1227400.0,2.88
441,ACC00000441,8588,Current,Active,2020-12-14,1319400.0,3.02
442,ACC00000442,3753,Current,Active,2018-11-27,724500.0,3.51
443,ACC00000443,9788,Current,Dormant,2021-02-01,1858400.0,2.93
444,ACC00000444,8973,Savings,Active,2024-10-15,0.0,4.71
445,ACC00000445,9301,Savings,Active,2020-03-28,0.0,3.52
446,ACC00000446,8693,Savings,Active,2022-06-13,0.0,4.93
447,ACC00000447,3313,Current,Active,2024-08-14,572400.0,4.55
448,ACC00000448,7950,Salary,Active,2025-10-11,0.0,3.87
449,ACC00000449,5739,Salary,Active,2021-09-24,0.0,3.7
450,ACC00000450,230,Loan,Active,2022-12-16,1797600.0,8.58
451,ACC00000451,246,Savings,Active,2024-08-08,0.0,4.65
452,ACC00000452,8293,Savings,Active,2021-05-25,0.0,3.44
453,ACC00000453,2857,Savings,Active,2018-11-23,0.0,3.74
454,ACC00000454,7146,Salary,Active,2021-03-13,0.0,2.9
455,ACC00000455,7788,Savings,Active,2019-02-15,0.0,2.66
456,ACC00000456,3001,Fixed Deposit,Active,2019-06-29,0.0,6.82
457,ACC00000457,9886,Fixed Deposit,Active,2023-11-24,0.0,8.14
458,ACC00000458,9261,Current,Active,2025-09-29,1077600.0,4.91
459,ACC00000459,4170,Salary,Active,2018-07-26,0.0,3.17
460,ACC00000460,257,Fixed Deposit,Active,2019-10-20,0.0,6.33
461,ACC00000461,1127,Salary,Active,2024-07-02,0.0,3.79
462,ACC00000462,9308,Savings,Active,2025-06-30,0.0,2.92
463,ACC00000463,7926,Savings,Active,2020-10-20,0.0,4.85
464,ACC00000464,9453,Savings,Active,2025-10-20,0.0,4.88
465,ACC00000465,5726,Loan,Active,2023-12-30,491400.0,11.65
466,ACC00000466,4180,Savings,Active,2020-02-27,0.0,3.85
467,ACC00000467,5044,Savings,Active,2022-06-10,0.0,3.22
468,ACC00000468,8724,Savings,Active,2024-05-24,0.0,4.18
469,ACC00000469,4095,Fixed Deposit,Active,2023-01-06,0.0,6.33
470,ACC00000470,858,Current,Dormant,2022-11-08,485100.0,2.85
471,ACC00000471,7329,Savings,Active,2025-06-20,0.0,4.2
472,ACC00000472,7487,Loan,Active,2024-10-02,945600.0,13.3
473,ACC00000473,5252,Fixed Deposit,Dormant,2018-09-25,0.0,7.65
474,ACC00000474,8077,Savings,Active,2023-09-15,0.0,3.87
475,ACC00000475,3619,Fixed Deposit,Active,2020-02-20,0.0,8.05
476,ACC00000476,2141,Fixed Deposit,Active,2023-11-26,0.0,8.09
477,ACC00000477,3033,Salary,Active,2019-07-17,0.0,3.35
478,ACC00000478,2360,Savings,Active,2023-03-19,0.0,3.8
479,ACC00000479,5771,Savings,Active,2022-04-11,0.0,2.96
480,ACC00000480,2781,Current,Active,2022-11-18,1719800.0,3.23
481,ACC00000481,4694,Current,Active,2022-02-24,925100.0,3.91
482,ACC00000482,2678,Current,Dormant,2025-03-20,1914500.0,4.97
483,ACC00000483,5794,Savings,Active,2018-10-26,0.0,3.63
484,ACC00000484,4718,Savings,Active,2020-10-14,0.0,3.37
485,ACC00000485,6987,Current,Active,2022-09-20,504900.0,2.95
486,ACC00000486,5212,Current,Active,2021-10-25,1038700.0,4.17
487,ACC00000487,463,Loan,Active,2022-08-25,966300.0,13.53
488,ACC00000488,1343,Salary,Active,2019-02-19,0.0,3.95
489,ACC00000489,621,Salary,Active,2022-02-15,0.0,2.59
490,ACC00000490,1511,Savings,Active,2020-01-26,0.0,4.31
491,ACC00000491,4007,Fixed Deposit,Active,2019-06-24,0.0,6.85
492,ACC00000492,917,Savings,Active,2019-07-08,0.0,2.63
493,ACC00000493,5028,Loan,Active,2022-09-23,1657800.0,8.7
494,ACC00000494,5972,Fixed Deposit,Active,2022-01-07,0.0,7.67
495,ACC00000495,7927,Savings,Active,2024-06-15,0.0,2.81
496,ACC00000496,5743,Fixed Deposit,Closed,2022-07-10,0.0,6.52
497,ACC00000497,3483,Current,Dormant,2025-11-03,270700.0,4.6
498,ACC00000498,775,Current,Active,2018-07-15,1897400.0,2.56
499,ACC00000499,1242,Loan,Active,2022-09-03,463400.0,12.02
500,ACC00000500,5086,Salary,Dormant,2019-10-04,0.0,4.16
501,ACC00000501,936,Savings,Active,2019-04-07,0.0,2.96
502,ACC00000502,9530,Salary,Closed,2018-07-21,0.0,4.45
503,ACC00000503,3530,Savings,Dormant,2024-09-17,0.0,3.27
504,ACC00000504,4900,Loan,Active,2021-04-20,469700.0,7.5
505,ACC00000505,300,Savings,Active,2019-04-16,0.0,2.69
506,ACC00000506,2045,Current,Dormant,2024-08-04,838000.0,3.53
507,ACC00000507,6171,Fixed Deposit,Active,2023-04-27,0.0,7.57
508,ACC00000508,6792,Loan,Active,2021-04-25,925600.0,13.13
509,ACC00000509,5978,Savings,Active,2021-05-03,0.0,3.86
510,ACC00000510,2687,Savings,Active,2019-05-09,0.0,3.11
511,ACC00000511,73,Fixed Deposit,Active,2021-08-05,0.0,8.19
512,ACC00000512,9247,Fixed Deposit,Active,2018-06-26,0.0,6.37
513,ACC00000513,9607,Current,Active,2022-11-11,694000.0,2.55
514,ACC00000514,4295,Savings,Active,2018-05-29,0.0,2.84
515,ACC00000515,2429,Savings,Dormant,2020-04-09,0.0,3.21
516,ACC00000516,6581,Current,Active,2021-07-28,195300.0,4.19
517,ACC00000517,8052,Savings,Active,2019-01-17,0.0,4.13
518,ACC00000518,6288,Savings,Active,2025-10-09,0.0,3.77
519,ACC00000519,4810,Fixed Deposit,Active,2020-09-19,0.0,6.61
520,ACC00000520,7576,Savings,Active,2023-02-22,0.0,3.69
521,ACC00000521,7498,Savings,Active,2021-02-22,0.0,3.84
522,ACC00000522,2222,Savings,Active,2022-01-27,0.0,4.22
523,ACC00000523,3997,Savings,Active,2021-09-06,0.0,4.3
524,ACC00000524,8425,Salary,Active,2020-12-20,0.0,4.71
525,ACC00000525,1459,Current,Active,2025-02-06,1006600.0,3.41
526,ACC00000526,3795,Loan,Active,2025-05-01,1800400.0,9.17
527,ACC00000527,3573,Savings,Active,2022-12-30,0.0,3.42
528,ACC00000528,1566,Loan,Active,2019-12-31,1257100.0,12.98
529,ACC00000529,3362,Current,Active,2020-11-10,1406600.0,3.87
530,ACC00000530,1756,Current,Active,2018-05-24,347800.0,4.6
531,ACC00000531,7156,Savings,Active,2021-03-15,0.0,2.88
532,ACC00000532,8139,Loan,Active,2023-07-29,425100.0,12.93
533,ACC00000533,4102,Savings,Active,2021-07-16,0.0,3.88
534,ACC00000534,8795,Current,Blocked,2024-05-04,429400.0,3.65
535,ACC00000535,8043,Loan,Closed,2022-04-16,404200.0,13.1
536,ACC00000536,7681,Fixed Deposit,Active,2023-08-25,0.0,6.69
537,ACC00000537,3524,Savings,Active,2021-04-14,0.0,4.56
538,ACC00000538,23,Fixed Deposit,Closed,2019-01-14,0.0,7.94
539,ACC00000539,3267,Salary,Active,2021-08-23,0.0,3.32
540,ACC00000540,8172,Savings,Active,2022-08-06,0.0,4.1
541,ACC00000541,7253,Current,Active,2025-12-29,1452900.0,3.45
542,ACC00000542,579,Savings,Active,2019-06-02,0.0,3.52
543,ACC00000543,5419,Salary,Active,2024-05-20,0.0,4.72
544,ACC00000544,8072,Salary,Active,2025-08-20,0.0,3.34
545,ACC00000545,5491,Salary,Active,2020-08-13,0.0,4.79
546,ACC00000546,7778,Current,Dormant,2025-08-07,278900.0,4.59
547,ACC00000547,5352,Loan,Active,2021-05-18,652500.0,10.35
548,ACC00000548,7706,Savings,Active,2021-05-30,0.0,2.89
549,ACC00000549,5280,Salary,Active,2019-05-10,0.0,2.74
550,ACC00000550,4139,Savings,Active,2025-01-05,0.0,2.59
551,ACC00000551,1136,Savings,Dormant,2022-08-07,0.0,4.83
552,ACC00000552,747,Savings,Active,2019-04-01,0.0,2.5
553,ACC00000553,7626,Current,Active,2021-07-20,59400.0,2.52
554,ACC00000554,9611,Savings,Active,2018-08-30,0.0,3.09
555,ACC00000555,4575,Savings,Active,2021-11-03,0.0,4.05
556,ACC00000556,7728,Savings,Active,2020-01-19,0.0,2.7
557,ACC00000557,2950,Savings,Active,2018-09-08,0.0,3.67
558,ACC00000558,4337,Loan,Dormant,2023-04-12,507000.0,10.22
559,ACC00000559,7295,Current,Active,2022-08-08,303200.0,4.05
560,ACC00000560,633,Savings,Active,2021-02-15,0.0,3.78
561,ACC00000561,7094,Loan,Active,2025-03-28,1298900.0,8.33
562,ACC00000562,7651,Salary,Active,2023-11-19,0.0,4.44
563,ACC00000563,7522,Current,Active,2022-01-21,192000.0,3.03
564,ACC00000564,4434,Loan,Active,2022-05-26,1470700.0,9.32
565,ACC00000565,8791,Fixed Deposit,Active,2020-02-11,0.0,5.85
566,ACC00000566,6558,Current,Active,2018-05-21,667100.0,3.04
567,ACC00000567,3203,Savings,Active,2021-09-29,0.0,2.51
568,ACC00000568,9088,Savings,Dormant,2021-11-04,0.0,2.91
569,ACC00000569,7935,Fixed Deposit,Active,2023-05-06,0.0,6.51
570,ACC00000570,7229,Savings,Active,2020-12-25,0.0,2.89
571,ACC00000571,8079,Savings,Active,2022-08-12,0.0,3.55
572,ACC00000572,7909,Current,Active,2022-10-29,834700.0,4.53
573,ACC00000573,1283,Fixed Deposit,Active,2019-05-19,0.0,7.35
574,ACC00000574,9155,Loan,Closed,2018-05-16,1610100.0,7.71
575,ACC00000575,7837,Savings,Active,2022-08-15,0.0,4.15
576,ACC00000576,1311,Loan,Active,2024-01-23,396700.0,10.47
577,ACC00000577,5319,Savings,Active,2023-11-20,0.0,3.83
578,ACC00000578,4663,Salary,Active,2021-11-02,0.0,2.64
579,ACC00000579,9163,Savings,Active,2024-02-27,0.0,3.81
580,ACC00000580,6128,Salary,Active,2021-06-22,0.0,4.36
581,ACC00000581,9084,Salary,Active,2024-11-16,0.0,2.59
582,ACC00000582,2276,Savings,Active,2022-08-07,0.0,4.68
583,ACC00000583,8107,Savings,Active,2024-02-22,0.0,4.26
584,ACC00000584,8040,Savings,Closed,2024-01-29,0.0,4.36
585,ACC00000585,6097,Salary,Active,2019-11-18,0.0,3.45
586,ACC00000586,8056,Loan,Active,2025-11-13,61300.0,13.96
587,ACC00000587,5682,Current,Active,2022-01-04,277800.0,3.53
588,ACC00000588,6836,Current,Active,2025-08-08,1007900.0,4.29
589,ACC00000589,5460,Savings,Active,2024-07-03,0.0,2.92
590,ACC00000590,9414,Salary,Active,2021-01-23,0.0,2.71
591,ACC00000591,9169,Fixed Deposit,Active,2024-02-18,0.0,6.23
592,ACC00000592,1197,Savings,Active,2023-11-10,0.0,4.58
593,ACC00000593,7393,Savings,Active,2020-10-24,0.0,2.98
594,ACC00000594,8804,Current,Active,2024-02-16,1347700.0,4.3
595,ACC00000595,8816,Savings,Dormant,2022-09-22,0.0,3.29
596,ACC00000596,6163,Savings,Closed,2024-01-27,0.0,3.3
597,ACC00000597,5765,Current,Dormant,2023-03-23,1230500.0,2.93
598,ACC00000598,9642,Fixed Deposit,Active,2024-06-29,0.0,6.02
599,ACC00000599,3614,Current,Dormant,2023-01-30,1861900.0,3.89
600,ACC00000600,3905,Savings,Active,2024-04-04,0.0,3.85
601,ACC00000601,1830,Savings,Active,2023-04-17,0.0,2.8
602,ACC00000602,5259,Savings,Active,2018-06-06,0.0,3.17
603,ACC00000603,7453,Current,Active,2023-03-09,159000.0,3.53
604,ACC00000604,1806,Fixed Deposit,Active,2023-05-17,0.0,8.14
605,ACC00000605,5850,Savings,Closed,2024-07-28,0.0,3.92
606,ACC00000606,482,Savings,Active,2019-01-03,0.0,3.78
607,ACC00000607,6730,Savings,Active,2020-06-02,0.0,4.25
608,ACC00000608,3305,Savings,Closed,2022-09-27,0.0,4.85
609,ACC00000609,3305,Current,Active,2021-06-09,526100.0,4.79
610,ACC00000610,3033,Savings,Active,2019-08-18,0.0,3.9
611,ACC00000611,2826,Fixed Deposit,Active,2022-07-01,0.0,7.83
612,ACC00000612,2087,Salary,Dormant,2018-03-18,0.0,3.25
613,ACC00000613,7228,Salary,Active,2025-05-25,0.0,3.32
614,ACC00000614,2656,Loan,Active,2021-09-02,1331700.0,12.29
615,ACC00000615,226,Fixed Deposit,Active,2025-07-19,0.0,7.04
616,ACC00000616,2967,Savings,Active,2024-10-24,0.0,2.75
617,ACC00000617,2528,Salary,Active,2022-09-05,0.0,3.59
618,ACC00000618,6550,Current,Active,2025-01-07,153900.0,2.82
619,ACC00000619,7126,Savings,Active,2023-05-09,0.0,4.58
620,ACC00000620,2391,Savings,Active,2019-11-19,0.0,3.86
621,ACC00000621,6867,Savings,Closed,2021-06-11,0.0,4.37
622,ACC00000622,2838,Fixed Deposit,Active,2020-08-14,0.0,6.33
623,ACC00000623,7102,Savings,Active,2023-11-24,0.0,3.37
624,ACC00000624,5854,Savings,Active,2024-02-26,0.0,2.69
625,ACC00000625,5142,Salary,Active,2021-03-06,0.0,4.67
626,ACC00000626,639,Fixed Deposit,Active,2021-10-29,0.0,7.42
627,ACC00000627,1916,Current,Active,2023-12-15,846500.0,3.5
628,ACC00000628,26,Savings,Active,2018-05-01,0.0,4.95
629,ACC00000629,7684,Savings,Active,2021-12-15,0.0,2.99
630,ACC00000630,9904,Current,Active,2024-10-24,1507000.0,3.32
631,ACC00000631,1581,Fixed Deposit,Dormant,2025-05-18,0.0,8.11
632,ACC00000632,387,Savings,Dormant,2025-02-07,0.0,4.19
633,ACC00000633,5853,Savings,Active,2019-02-09,0.0,3.88
634,ACC00000634,9172,Savings,Active,2018-10-18,0.0,4.58
635,ACC00000635,5250,Current,Dormant,2020-11-22,909000.0,3.07
636,ACC00000636,9144,Savings,Closed,2024-01-03,0.0,4.83
637,ACC00000637,4581,Fixed Deposit,Active,2025-07-30,0.0,5.76
638,ACC00000638,8129,Fixed Deposit,Dormant,2018-12-29,0.0,6.92
639,ACC00000639,8303,Savings,Dormant,2018-03-20,0.0,4.04
640,ACC00000640,7402,Fixed Deposit,Active,2020-12-16,0.0,6.44
641,ACC00000641,6034,Salary,Active,2024-01-13,0.0,3.77
642,ACC00000642,8758,Loan,Active,2021-09-22,556200.0,13.55
643,ACC00000643,4991,Savings,Active,2021-07-31,0.0,2.68
644,ACC00000644,4761,Fixed Deposit,Active,2018-02-20,0.0,6.22
645,ACC00000645,9969,Savings,Active,2020-11-05,0.0,3.69
646,ACC00000646,2239,Salary,Active,2022-10-13,0.0,4.72
647,ACC00000647,7055,Savings,Active,2024-11-17,0.0,4.72
648,ACC00000648,5934,Salary,Active,2018-08-24,0.0,3.17
649,ACC00000649,3098,Savings,Active,2024-12-12,0.0,4.25
650,ACC00000650,4206,Salary,Active,2023-07-26,0.0,4.95
651,ACC00000651,8084,Savings,Active,2024-10-12,0.0,3.06
652,ACC00000652,2499,Savings,Active,2025-03-06,0.0,3.07
653,ACC00000653,8981,Current,Active,2022-04-04,628500.0,2.65
654,ACC00000654,2722,Savings,Active,2020-12-24,0.0,4.2
655,ACC00000655,1012,Savings,Active,2018-02-26,0.0,4.37
656,ACC00000656,1525,Savings,Active,2019-03-04,0.0,4.3
657,ACC00000657,3609,Loan,Active,2020-01-10,968800.0,10.89
658,ACC00000658,4289,Fixed Deposit,Active,2021-07-17,0.0,8.08
659,ACC00000659,6944,Savings,Active,2024-06-30,0.0,3.81
660,ACC00000660,8960,Savings,Active,2019-12-17,0.0,4.35
661,ACC00000661,1391,Savings,Active,2023-03-21,0.0,2.96
662,ACC00000662,5283,Fixed Deposit,Active,2024-01-08,0.0,8.18
663,ACC00000663,3000,Salary,Closed,2018-11-16,0.0,4.82
664,ACC00000664,4368,Current,Blocked,2025-11-27,1878300.0,2.75
665,ACC00000665,8736,Savings,Active,2022-08-14,0.0,3.37
666,ACC00000666,5359,Savings,Active,2019-07-07,0.0,3.74
667,ACC00000667,7557,Current,Active,2020-12-11,875800.0,4.36
668,ACC00000668,5130,Salary,Active,2020-06-07,0.0,4.92
669,ACC00000669,328,Savings,Active,2018-07-05,0.0,2.95
670,ACC00000670,5711,Current,Active,2025-12-18,1354000.0,4.05
671,ACC00000671,5908,Savings,Active,2018-08-01,0.0,3.7
672,ACC00000672,4441,Current,Active,2023-07-02,1082800.0,3.38
673,ACC00000673,6234,Salary,Active,2019-02-25,0.0,2.91
674,ACC00000674,2500,Loan,Active,2020-06-22,263400.0,12.62
675,ACC00000675,1866,Current,Active,2023-11-06,221600.0,3.57
676,ACC00000676,4669,Savings,Active,2020-07-11,0.0,3.8
677,ACC00000677,6543,Salary,Active,2021-12-13,0.0,3.81
678,ACC00000678,4768,Salary,Active,2020-07-30,0.0,4.06
679,ACC00000679,9312,Salary,Dormant,2023-07-15,0.0,4.92
680,ACC00000680,2838,Current,Active,2020-06-17,1597100.0,3.03
681,ACC00000681,7692,Savings,Active,2022-12-07,0.0,3.3
682,ACC00000682,2880,Salary,Active,2019-09-18,0.0,3.19
683,ACC00000683,6987,Loan,Blocked,2024-01-25,1538600.0,14.31
684,ACC00000684,3416,Current,Closed,2023-08-01,624000.0,3.41
685,ACC00000685,4843,Savings,Closed,2020-09-07,0.0,4.46
686,ACC00000686,6765,Savings,Active,2019-11-26,0.0,2.97
687,ACC00000687,2355,Savings,Blocked,2022-06-16,0.0,3.36
688,ACC00000688,9843,Salary,Active,2021-11-14,0.0,4.21
689,ACC00000689,6372,Salary,Closed,2025-10-15,0.0,4.76
690,ACC00000690,5349,Savings,Active,2023-04-30,0.0,4.7
691,ACC00000691,387,Salary,Blocked,2021-12-16,0.0,3.33
692,ACC00000692,7539,Savings,Active,2024-06-24,0.0,2.8
693,ACC00000693,7516,Fixed Deposit,Active,2020-03-05,0.0,5.99
694,ACC00000694,6970,Savings,Closed,2021-05-17,0.0,2.66
695,ACC00000695,7725,Fixed Deposit,Blocked,2018-08-16,0.0,7.78
696,ACC00000696,24,Salary,Active,2020-03-19,0.0,4.79
697,ACC00000697,4019,Salary,Active,2025-12-16,0.0,4.66
698,ACC00000698,6661,Savings,Active,2023-10-31,0.0,4.51
699,ACC00000699,5713,Current,Active,2024-01-07,121500.0,4.23
700,ACC00000700,178,Savings,Active,2019-05-08,0.0,3.65
701,ACC00000701,4556,Savings,Active,2020-07-19,0.0,3.3
702,ACC00000702,6546,Savings,Active,2018-07-25,0.0,3.98
703,ACC00000703,9402,Savings,Active,2023-11-27,0.0,3.57
704,ACC00000704,7071,Current,Blocked,2020-05-03,773000.0,4.04
705,ACC00000705,6647,Savings,Active,2024-12-21,0.0,2.99
706,ACC00000706,9378,Salary,Closed,2020-02-24,0.0,4.54
707,ACC00000707,8032,Savings,Active,2019-03-23,0.0,3.77
708,ACC00000708,9674,Savings,Active,2021-06-13,0.0,3.99
709,ACC00000709,2915,Current,Active,2022-01-09,183400.0,4.49
710,ACC00000710,9295,Savings,Active,2019-06-25,0.0,3.12
711,ACC00000711,7451,Fixed Deposit,Active,2023-09-02,0.0,8.23
712,ACC00000712,2587,Savings,Active,2020-07-28,0.0,2.82
713,ACC00000713,7543,Savings,Active,2020-09-04,0.0,3.62
714,ACC00000714,8577,Salary,Blocked,2021-08-26,0.0,4.15
715,ACC00000715,5196,Fixed Deposit,Closed,2025-04-09,0.0,7.72
716,ACC00000716,6551,Salary,Active,2025-04-23,0.0,4.29
717,ACC00000717,9982,Fixed Deposit,Active,2023-11-25,0.0,6.93
718,ACC00000718,4916,Loan,Active,2025-07-07,1046300.0,7.54
719,ACC00000719,953,Savings,Active,2023-02-03,0.0,3.96
720,ACC00000720,599,Savings,Active,2025-06-17,0.0,4.91
721,ACC00000721,4019,Savings,Active,2018-05-22,0.0,4.25
722,ACC00000722,2003,Savings,Blocked,2018-11-24,0.0,3.69
723,ACC00000723,2171,Savings,Active,2024-02-22,0.0,3.62
724,ACC00000724,9684,Savings,Closed,2018-02-18,0.0,2.98
725,ACC00000725,8447,Savings,Dormant,2019-07-06,0.0,4.72
726,ACC00000726,6989,Salary,Active,2020-09-21,0.0,4.97
727,ACC00000727,8476,Current,Active,2024-09-18,1628100.0,2.96
728,ACC00000728,6910,Loan,Active,2024-04-30,372300.0,13.27
729,ACC00000729,6614,Savings,Active,2023-03-21,0.0,3.25
730,ACC00000730,3240,Salary,Active,2021-01-05,0.0,3.3
731,ACC00000731,3275,Fixed Deposit,Active,2018-02-13,0.0,8.28
732,ACC00000732,7264,Current,Active,2020-06-02,210900.0,3.06
733,ACC00000733,2776,Loan,Active,2021-09-29,1295600.0,13.24
734,ACC00000734,4712,Savings,Active,2019-09-04,0.0,3.17
735,ACC00000735,3456,Current,Active,2019-10-21,1382000.0,4.42
736,ACC00000736,1082,Savings,Active,2021-12-11,0.0,3.41
737,ACC00000737,5054,Loan,Active,2019-09-07,208100.0,8.24
738,ACC00000738,5805,Loan,Active,2020-06-24,1667300.0,9.1
739,ACC00000739,8832,Savings,Active,2024-09-09,0.0,2.67
740,ACC00000740,6479,Savings,Active,2024-10-14,0.0,4.31
741,ACC00000741,7149,Savings,Active,2024-12-09,0.0,3.94
742,ACC00000742,783,Fixed Deposit,Active,2021-10-31,0.0,6.57
743,ACC00000743,1342,Loan,Active,2024-01-03,766000.0,13.27
744,ACC00000744,9382,Fixed Deposit,Dormant,2024-06-09,0.0,5.85
745,ACC00000745,5107,Savings,Dormant,2024-01-10,0.0,2.93
746,ACC00000746,620,Savings,Closed,2018-03-30,0.0,3.5
747,ACC00000747,7796,Salary,Active,2018-01-27,0.0,3.76
748,ACC00000748,1368,Loan,Active,2024-02-24,916900.0,11.2
749,ACC00000749,9927,Savings,Active,2018-12-07,0.0,3.74
750,ACC00000750,715,Savings,Active,2020-12-05,0.0,2.71
751,ACC00000751,967,Savings,Active,2018-04-23,0.0,3.37
752,ACC00000752,6946,Savings,Dormant,2024-01-17,0.0,4.12
753,ACC00000753,4297,Current,Active,2022-05-08,123600.0,4.44
754,ACC00000754,7164,Current,Blocked,2023-01-08,593300.0,3.21
755,ACC00000755,3179,Current,Active,2023-12-15,1675700.0,3.83
756,ACC00000756,2804,Fixed Deposit,Closed,2019-08-02,0.0,7.58
757,ACC00000757,7903,Salary,Active,2023-06-12,0.0,5.0
758,ACC00000758,469,Salary,Dormant,2020-11-04,0.0,4.48
759,ACC00000759,5270,Savings,Active,2023-11-05,0.0,4.54
760,ACC00000760,1341,Savings,Closed,2021-05-25,0.0,4.77
761,ACC00000761,7287,Fixed Deposit,Active,2023-08-09,0.0,6.13
762,ACC00000762,4304,Loan,Active,2021-01-07,1568400.0,10.82
763,ACC00000763,1013,Current,Active,2018-12-10,99100.0,4.49
764,ACC00000764,2068,Savings,Active,2020-09-10,0.0,3.18
765,ACC00000765,8150,Savings,Active,2025-02-17,0.0,4.95
766,ACC00000766,8550,Fixed Deposit,Closed,2019-02-12,0.0,6.56
767,ACC00000767,2733,Salary,Active,2018-06-18,0.0,3.9
768,ACC00000768,4239,Savings,Active,2022-06-22,0.0,4.02
769,ACC00000769,7305,Savings,Dormant,2018-10-16,0.0,3.78
770,ACC00000770,6757,Savings,Active,2025-01-29,0.0,3.49
771,ACC00000771,2220,Savings,Active,2025-02-27,0.0,4.71
772,ACC00000772,9871,Fixed Deposit,Active,2025-08-11,0.0,7.03
773,ACC00000773,6700,Fixed Deposit,Closed,2024-12-29,0.0,6.72
774,ACC00000774,3704,Savings,Closed,2024-11-09,0.0,5.0
775,ACC00000775,4726,Savings,Active,2020-03-02,0.0,3.03
776,ACC00000776,854,Current,Active,2023-03-02,1455600.0,3.4
777,ACC00000777,396,Current,Active,2020-09-25,391200.0,4.49
778,ACC00000778,2971,Savings,Active,2018-03-13,0.0,3.12
779,ACC00000779,9107,Fixed Deposit,Active,2024-09-13,0.0,5.87
780,ACC00000780,2019,Loan,Closed,2020-06-15,326200.0,7.82
781,ACC00000781,4857,Savings,Active,2020-07-11,0.0,2.64
782,ACC00000782,7104,Salary,Closed,2018-03-21,0.0,4.86
783,ACC00000783,2924,Current,Active,2021-09-21,1380000.0,3.74
784,ACC00000784,3122,Savings,Active,2020-07-26,0.0,4.0
785,ACC00000785,8957,Savings,Closed,2020-05-24,0.0,3.2
786,ACC00000786,8039,Current,Active,2025-03-26,60300.0,3.76
787,ACC00000787,2703,Current,Active,2023-12-17,1220000.0,4.52
788,ACC00000788,6804,Savings,Active,2020-04-15,0.0,4.51
789,ACC00000789,1369,Salary,Active,2021-06-07,0.0,3.27
790,ACC00000790,3594,Current,Active,2020-06-28,729200.0,4.23
791,ACC00000791,7792,Salary,Active,2023-09-01,0.0,4.59
792,ACC00000792,2290,Fixed Deposit,Active,2021-09-07,0.0,6.51
793,ACC00000793,2493,Current,Active,2019-08-03,304600.0,2.86
794,ACC00000794,5681,Fixed Deposit,Dormant,2025-05-17,0.0,7.26
795,ACC00000795,2097,Fixed Deposit,Closed,2023-07-09,0.0,8.49
796,ACC00000796,9210,Current,Active,2021-05-26,811700.0,4.78
797,ACC00000797,7500,Current,Active,2023-08-23,1723800.0,2.7
798,ACC00000798,1569,Savings,Active,2022-12-09,0.0,3.09
799,ACC00000799,846,Fixed Deposit,Active,2018-12-21,0.0,6.26
800,ACC00000800,4277,Savings,Closed,2024-06-12,0.0,2.85
801,ACC00000801,4886,Savings,Dormant,2022-02-20,0.0,3.99
802,ACC00000802,1245,Savings,Dormant,2024-02-07,0.0,2.55
803,ACC00000803,4738,Loan,Active,2023-12-12,121500.0,12.92
804,ACC00000804,916,Savings,Active,2021-08-11,0.0,3.18
805,ACC00000805,7173,Fixed Deposit,Active,2023-04-05,0.0,8.07
806,ACC00000806,475,Fixed Deposit,Dormant,2018-01-28,0.0,7.38
807,ACC00000807,8018,Current,Active,2021-05-22,487100.0,4.3
808,ACC00000808,5590,Fixed Deposit,Dormant,2024-07-08,0.0,5.59
809,ACC00000809,5325,Savings,Active,2021-09-05,0.0,2.72
810,ACC00000810,5900,Loan,Active,2021-10-20,1711500.0,13.56
811,ACC00000811,5536,Current,Active,2018-01-28,934300.0,3.06
812,ACC00000812,8634,Fixed Deposit,Active,2020-02-07,0.0,8.19
813,ACC00000813,8135,Savings,Active,2025-10-12,0.0,4.86
814,ACC00000814,2405,Savings,Active,2025-07-26,0.0,2.98
815,ACC00000815,8389,Savings,Closed,2025-02-10,0.0,2.64
816,ACC00000816,2387,Salary,Active,2024-01-09,0.0,3.97
817,ACC00000817,5426,Savings,Closed,2021-05-04,0.0,3.29
818,ACC00000818,7592,Savings,Blocked,2024-12-18,0.0,4.15
819,ACC00000819,6985,Savings,Active,2021-08-26,0.0,4.91
820,ACC00000820,1162,Salary,Active,2021-03-29,0.0,3.92
821,ACC00000821,7182,Salary,Closed,2019-03-24,0.0,4.2
822,ACC00000822,2094,Current,Active,2025-05-13,1409600.0,3.06
823,ACC00000823,5672,Savings,Active,2024-03-26,0.0,4.38
824,ACC00000824,2162,Loan,Dormant,2021-03-29,407200.0,9.02
825,ACC00000825,1171,Loan,Active,2021-09-27,1060000.0,11.82
826,ACC00000826,2290,Savings,Active,2018-10-20,0.0,3.61
827,ACC00000827,1394,Current,Active,2019-01-03,1069400.0,3.22
828,ACC00000828,6601,Salary,Active,2020-09-25,0.0,4.01
829,ACC00000829,193,Savings,Active,2024-05-26,0.0,4.59
830,ACC00000830,8262,Salary,Active,2024-11-08,0.0,3.5
831,ACC00000831,2918,Salary,Closed,2018-12-15,0.0,4.16
832,ACC00000832,2941,Current,Active,2019-05-01,791200.0,4.8
833,ACC00000833,4221,Savings,Active,2022-01-08,0.0,4.44
834,ACC00000834,3218,Salary,Active,2018-03-26,0.0,4.88
835,ACC00000835,4837,Savings,Active,2018-07-06,0.0,4.62
836,ACC00000836,1159,Fixed Deposit,Active,2023-10-23,0.0,8.1
837,ACC00000837,9635,Fixed Deposit,Active,2021-02-15,0.0,6.58
838,ACC00000838,8715,Current,Active,2023-09-26,666300.0,2.94
839,ACC00000839,7293,Savings,Active,2020-12-13,0.0,4.77
840,ACC00000840,2314,Savings,Active,2024-08-19,0.0,3.32
841,ACC00000841,3426,Current,Dormant,2022-11-22,718100.0,3.79
842,ACC00000842,8024,Fixed Deposit,Active,2024-01-07,0.0,5.68
843,ACC00000843,3148,Savings,Blocked,2021-01-07,0.0,3.15
844,ACC00000844,6537,Current,Active,2020-09-13,907300.0,4.85
845,ACC00000845,7126,Current,Dormant,2021-12-09,1510300.0,4.55
846,ACC00000846,1646,Savings,Active,2025-07-30,0.0,3.43
847,ACC00000847,6152,Savings,Active,2025-11-19,0.0,3.2
848,ACC00000848,688,Current,Active,2024-05-18,310500.0,3.68
849,ACC00000849,8400,Loan,Active,2024-02-25,524400.0,9.85
850,ACC00000850,6241,Fixed Deposit,Closed,2021-07-15,0.0,7.01
851,ACC00000851,6759,Current,Active,2023-07-16,646800.0,3.44
852,ACC00000852,262,Current,Active,2020-10-27,1075200.0,2.78
853,ACC00000853,3131,Current,Active,2022-05-17,1931700.0,2.71
854,ACC00000854,7497,Salary,Active,2023-08-07,0.0,4.2
855,ACC00000855,612,Savings,Active,2024-08-06,0.0,3.15
856,ACC00000856,8931,Salary,Active,2019-05-27,0.0,4.24
857,ACC00000857,185,Savings,Active,2022-03-29,0.0,3.13
858,ACC00000858,669,Fixed Deposit,Dormant,2025-10-02,0.0,8.09
859,ACC00000859,6467,Loan,Active,2022-01-10,890400.0,12.93
860,ACC00000860,4861,Current,Closed,2025-05-26,1583600.0,4.41
861,ACC00000861,9789,Savings,Active,2022-03-19,0.0,3.16
862,ACC00000862,5494,Salary,Active,2020-03-14,0.0,3.35
863,ACC00000863,216,Loan,Active,2023-01-26,890100.0,14.12
864,ACC00000864,9471,Loan,Dormant,2020-11-10,352600.0,11.02
865,ACC00000865,4638,Loan,Active,2018-08-31,827700.0,12.65
866,ACC00000866,4964,Current,Active,2024-07-14,305400.0,4.3
867,ACC00000867,5303,Loan,Dormant,2021-01-04,160700.0,11.17
868,ACC00000868,3223,Savings,Closed,2023-02-01,0.0,4.14
869,ACC00000869,5413,Savings,Active,2023-01-22,0.0,3.24
870,ACC00000870,8946,Current,Active,2024-02-11,303800.0,2.52
871,ACC00000871,5028,Savings,Active,2018-06-06,0.0,2.79
872,ACC00000872,9125,Savings,Active,2018-12-14,0.0,3.87
873,ACC00000873,2483,Current,Active,2018-06-11,1618500.0,3.41
874,ACC00000874,9028,Salary,Active,2020-12-17,0.0,3.72
875,ACC00000875,5838,Savings,Active,2018-10-22,0.0,4.11
876,ACC00000876,364,Savings,Active,2023-12-19,0.0,3.12
877,ACC00000877,3775,Fixed Deposit,Closed,2021-06-24,0.0,8.34
878,ACC00000878,4589,Savings,Active,2024-05-27,0.0,3.96
879,ACC00000879,9509,Fixed Deposit,Active,2024-07-19,0.0,5.64
880,ACC00000880,627,Current,Active,2025-02-02,1018500.0,4.47
881,ACC00000881,8735,Current,Blocked,2023-10-29,845800.0,4.4
882,ACC00000882,5838,Savings,Active,2024-12-16,0.0,2.81
883,ACC00000883,1177,Savings,Closed,2019-03-11,0.0,2.6
884,ACC00000884,457,Savings,Active,2024-05-29,0.0,2.88
885,ACC00000885,9369,Savings,Active,2025-03-23,0.0,4.15
886,ACC00000886,8553,Savings,Dormant,2020-10-29,0.0,3.17
887,ACC00000887,4782,Loan,Active,2021-03-26,1136400.0,12.92
888,ACC00000888,8478,Savings,Active,2024-09-11,0.0,4.52
889,ACC00000889,404,Savings,Active,2023-11-10,0.0,3.57
890,ACC00000890,385,Salary,Active,2025-03-22,0.0,3.75
891,ACC00000891,2191,Savings,Active,2019-01-08,0.0,2.65
892,ACC00000892,255,Current,Active,2023-07-15,1815000.0,4.68
893,ACC00000893,8306,Savings,Active,2024-12-29,0.0,2.56
894,ACC00000894,8116,Salary,Active,2021-04-18,0.0,3.49
895,ACC00000895,8094,Current,Active,2019-11-05,1809800.0,4.14
896,ACC00000896,6793,Savings,Dormant,2020-09-17,0.0,3.23
897,ACC00000897,6725,Salary,Active,2021-02-13,0.0,3.98
898,ACC00000898,1263,Savings,Active,2022-10-07,0.0,3.27
899,ACC00000899,5794,Salary,Active,2020-12-27,0.0,4.3
900,ACC00000900,4641,Fixed Deposit,Active,2019-01-14,0.0,6.0
901,ACC00000901,1506,Savings,Active,2025-11-11,0.0,3.95
902,ACC00000902,3962,Salary,Dormant,2021-09-03,0.0,4.14
903,ACC00000903,4161,Current,Active,2021-03-24,1122900.0,3.9
904,ACC00000904,9395,Savings,Active,2019-02-05,0.0,4.4
905,ACC00000905,2463,Savings,Active,2022-05-08,0.0,3.66
906,ACC00000906,6523,Loan,Active,2025-03-06,529000.0,8.16
907,ACC00000907,7623,Current,Active,2023-04-23,1124400.0,4.15
908,ACC00000908,7213,Current,Active,2020-03-04,516600.0,4.73
909,ACC00000909,8737,Fixed Deposit,Active,2022-12-15,0.0,6.65
910,ACC00000910,3178,Savings,Active,2022-10-08,0.0,4.36
911,ACC00000911,5088,Fixed Deposit,Active,2023-09-16,0.0,7.68
912,ACC00000912,9779,Current,Dormant,2019-04-30,923000.0,2.57
913,ACC00000913,3717,Savings,Active,2024-10-15,0.0,4.88
914,ACC00000914,9510,Savings,Active,2018-08-01,0.0,3.89
915,ACC00000915,1669,Savings,Active,2021-12-21,0.0,2.82
916,ACC00000916,8248,Savings,Active,2020-11-22,0.0,4.23
917,ACC00000917,4945,Loan,Dormant,2024-10-27,1249000.0,9.92
918,ACC00000918,9159,Salary,Active,2024-11-16,0.0,2.69
919,ACC00000919,2499,Current,Active,2019-05-22,66600.0,3.53
920,ACC00000920,1332,Fixed Deposit,Active,2019-12-11,0.0,8.1
921,ACC00000921,9592,Savings,Closed,2025-08-27,0.0,4.89
922,ACC00000922,3548,Fixed Deposit,Active,2020-09-28,0.0,6.3
923,ACC00000923,3903,Salary,Active,2018-04-30,0.0,4.09
924,ACC00000924,6677,Current,Active,2025-05-07,1391900.0,4.77
925,ACC00000925,9827,Savings,Active,2024-09-19,0.0,2.55
926,ACC00000926,2921,Savings,Active,2021-04-30,0.0,3.49
927,ACC00000927,3690,Current,Active,2024-06-09,1335900.0,3.67
928,ACC00000928,7546,Current,Active,2023-05-07,818000.0,4.08
929,ACC00000929,3576,Savings,Active,2024-07-25,0.0,4.82
930,ACC00000930,4396,Savings,Active,2024-09-17,0.0,2.58
931,ACC00000931,217,Savings,Active,2024-09-30,0.0,2.61
932,ACC00000932,2818,Savings,Active,2022-06-04,0.0,3.45
933,ACC00000933,108,Salary,Active,2020-01-01,0.0,4.15
934,ACC00000934,6498,Current,Active,2019-07-08,778500.0,3.01
935,ACC00000935,9359,Savings,Active,2025-12-03,0.0,3.92
936,ACC00000936,4839,Fixed Deposit,Active,2024-12-30,0.0,8.33
937,ACC00000937,6055,Current,Active,2021-05-10,954500.0,3.34
938,ACC00000938,1448,Fixed Deposit,Active,2022-05-31,0.0,8.25
939,ACC00000939,1199,Current,Active,2018-01-14,232200.0,3.15
940,ACC00000940,9420,Current,Active,2019-12-16,952800.0,4.35
941,ACC00000941,4596,Savings,Active,2021-01-19,0.0,4.28
942,ACC00000942,8500,Loan,Active,2021-07-13,183000.0,12.82
943,ACC00000943,1670,Loan,Active,2025-07-15,739400.0,14.0
944,ACC00000944,9392,Savings,Active,2020-02-02,0.0,4.51
945,ACC00000945,3770,Fixed Deposit,Closed,2019-09-10,0.0,5.61
946,ACC00000946,7386,Savings,Active,2021-01-01,0.0,4.38
947,ACC00000947,9859,Current,Active,2022-07-03,1045600.0,3.88
948,ACC00000948,2400,Salary,Active,2020-03-01,0.0,4.8
949,ACC00000949,2194,Loan,Active,2025-09-29,1211500.0,7.86
950,ACC00000950,1884,Savings,Active,2025-07-22,0.0,3.72
951,ACC00000951,5537,Salary,Closed,2019-10-12,0.0,4.72
952,ACC00000952,8337,Savings,Active,2019-02-02,0.0,3.57
953,ACC00000953,8268,Savings,Active,2019-02-25,0.0,3.79
954,ACC00000954,2773,Savings,Active,2018-03-11,0.0,4.24
955,ACC00000955,8578,Fixed Deposit,Active,2025-05-23,0.0,6.78
956,ACC00000956,2215,Loan,Active,2025-05-20,1786500.0,11.53
957,ACC00000957,447,Savings,Closed,2024-05-05,0.0,4.45
958,ACC00000958,4497,Savings,Active,2023-05-17,0.0,4.56
959,ACC00000959,6260,Savings,Active,2018-03-04,0.0,4.94
960,ACC00000960,9316,Current,Active,2019-09-24,806600.0,4.7
961,ACC00000961,2082,Loan,Active,2023-06-30,1932000.0,13.53
962,ACC00000962,2464,Savings,Active,2025-06-07,0.0,3.04
963,ACC00000963,6962,Fixed Deposit,Closed,2019-05-23,0.0,8.45
964,ACC00000964,598,Current,Active,2020-04-14,1412300.0,2.93
965,ACC00000965,6887,Savings,Active,2021-02-11,0.0,4.11
966,ACC00000966,8570,Savings,Active,2025-06-13,0.0,4.45
967,ACC00000967,883,Savings,Active,2018-02-09,0.0,2.99
968,ACC00000968,2817,Savings,Active,2022-12-31,0.0,2.65
969,ACC00000969,3561,Loan,Active,2023-03-09,1073100.0,7.9
970,ACC00000970,3394,Fixed Deposit,Active,2025-05-02,0.0,7.47
971,ACC00000971,7336,Loan,Dormant,2022-06-22,1097500.0,8.13
972,ACC00000972,7732,Savings,Dormant,2025-02-17,0.0,3.96
973,ACC00000973,8194,Current,Active,2022-10-29,1413900.0,3.18
974,ACC00000974,9917,Loan,Active,2020-04-25,1569900.0,10.27
975,ACC00000975,1947,Salary,Active,2020-05-15,0.0,2.84
976,ACC00000976,5826,Savings,Active,2019-06-07,0.0,3.68
977,ACC00000977,3415,Savings,Dormant,2018-10-16,0.0,4.84
978,ACC00000978,958,Savings,Active,2023-11-26,0.0,4.89
979,ACC00000979,3276,Savings,Active,2021-07-17,0.0,3.55
980,ACC00000980,3860,Fixed Deposit,Dormant,2023-12-06,0.0,5.54
981,ACC00000981,9908,Fixed Deposit,Active,2022-12-05,0.0,7.75
982,ACC00000982,9722,Savings,Closed,2021-03-11,0.0,4.1
983,ACC00000983,9489,Savings,Active,2025-05-23,0.0,3.84
984,ACC00000984,3693,Fixed Deposit,Active,2025-08-02,0.0,6.65
985,ACC00000985,2337,Savings,Active,2022-02-24,0.0,2.94
986,ACC00000986,4407,Savings,Active,2021-12-12,0.0,3.94
987,ACC00000987,2251,Fixed Deposit,Active,2021-02-11,0.0,7.05
988,ACC00000988,2146,Salary,Active,2024-07-28,0.0,4.82
989,ACC00000989,364,Savings,Active,2018-04-13,0.0,4.85
990,ACC00000990,6137,Current,Active,2018-01-03,485900.0,4.9
991,ACC00000991,1515,Current,Active,2025-04-29,1936400.0,2.66
992,ACC00000992,5979,Savings,Closed,2018-10-07,0.0,3.45
993,ACC00000993,5199,Current,Active,2025-05-20,1093500.0,4.26
994,ACC00000994,8512,Savings,Active,2025-06-26,0.0,3.09
995,ACC00000995,3160,Current,Active,2021-03-25,1549300.0,4.52
996,ACC00000996,8360,Savings,Active,2021-06-01,0.0,3.09
997,ACC00000997,2234,Salary,Active,2021-10-22,0.0,2.59
998,ACC00000998,8787,Savings,Active,2018-03-01,0.0,3.29
999,ACC00000999,1013,Fixed Deposit,Active,2022-11-06,0.0,7.67
1000,ACC00001000,7191,Current,Active,2021-06-18,929000.0,3.13
1001,ACC00001001,4711,Savings,Active,2018-07-10,0.0,3.83
1002,ACC00001002,6495,Savings,Active,2021-10-08,0.0,3.67
1003,ACC00001003,3422,Savings,Active,2020-05-12,0.0,4.99
1004,ACC00001004,1543,Savings,Active,2018-03-05,0.0,4.77
1005,ACC00001005,7277,Savings,Active,2021-10-25,0.0,4.69
1006,ACC00001006,9019,Current,Active,2025-02-17,1042000.0,2.7
1007,ACC00001007,3442,Savings,Active,2020-03-19,0.0,3.29
1008,ACC00001008,6915,Savings,Blocked,2022-10-13,0.0,3.55
1009,ACC00001009,4208,Savings,Active,2025-07-31,0.0,4.23
1010,ACC00001010,1122,Salary,Active,2021-07-20,0.0,4.89
1011,ACC00001011,6669,Fixed Deposit,Blocked,2025-09-20,0.0,6.91
1012,ACC00001012,4263,Salary,Active,2022-02-05,0.0,3.59
1013,ACC00001013,9497,Savings,Active,2025-10-05,0.0,2.52
1014,ACC00001014,6313,Salary,Dormant,2020-10-08,0.0,4.24
1015,ACC00001015,6370,Fixed Deposit,Closed,2021-05-04,0.0,6.39
1016,ACC00001016,1960,Current,Active,2023-08-04,1524500.0,4.75
1017,ACC00001017,8680,Loan,Active,2019-07-13,189500.0,13.63
1018,ACC00001018,6479,Fixed Deposit,Active,2020-12-04,0.0,7.33
1019,ACC00001019,9731,Fixed Deposit,Closed,2018-10-03,0.0,6.4
1020,ACC00001020,436,Loan,Closed,2019-10-13,574600.0,12.61
1021,ACC00001021,8022,Salary,Dormant,2021-04-30,0.0,3.86
1022,ACC00001022,1122,Salary,Active,2024-12-13,0.0,3.1
1023,ACC00001023,4421,Salary,Active,2018-09-01,0.0,4.9
1024,ACC00001024,7977,Savings,Closed,2019-06-16,0.0,4.94
1025,ACC00001025,8662,Savings,Active,2025-02-03,0.0,4.81
1026,ACC00001026,3900,Savings,Active,2025-04-16,0.0,3.75
1027,ACC00001027,2550,Fixed Deposit,Active,2023-01-18,0.0,7.69
1028,ACC00001028,1276,Savings,Active,2024-11-11,0.0,4.22
1029,ACC00001029,6578,Savings,Active,2018-07-18,0.0,4.71
1030,ACC00001030,3327,Current,Closed,2019-07-10,497400.0,4.41
1031,ACC00001031,4505,Savings,Closed,2022-02-17,0.0,4.13
1032,ACC00001032,8172,Current,Dormant,2022-12-07,598000.0,3.93
1033,ACC00001033,5446,Fixed Deposit,Active,2023-10-04,0.0,5.87
1034,ACC00001034,9314,Savings,Dormant,2021-10-10,0.0,4.94
1035,ACC00001035,7317,Current,Active,2020-05-09,123600.0,4.12
1036,ACC00001036,8542,Savings,Active,2019-05-29,0.0,3.17
1037,ACC00001037,2171,Salary,Dormant,2025-10-24,0.0,3.58
1038,ACC00001038,7480,Current,Active,2020-09-16,1838300.0,2.99
1039,ACC00001039,259,Current,Active,2019-08-15,1173500.0,3.02
1040,ACC00001040,2453,Savings,Blocked,2023-11-23,0.0,3.03
1041,ACC00001041,7379,Loan,Active,2023-11-26,1364000.0,12.76
1042,ACC00001042,2003,Savings,Active,2020-03-18,0.0,2.51
1043,ACC00001043,177,Loan,Active,2024-01-12,1667300.0,14.21
1044,ACC00001044,1604,Savings,Active,2023-11-17,0.0,3.65
1045,ACC00001045,8479,Loan,Active,2025-06-24,674200.0,13.64
1046,ACC00001046,6091,Current,Active,2024-09-04,948200.0,4.58
1047,ACC00001047,4555,Savings,Active,2018-12-28,0.0,3.65
1048,ACC00001048,5041,Loan,Active,2024-05-20,1598800.0,11.54
1049,ACC00001049,4868,Savings,Active,2019-12-16,0.0,2.57
1050,ACC00001050,3709,Fixed Deposit,Active,2024-05-22,0.0,6.56
1051,ACC00001051,5840,Current,Closed,2021-03-10,983500.0,2.54
1052,ACC00001052,6585,Savings,Active,2023-08-06,0.0,2.86
1053,ACC00001053,2360,Savings,Active,2020-12-09,0.0,3.76
1054,ACC00001054,2310,Savings,Active,2023-12-16,0.0,3.57
1055,ACC00001055,2996,Current,Active,2022-04-14,864300.0,2.67
1056,ACC00001056,7975,Current,Active,2019-01-01,327500.0,2.6
1057,ACC00001057,4207,Savings,Closed,2025-12-11,0.0,4.12
1058,ACC00001058,9289,Savings,Active,2021-02-24,0.0,2.97
1059,ACC00001059,1634,Savings,Active,2021-11-22,0.0,4.84
1060,ACC00001060,7973,Savings,Active,2024-10-31,0.0,3.95
1061,ACC00001061,1662,Current,Dormant,2020-09-27,462300.0,2.87
1062,ACC00001062,988,Savings,Closed,2018-08-14,0.0,4.34
1063,ACC00001063,3122,Savings,Closed,2020-04-02,0.0,4.44
1064,ACC00001064,4875,Savings,Active,2018-12-01,0.0,4.06
1065,ACC00001065,7886,Savings,Active,2019-03-13,0.0,4.3
1066,ACC00001066,7932,Current,Dormant,2019-01-22,1982500.0,4.88
1067,ACC00001067,2844,Loan,Active,2018-08-30,920500.0,13.7
1068,ACC00001068,6716,Salary,Active,2023-03-14,0.0,4.49
1069,ACC00001069,575,Fixed Deposit,Active,2019-04-16,0.0,7.98
1070,ACC00001070,3261,Savings,Dormant,2024-03-01,0.0,3.62
1071,ACC00001071,5110,Savings,Active,2018-01-16,0.0,4.06
1072,ACC00001072,5783,Salary,Dormant,2020-08-28,0.0,3.53
1073,ACC00001073,6079,Current,Dormant,2022-10-04,423100.0,2.62
1074,ACC00001074,9875,Fixed Deposit,Active,2023-10-08,0.0,6.98
1075,ACC00001075,7314,Current,Active,2022-04-29,250800.0,4.35
1076,ACC00001076,9394,Savings,Active,2022-06-30,0.0,2.99
1077,ACC00001077,147,Current,Active,2018-06-10,756400.0,3.38
1078,ACC00001078,9959,Salary,Active,2018-05-18,0.0,2.84
1079,ACC00001079,2792,Current,Active,2022-09-12,1239600.0,3.69
1080,ACC00001080,8463,Savings,Active,2020-10-30,0.0,2.87
1081,ACC00001081,16,Loan,Active,2020-07-01,598100.0,11.54
1082,ACC00001082,2964,Salary,Active,2020-11-11,0.0,4.95
1083,ACC00001083,3584,Current,Active,2018-11-19,1485100.0,2.85
1084,ACC00001084,4243,Current,Active,2024-04-21,428800.0,4.07
1085,ACC00001085,6599,Current,Active,2018-01-13,484900.0,4.66
1086,ACC00001086,7571,Current,Active,2019-11-29,285400.0,3.66
1087,ACC00001087,5808,Savings,Active,2020-07-29,0.0,2.54
1088,ACC00001088,1032,Savings,Active,2025-06-23,0.0,2.66
1089,ACC00001089,9917,Savings,Active,2022-11-22,0.0,4.13
1090,ACC00001090,8205,Salary,Active,2021-08-11,0.0,4.14
1091,ACC00001091,1226,Fixed Deposit,Active,2025-05-19,0.0,5.76
1092,ACC00001092,8851,Salary,Active,2021-04-06,0.0,3.84
1093,ACC00001093,3946,Current,Blocked,2022-02-26,86000.0,4.85
1094,ACC00001094,8033,Savings,Active,2020-09-15,0.0,4.2
1095,ACC00001095,5086,Loan,Active,2021-10-05,702400.0,11.85
1096,ACC00001096,3619,Salary,Active,2024-02-20,0.0,3.96
1097,ACC00001097,6088,Salary,Active,2022-06-23,0.0,4.25
1098,ACC00001098,1392,Current,Active,2019-05-21,200800.0,3.24
1099,ACC00001099,5913,Savings,Blocked,2019-05-02,0.0,4.37
1100,ACC00001100,3178,Savings,Closed,2019-09-05,0.0,4.32
1101,ACC00001101,2419,Savings,Closed,2024-11-10,0.0,3.09
1102,ACC00001102,2158,Current,Active,2024-03-16,719600.0,4.99
1103,ACC00001103,7159,Savings,Active,2022-10-08,0.0,3.67
1104,ACC00001104,2379,Savings,Active,2024-11-10,0.0,3.47
1105,ACC00001105,6423,Fixed Deposit,Active,2019-11-05,0.0,7.98
1106,ACC00001106,2221,Savings,Active,2022-03-28,0.0,4.39
1107,ACC00001107,3201,Savings,Active,2019-06-19,0.0,2.67
1108,ACC00001108,8113,Salary,Active,2023-03-18,0.0,4.83
1109,ACC00001109,246,Current,Active,2023-10-27,1829200.0,3.43
1110,ACC00001110,6300,Current,Active,2021-04-19,1555300.0,4.87
1111,ACC00001111,609,Savings,Dormant,2018-12-13,0.0,4.19
1112,ACC00001112,352,Savings,Active,2023-01-19,0.0,3.94
1113,ACC00001113,8485,Savings,Dormant,2019-07-02,0.0,4.69
1114,ACC00001114,7890,Loan,Active,2023-12-30,1661400.0,11.15
1115,ACC00001115,3527,Savings,Active,2018-08-29,0.0,4.22
1116,ACC00001116,7620,Fixed Deposit,Active,2021-02-09,0.0,5.73
1117,ACC00001117,1611,Savings,Active,2025-10-20,0.0,2.69
1118,ACC00001118,4176,Loan,Dormant,2025-05-05,1369100.0,8.76
1119,ACC00001119,3628,Savings,Active,2019-07-29,0.0,4.19
1120,ACC00001120,7246,Savings,Blocked,2018-11-22,0.0,4.68
1121,ACC00001121,5008,Fixed Deposit,Active,2019-07-03,0.0,8.1
1122,ACC00001122,436,Savings,Active,2020-03-01,0.0,2.64
1123,ACC00001123,7894,Salary,Active,2020-05-26,0.0,4.32
1124,ACC00001124,3858,Current,Active,2022-12-13,1132900.0,3.27
1125,ACC00001125,3261,Salary,Active,2024-05-24,0.0,2.71
1126,ACC00001126,1817,Fixed Deposit,Active,2025-05-16,0.0,5.88
1127,ACC00001127,8404,Savings,Active,2019-10-14,0.0,4.91
1128,ACC00001128,2781,Fixed Deposit,Active,2019-08-07,0.0,6.11
1129,ACC00001129,8677,Loan,Active,2020-10-29,501700.0,11.62
1130,ACC00001130,7373,Salary,Active,2019-06-04,0.0,3.26
1131,ACC00001131,6597,Current,Active,2025-10-14,1513700.0,4.96
1132,ACC00001132,2534,Loan,Active,2019-09-20,790200.0,11.21
1133,ACC00001133,9027,Savings,Active,2019-12-14,0.0,3.43
1134,ACC00001134,6843,Savings,Active,2022-05-02,0.0,4.01
1135,ACC00001135,2048,Savings,Active,2020-11-10,0.0,4.68
1136,ACC00001136,5557,Savings,Active,2023-09-12,0.0,4.3
1137,ACC00001137,2470,Fixed Deposit,Active,2023-06-13,0.0,7.77
1138,ACC00001138,1162,Savings,Dormant,2018-03-15,0.0,2.77
1139,ACC00001139,7381,Savings,Active,2025-09-09,0.0,4.06
1140,ACC00001140,3167,Savings,Dormant,2019-12-19,0.0,2.57
1141,ACC00001141,2609,Savings,Active,2023-03-11,0.0,2.59
1142,ACC00001142,7935,Savings,Active,2024-08-30,0.0,3.62
1143,ACC00001143,1824,Current,Active,2018-08-19,1217300.0,4.32
1144,ACC00001144,4381,Savings,Active,2021-07-19,0.0,3.38
1145,ACC00001145,378,Savings,Active,2018-01-20,0.0,2.52
1146,ACC00001146,6593,Salary,Active,2021-09-08,0.0,4.94
1147,ACC00001147,8934,Savings,Active,2022-04-30,0.0,3.21
1148,ACC00001148,8977,Salary,Dormant,2024-05-27,0.0,4.59
1149,ACC00001149,561,Savings,Active,2018-08-13,0.0,4.01
1150,ACC00001150,5844,Current,Active,2022-07-14,813100.0,3.58
1151,ACC00001151,2436,Savings,Dormant,2021-08-01,0.0,3.5
1152,ACC00001152,9535,Savings,Active,2019-05-22,0.0,4.45
1153,ACC00001153,1221,Current,Active,2018-09-09,1782700.0,3.56
1154,ACC00001154,124,Salary,Active,2018-05-23,0.0,4.08
1155,ACC00001155,7497,Salary,Active,2021-07-06,0.0,4.11
1156,ACC00001156,4174,Salary,Active,2019-08-28,0.0,3.47
1157,ACC00001157,5903,Current,Active,2023-02-04,1263000.0,2.67
1158,ACC00001158,6280,Salary,Active,2023-08-07,0.0,2.71
1159,ACC00001159,7492,Savings,Active,2021-02-06,0.0,4.64
1160,ACC00001160,8563,Fixed Deposit,Active,2021-01-26,0.0,7.85
1161,ACC00001161,4250,Savings,Active,2022-04-19,0.0,4.41
1162,ACC00001162,9803,Fixed Deposit,Active,2020-05-23,0.0,5.86
1163,ACC00001163,4513,Current,Active,2023-11-02,1627200.0,4.86
1164,ACC00001164,9238,Savings,Active,2020-02-11,0.0,2.77
1165,ACC00001165,4352,Savings,Active,2025-03-19,0.0,2.52
1166,ACC00001166,5085,Fixed Deposit,Active,2025-08-17,0.0,6.08
1167,ACC00001167,1605,Savings,Active,2021-11-29,0.0,4.71
1168,ACC00001168,854,Savings,Active,2025-02-26,0.0,3.49
1169,ACC00001169,8227,Savings,Closed,2018-02-06,0.0,2.57
1170,ACC00001170,5304,Salary,Active,2019-07-20,0.0,4.65
1171,ACC00001171,9439,Savings,Active,2021-07-25,0.0,3.35
1172,ACC00001172,1150,Savings,Active,2025-01-11,0.0,4.88
1173,ACC00001173,8003,Current,Active,2020-10-31,603400.0,4.49
1174,ACC00001174,7367,Savings,Active,2020-04-17,0.0,3.97
1175,ACC00001175,4906,Salary,Active,2018-01-09,0.0,4.26
1176,ACC00001176,3642,Current,Active,2020-01-20,1415800.0,4.07
1177,ACC00001177,7156,Savings,Active,2020-09-01,0.0,4.29
1178,ACC00001178,9445,Fixed Deposit,Active,2024-04-11,0.0,8.35
1179,ACC00001179,2270,Current,Active,2022-11-22,1073300.0,3.98
1180,ACC00001180,6880,Savings,Closed,2020-04-26,0.0,3.7
1181,ACC00001181,4960,Salary,Active,2024-05-24,0.0,3.44
1182,ACC00001182,7920,Savings,Active,2018-02-20,0.0,2.58
1183,ACC00001183,3520,Salary,Active,2024-01-22,0.0,2.77
1184,ACC00001184,6608,Savings,Active,2022-03-22,0.0,2.76
1185,ACC00001185,5137,Savings,Closed,2025-08-08,0.0,3.7
1186,ACC00001186,1442,Salary,Active,2025-09-28,0.0,4.47
1187,ACC00001187,523,Savings,Dormant,2020-03-24,0.0,4.22
1188,ACC00001188,5092,Loan,Active,2021-12-11,1056700.0,9.04
1189,ACC00001189,9512,Fixed Deposit,Active,2025-09-14,0.0,8.07
1190,ACC00001190,8158,Savings,Active,2025-05-29,0.0,4.7
1191,ACC00001191,4749,Savings,Active,2019-07-25,0.0,3.46
1192,ACC00001192,8856,Current,Active,2025-05-18,928600.0,4.07
1193,ACC00001193,7458,Salary,Active,2018-07-30,0.0,3.93
1194,ACC00001194,9352,Salary,Active,2023-11-06,0.0,4.8
1195,ACC00001195,3319,Savings,Active,2025-08-30,0.0,4.55
1196,ACC00001196,6354,Savings,Active,2021-02-22,0.0,2.77
1197,ACC00001197,9095,Current,Active,2023-06-29,652900.0,5.0
1198,ACC00001198,1009,Current,Active,2022-05-01,494500.0,4.76
1199,ACC00001199,5678,Loan,Active,2018-06-09,1586500.0,11.81
1200,ACC00001200,7382,Current,Active,2022-09-09,230400.0,4.93
1201,ACC00001201,9415,Savings,Active,2025-04-07,0.0,2.61
1202,ACC00001202,8319,Savings,Active,2025-12-20,0.0,4.49
1203,ACC00001203,6892,Current,Active,2022-08-08,1283700.0,4.05
1204,ACC00001204,7938,Fixed Deposit,Active,2024-01-05,0.0,7.45
1205,ACC00001205,9245,Current,Active,2023-01-17,726000.0,2.8
1206,ACC00001206,859,Fixed Deposit,Active,2021-11-30,0.0,8.46
1207,ACC00001207,4584,Savings,Active,2023-08-06,0.0,3.28
1208,ACC00001208,3410,Savings,Active,2023-06-08,0.0,4.79
1209,ACC00001209,6074,Current,Active,2018-01-04,1011400.0,3.71
1210,ACC00001210,4804,Savings,Active,2018-07-01,0.0,3.41
1211,ACC00001211,317,Salary,Active,2022-02-24,0.0,3.71
1212,ACC00001212,3400,Fixed Deposit,Active,2018-04-02,0.0,8.0
1213,ACC00001213,4667,Savings,Active,2025-11-20,0.0,4.43
1214,ACC00001214,304,Loan,Active,2022-06-30,103800.0,14.01
1215,ACC00001215,1929,Salary,Active,2025-01-30,0.0,3.2
1216,ACC00001216,2450,Fixed Deposit,Active,2020-01-14,0.0,5.88
1217,ACC00001217,5426,Salary,Active,2020-02-03,0.0,3.59
1218,ACC00001218,1878,Fixed Deposit,Active,2021-02-25,0.0,5.69
1219,ACC00001219,749,Loan,Active,2024-07-13,1648000.0,8.93
1220,ACC00001220,3275,Fixed Deposit,Active,2020-02-24,0.0,7.7
1221,ACC00001221,3227,Current,Active,2023-05-22,1565400.0,2.95
1222,ACC00001222,8608,Salary,Closed,2020-03-11,0.0,4.55
1223,ACC00001223,6722,Current,Closed,2022-02-19,571100.0,3.54
1224,ACC00001224,222,Current,Active,2020-06-05,963000.0,3.96
1225,ACC00001225,7958,Salary,Active,2022-03-01,0.0,2.69
1226,ACC00001226,3931,Savings,Active,2025-02-01,0.0,3.72
1227,ACC00001227,2763,Savings,Active,2025-02-09,0.0,3.3
1228,ACC00001228,8077,Savings,Active,2022-01-03,0.0,3.72
1229,ACC00001229,6287,Savings,Active,2019-05-04,0.0,4.13
1230,ACC00001230,9200,Savings,Active,2024-06-17,0.0,2.97
1231,ACC00001231,657,Savings,Active,2024-01-27,0.0,3.66
1232,ACC00001232,3367,Savings,Active,2018-10-14,0.0,4.58
1233,ACC00001233,5207,Salary,Closed,2023-12-18,0.0,3.32
1234,ACC00001234,6148,Salary,Active,2020-08-24,0.0,2.86
1235,ACC00001235,4537,Savings,Active,2021-09-22,0.0,3.7
1236,ACC00001236,1551,Loan,Active,2020-09-20,249500.0,9.11
1237,ACC00001237,5291,Current,Active,2022-04-20,1331100.0,2.83
1238,ACC00001238,892,Savings,Active,2018-07-09,0.0,2.99
1239,ACC00001239,3334,Savings,Dormant,2025-07-04,0.0,4.77
1240,ACC00001240,7130,Current,Active,2019-12-10,66900.0,4.16
1241,ACC00001241,8123,Loan,Closed,2025-02-23,1483800.0,9.97
1242,ACC00001242,1366,Salary,Active,2025-07-31,0.0,3.17
1243,ACC00001243,1054,Savings,Active,2021-02-10,0.0,4.92
1244,ACC00001244,5857,Salary,Active,2022-12-11,0.0,4.76
1245,ACC00001245,8901,Salary,Active,2022-05-11,0.0,2.53
1246,ACC00001246,8494,Fixed Deposit,Active,2021-02-14,0.0,7.42
1247,ACC00001247,7114,Savings,Dormant,2023-07-18,0.0,4.28
1248,ACC00001248,3317,Fixed Deposit,Active,2023-07-31,0.0,7.32
1249,ACC00001249,9612,Fixed Deposit,Active,2022-07-17,0.0,7.38
1250,ACC00001250,6001,Fixed Deposit,Active,2019-11-05,0.0,6.9
1251,ACC00001251,6154,Savings,Active,2023-02-19,0.0,3.01
1252,ACC00001252,7681,Salary,Active,2020-06-15,0.0,3.13
1253,ACC00001253,2042,Fixed Deposit,Active,2024-01-23,0.0,8.2
1254,ACC00001254,4845,Loan,Active,2020-06-06,1872300.0,11.7
1255,ACC00001255,1396,Savings,Closed,2018-12-20,0.0,3.62
1256,ACC00001256,7775,Savings,Active,2025-02-20,0.0,3.26
1257,ACC00001257,4279,Salary,Active,2021-08-22,0.0,4.66
1258,ACC00001258,8881,Savings,Dormant,2018-03-12,0.0,3.53
1259,ACC00001259,3255,Current,Active,2019-05-21,232100.0,3.71
1260,ACC00001260,7382,Fixed Deposit,Active,2021-04-07,0.0,8.14
1261,ACC00001261,9001,Savings,Closed,2024-08-26,0.0,3.57
1262,ACC00001262,3255,Savings,Active,2020-03-22,0.0,3.25
1263,ACC00001263,3018,Fixed Deposit,Active,2018-12-13,0.0,6.07
1264,ACC00001264,8650,Current,Active,2019-02-03,1019600.0,4.67
1265,ACC00001265,719,Savings,Active,2023-11-22,0.0,3.4
1266,ACC00001266,5701,Savings,Active,2024-06-22,0.0,4.72
1267,ACC00001267,6002,Current,Closed,2021-05-22,1542100.0,2.97
1268,ACC00001268,2731,Savings,Active,2019-03-12,0.0,4.96
1269,ACC00001269,9709,Savings,Active,2023-03-01,0.0,4.72
1270,ACC00001270,2513,Current,Closed,2024-10-19,1201100.0,4.67
1271,ACC00001271,9298,Savings,Active,2020-06-08,0.0,4.18
1272,ACC00001272,313,Fixed Deposit,Active,2024-01-21,0.0,8.36
1273,ACC00001273,3013,Loan,Active,2021-08-05,434300.0,13.66
1274,ACC00001274,3976,Savings,Active,2020-12-04,0.0,3.4
1275,ACC00001275,2744,Savings,Active,2022-05-28,0.0,2.59
1276,ACC00001276,622,Savings,Closed,2023-08-12,0.0,3.54
1277,ACC00001277,3035,Salary,Active,2022-03-17,0.0,2.94
1278,ACC00001278,4212,Savings,Active,2021-09-11,0.0,2.87
1279,ACC00001279,9837,Fixed Deposit,Dormant,2021-09-27,0.0,6.66
1280,ACC00001280,3351,Fixed Deposit,Active,2019-10-01,0.0,6.87
1281,ACC00001281,3625,Current,Active,2021-12-25,1940100.0,3.55
1282,ACC00001282,8279,Salary,Active,2018-12-30,0.0,4.87
1283,ACC00001283,1249,Savings,Active,2024-07-29,0.0,2.97
1284,ACC00001284,3062,Loan,Active,2023-01-20,1497600.0,13.94
1285,ACC00001285,2375,Current,Dormant,2024-05-27,1812000.0,4.93
1286,ACC00001286,8328,Loan,Active,2023-01-25,1730400.0,10.06
1287,ACC00001287,5746,Current,Active,2021-08-08,1783500.0,2.67
1288,ACC00001288,7125,Salary,Active,2020-07-10,0.0,2.86
1289,ACC00001289,362,Fixed Deposit,Active,2022-03-07,0.0,6.9
1290,ACC00001290,3345,Fixed Deposit,Active,2019-07-11,0.0,6.37
1291,ACC00001291,1843,Salary,Active,2020-08-22,0.0,3.07
1292,ACC00001292,4674,Savings,Active,2021-12-08,0.0,4.53
1293,ACC00001293,5398,Savings,Active,2021-01-05,0.0,4.11
1294,ACC00001294,3104,Current,Active,2022-12-20,932600.0,3.41
1295,ACC00001295,7153,Salary,Active,2021-03-18,0.0,2.89
1296,ACC00001296,6553,Savings,Active,2023-02-17,0.0,3.37
1297,ACC00001297,136,Current,Active,2025-03-07,51700.0,3.97
1298,ACC00001298,6113,Savings,Active,2022-01-15,0.0,3.33
1299,ACC00001299,1087,Salary,Dormant,2022-04-21,0.0,4.42
1300,ACC00001300,7709,Savings,Active,2025-06-17,0.0,3.67
1301,ACC00001301,209,Salary,Active,2021-11-08,0.0,3.1
1302,ACC00001302,5805,Fixed Deposit,Dormant,2020-02-08,0.0,8.17
1303,ACC00001303,514,Savings,Active,2024-05-18,0.0,3.35
1304,ACC00001304,9984,Current,Active,2019-11-13,1017800.0,2.52
1305,ACC00001305,3047,Savings,Active,2020-07-24,0.0,4.49
1306,ACC00001306,5360,Savings,Active,2023-05-27,0.0,2.81
1307,ACC00001307,7402,Salary,Closed,2023-07-26,0.0,4.84
1308,ACC00001308,2394,Salary,Active,2018-08-20,0.0,2.62
1309,ACC00001309,9609,Savings,Active,2025-03-22,0.0,3.5
1310,ACC00001310,5087,Savings,Closed,2021-06-27,0.0,4.16
1311,ACC00001311,1034,Current,Active,2023-03-28,755000.0,2.74
1312,ACC00001312,1196,Savings,Active,2018-07-09,0.0,4.65
1313,ACC00001313,7371,Savings,Active,2020-09-07,0.0,4.59
1314,ACC00001314,9551,Savings,Active,2018-06-13,0.0,4.64
1315,ACC00001315,5070,Current,Dormant,2022-08-12,395600.0,3.23
1316,ACC00001316,8940,Loan,Active,2023-07-30,1667400.0,8.69
1317,ACC00001317,5723,Savings,Dormant,2025-01-20,0.0,4.52
1318,ACC00001318,2078,Salary,Blocked,2023-09-20,0.0,4.7
1319,ACC00001319,4807,Fixed Deposit,Closed,2022-03-10,0.0,5.8
1320,ACC00001320,4325,Savings,Active,2018-11-07,0.0,3.94
1321,ACC00001321,5775,Savings,Active,2018-11-09,0.0,4.42
1322,ACC00001322,2640,Loan,Active,2019-07-04,141000.0,9.55
1323,ACC00001323,4331,Savings,Closed,2021-01-10,0.0,2.91
1324,ACC00001324,3515,Savings,Closed,2020-12-09,0.0,3.59
1325,ACC00001325,9062,Savings,Dormant,2021-05-27,0.0,2.54
1326,ACC00001326,4054,Savings,Active,2025-05-12,0.0,4.0
1327,ACC00001327,838,Loan,Active,2018-09-09,942700.0,8.09
1328,ACC00001328,7020,Fixed Deposit,Closed,2022-09-25,0.0,5.89
1329,ACC00001329,5620,Salary,Active,2022-05-20,0.0,3.21
1330,ACC00001330,8852,Savings,Active,2025-02-16,0.0,3.67
1331,ACC00001331,3269,Savings,Active,2022-08-03,0.0,3.14
1332,ACC00001332,7989,Savings,Active,2018-04-11,0.0,3.78
1333,ACC00001333,3275,Savings,Active,2025-12-01,0.0,3.33
1334,ACC00001334,9346,Loan,Active,2024-06-14,423700.0,12.82
1335,ACC00001335,9864,Savings,Active,2019-12-02,0.0,4.71
1336,ACC00001336,6529,Fixed Deposit,Active,2025-01-16,0.0,6.39
1337,ACC00001337,8389,Current,Active,2024-01-31,154400.0,3.37
1338,ACC00001338,64,Salary,Active,2018-07-28,0.0,2.9
1339,ACC00001339,7632,Loan,Active,2025-10-28,268600.0,9.46
1340,ACC00001340,2084,Current,Closed,2018-05-24,1771100.0,2.64
1341,ACC00001341,2737,Savings,Active,2025-12-29,0.0,4.0
1342,ACC00001342,3789,Current,Blocked,2025-09-14,605200.0,3.66
1343,ACC00001343,6680,Current,Active,2018-04-19,567900.0,3.41
1344,ACC00001344,619,Fixed Deposit,Active,2023-04-20,0.0,5.81
1345,ACC00001345,7812,Savings,Active,2020-04-29,0.0,4.39
1346,ACC00001346,7660,Savings,Active,2025-01-25,0.0,4.92
1347,ACC00001347,4475,Salary,Active,2020-09-10,0.0,2.91
1348,ACC00001348,9838,Fixed Deposit,Active,2019-04-14,0.0,8.45
1349,ACC00001349,8781,Current,Active,2023-01-01,1924500.0,3.07
1350,ACC00001350,9725,Savings,Active,2018-04-15,0.0,4.99
1351,ACC00001351,1673,Savings,Active,2024-06-10,0.0,4.92
1352,ACC00001352,4911,Fixed Deposit,Active,2018-07-18,0.0,7.89
1353,ACC00001353,6032,Savings,Active,2018-03-17,0.0,3.16
1354,ACC00001354,9450,Current,Active,2023-10-13,1402200.0,2.81
1355,ACC00001355,5285,Savings,Active,2022-12-28,0.0,4.07
1356,ACC00001356,107,Savings,Dormant,2021-02-26,0.0,3.53
1357,ACC00001357,6018,Savings,Dormant,2018-08-19,0.0,4.83
1358,ACC00001358,9851,Savings,Active,2025-05-31,0.0,3.32
1359,ACC00001359,9811,Salary,Dormant,2021-09-26,0.0,3.69
1360,ACC00001360,4428,Current,Active,2021-09-29,854400.0,4.41
1361,ACC00001361,9767,Savings,Active,2024-02-27,0.0,3.2
1362,ACC00001362,9636,Salary,Active,2020-01-22,0.0,2.7
1363,ACC00001363,446,Savings,Active,2019-01-27,0.0,3.77
1364,ACC00001364,7146,Savings,Active,2020-04-11,0.0,3.82
1365,ACC00001365,2852,Fixed Deposit,Active,2025-04-11,0.0,5.56
1366,ACC00001366,5709,Salary,Active,2023-07-15,0.0,3.94
1367,ACC00001367,5448,Salary,Active,2021-07-19,0.0,4.42
1368,ACC00001368,6105,Savings,Active,2018-09-04,0.0,4.76
1369,ACC00001369,1183,Salary,Active,2019-11-26,0.0,4.33
1370,ACC00001370,4776,Savings,Dormant,2020-11-15,0.0,4.52
1371,ACC00001371,3132,Salary,Active,2020-04-24,0.0,2.98
1372,ACC00001372,6541,Savings,Closed,2023-03-06,0.0,2.95
1373,ACC00001373,3933,Salary,Active,2019-03-06,0.0,3.47
1374,ACC00001374,8672,Current,Active,2021-08-26,1794400.0,2.81
1375,ACC00001375,2795,Savings,Active,2018-09-10,0.0,3.82
1376,ACC00001376,2597,Current,Active,2020-04-01,511200.0,4.0
1377,ACC00001377,1275,Savings,Dormant,2019-12-13,0.0,3.25
1378,ACC00001378,6205,Salary,Blocked,2019-12-26,0.0,4.99
1379,ACC00001379,4754,Loan,Active,2024-07-09,789000.0,9.44
1380,ACC00001380,986,Fixed Deposit,Active,2023-03-10,0.0,6.61
1381,ACC00001381,8594,Loan,Active,2022-09-06,1652400.0,9.04
1382,ACC00001382,8502,Savings,Active,2018-05-09,0.0,3.07
1383,ACC00001383,9594,Fixed Deposit,Active,2020-12-03,0.0,6.97
1384,ACC00001384,9503,Savings,Active,2022-07-26,0.0,2.91
1385,ACC00001385,5711,Savings,Active,2019-06-27,0.0,4.46
1386,ACC00001386,7845,Savings,Active,2020-02-22,0.0,3.39
1387,ACC00001387,3652,Savings,Active,2022-03-17,0.0,3.03
1388,ACC00001388,9426,Savings,Active,2022-10-02,0.0,4.76
1389,ACC00001389,5719,Current,Active,2025-09-11,1116100.0,4.55
1390,ACC00001390,62,Savings,Active,2018-10-10,0.0,2.56
1391,ACC00001391,7916,Savings,Closed,2020-07-10,0.0,3.2
1392,ACC00001392,880,Loan,Active,2021-09-07,70800.0,13.55
1393,ACC00001393,1183,Current,Active,2020-11-02,1015200.0,3.04
1394,ACC00001394,9056,Salary,Active,2020-09-16,0.0,3.67
1395,ACC00001395,2387,Savings,Active,2025-07-21,0.0,3.86
1396,ACC00001396,7858,Savings,Active,2022-08-25,0.0,3.8
1397,ACC00001397,3048,Salary,Active,2025-03-31,0.0,3.73
1398,ACC00001398,6224,Savings,Active,2020-07-24,0.0,4.62
1399,ACC00001399,8073,Fixed Deposit,Active,2018-06-20,0.0,6.3
1400,ACC00001400,8385,Savings,Active,2025-03-31,0.0,2.6
1401,ACC00001401,8217,Savings,Active,2018-03-30,0.0,4.68
1402,ACC00001402,3367,Savings,Active,2025-10-25,0.0,4.45
1403,ACC00001403,7328,Salary,Active,2021-10-27,0.0,4.34
1404,ACC00001404,8845,Savings,Active,2024-02-20,0.0,3.18
1405,ACC00001405,5827,Savings,Active,2019-12-30,0.0,2.74
1406,ACC00001406,1218,Savings,Active,2018-08-25,0.0,3.13
1407,ACC00001407,9116,Fixed Deposit,Active,2025-02-08,0.0,8.41
1408,ACC00001408,6660,Current,Active,2019-12-05,1397000.0,3.29
1409,ACC00001409,1314,Salary,Active,2020-01-15,0.0,3.97
1410,ACC00001410,1975,Salary,Active,2022-10-12,0.0,3.86
1411,ACC00001411,2654,Salary,Closed,2021-03-01,0.0,2.61
1412,ACC00001412,7354,Loan,Active,2019-04-07,1249600.0,9.2
1413,ACC00001413,2377,Salary,Active,2019-01-08,0.0,3.41
1414,ACC00001414,9491,Salary,Active,2024-03-20,0.0,2.62
1415,ACC00001415,5769,Fixed Deposit,Active,2025-05-15,0.0,6.66
1416,ACC00001416,1559,Savings,Active,2025-11-19,0.0,3.59
1417,ACC00001417,5835,Savings,Active,2025-01-25,0.0,4.62
1418,ACC00001418,4621,Savings,Active,2023-06-24,0.0,3.39
1419,ACC00001419,1501,Savings,Active,2018-10-23,0.0,4.05
1420,ACC00001420,3999,Savings,Active,2020-11-09,0.0,3.8
1421,ACC00001421,4462,Current,Active,2023-04-13,1277500.0,3.39
1422,ACC00001422,5907,Savings,Active,2025-03-09,0.0,2.78
1423,ACC00001423,5125,Loan,Active,2024-08-27,675100.0,7.99
1424,ACC00001424,5104,Savings,Closed,2018-08-29,0.0,4.76
1425,ACC00001425,1934,Savings,Active,2022-02-26,0.0,2.97
1426,ACC00001426,5270,Current,Active,2025-04-05,718700.0,2.69
1427,ACC00001427,3478,Savings,Closed,2019-11-30,0.0,4.96
1428,ACC00001428,4542,Salary,Active,2023-08-24,0.0,3.77
1429,ACC00001429,9652,Fixed Deposit,Active,2022-11-21,0.0,5.6
1430,ACC00001430,7591,Savings,Active,2021-08-16,0.0,2.73
1431,ACC00001431,4890,Savings,Dormant,2021-03-19,0.0,4.06
1432,ACC00001432,7760,Salary,Active,2020-11-17,0.0,4.16
1433,ACC00001433,4492,Fixed Deposit,Active,2021-04-13,0.0,6.29
1434,ACC00001434,4048,Savings,Active,2018-03-09,0.0,2.87
1435,ACC00001435,9868,Fixed Deposit,Active,2024-07-30,0.0,6.03
1436,ACC00001436,6533,Salary,Active,2025-03-14,0.0,4.5
1437,ACC00001437,4708,Current,Active,2023-04-21,1148000.0,4.85
1438,ACC00001438,1628,Current,Active,2023-07-15,1754200.0,2.86
1439,ACC00001439,8627,Savings,Active,2022-07-06,0.0,4.59
1440,ACC00001440,1260,Savings,Active,2020-05-22,0.0,4.17
1441,ACC00001441,3588,Salary,Active,2018-12-18,0.0,3.04
1442,ACC00001442,6503,Current,Closed,2018-01-31,768000.0,4.56
1443,ACC00001443,7773,Current,Closed,2020-11-03,1369800.0,4.36
1444,ACC00001444,9171,Savings,Active,2018-04-19,0.0,4.08
1445,ACC00001445,4889,Savings,Blocked,2022-01-24,0.0,4.97
1446,ACC00001446,5859,Loan,Active,2020-08-20,1467000.0,10.27
1447,ACC00001447,2712,Salary,Dormant,2019-06-17,0.0,4.01
1448,ACC00001448,9400,Savings,Active,2024-05-05,0.0,4.05
1449,ACC00001449,7959,Salary,Active,2021-05-11,0.0,3.86
1450,ACC00001450,1619,Savings,Active,2020-10-16,0.0,4.89
1451,ACC00001451,8800,Savings,Blocked,2024-10-17,0.0,4.75
1452,ACC00001452,2094,Current,Active,2021-02-24,1221300.0,4.29
1453,ACC00001453,1682,Savings,Active,2020-12-27,0.0,4.57
1454,ACC00001454,9405,Loan,Active,2023-08-22,1686200.0,7.56
1455,ACC00001455,4679,Savings,Active,2020-12-07,0.0,4.93
1456,ACC00001456,6872,Loan,Active,2023-07-24,1570000.0,7.51
1457,ACC00001457,430,Salary,Active,2020-12-23,0.0,4.87
1458,ACC00001458,3089,Loan,Active,2023-12-31,967200.0,12.75
1459,ACC00001459,7567,Savings,Dormant,2020-02-23,0.0,2.52
1460,ACC00001460,2377,Loan,Closed,2024-07-03,1240800.0,7.68
1461,ACC00001461,3874,Savings,Active,2018-06-27,0.0,4.26
1462,ACC00001462,7779,Savings,Active,2023-08-14,0.0,3.79
1463,ACC00001463,651,Salary,Active,2023-04-24,0.0,4.5
1464,ACC00001464,4702,Salary,Dormant,2025-09-24,0.0,3.28
1465,ACC00001465,7381,Salary,Dormant,2018-03-30,0.0,4.83
1466,ACC00001466,5117,Current,Active,2018-08-30,1089000.0,2.7
1467,ACC00001467,59,Fixed Deposit,Active,2021-09-09,0.0,8.46
1468,ACC00001468,3071,Salary,Active,2023-01-13,0.0,4.07
1469,ACC00001469,524,Current,Active,2020-11-22,1650700.0,4.59
1470,ACC00001470,540,Savings,Dormant,2019-04-19,0.0,4.2
1471,ACC00001471,2781,Fixed Deposit,Active,2020-10-25,0.0,5.56
1472,ACC00001472,3880,Salary,Active,2022-01-15,0.0,3.71
1473,ACC00001473,9059,Fixed Deposit,Active,2018-12-19,0.0,7.98
1474,ACC00001474,2424,Current,Active,2023-05-15,958500.0,2.53
1475,ACC00001475,7667,Fixed Deposit,Active,2020-12-20,0.0,7.94
1476,ACC00001476,2845,Fixed Deposit,Active,2018-06-01,0.0,7.61
1477,ACC00001477,3124,Current,Active,2020-01-07,1870000.0,4.03
1478,ACC00001478,3624,Salary,Dormant,2020-10-01,0.0,3.61
1479,ACC00001479,3237,Current,Active,2021-06-15,513000.0,4.92
1480,ACC00001480,4481,Salary,Active,2019-06-23,0.0,3.35
1481,ACC00001481,6733,Current,Active,2025-06-09,550600.0,4.31
1482,ACC00001482,3248,Fixed Deposit,Active,2025-03-11,0.0,7.22
1483,ACC00001483,5555,Fixed Deposit,Closed,2025-04-07,0.0,6.7
1484,ACC00001484,5356,Savings,Dormant,2019-07-03,0.0,2.91
1485,ACC00001485,6479,Savings,Blocked,2023-06-18,0.0,4.46
1486,ACC00001486,4863,Savings,Active,2018-09-04,0.0,3.41
1487,ACC00001487,1932,Savings,Active,2018-04-30,0.0,3.48
1488,ACC00001488,1266,Current,Active,2021-02-27,1988900.0,3.85
1489,ACC00001489,107,Salary,Closed,2023-09-16,0.0,3.48
1490,ACC00001490,8917,Savings,Active,2023-10-22,0.0,3.83
1491,ACC00001491,2036,Salary,Dormant,2019-05-19,0.0,3.72
1492,ACC00001492,446,Fixed Deposit,Active,2024-07-26,0.0,6.03
1493,ACC00001493,1337,Savings,Active,2025-07-26,0.0,2.56
1494,ACC00001494,7310,Salary,Active,2019-12-13,0.0,2.68
1495,ACC00001495,8108,Fixed Deposit,Active,2019-04-05,0.0,6.33
1496,ACC00001496,4171,Salary,Dormant,2021-05-01,0.0,4.27
1497,ACC00001497,9893,Savings,Active,2021-08-21,0.0,3.33
1498,ACC00001498,8532,Savings,Active,2020-08-28,0.0,2.96
1499,ACC00001499,4323,Savings,Active,2022-10-08,0.0,4.22
1500,ACC00001500,3355,Savings,Active,2020-01-05,0.0,2.92
1501,ACC00001501,5574,Savings,Active,2018-06-13,0.0,4.49
1502,ACC00001502,8449,Current,Active,2025-11-07,1709300.0,3.81
1503,ACC00001503,5094,Savings,Active,2023-11-02,0.0,2.59
1504,ACC00001504,356,Savings,Active,2022-02-19,0.0,3.38
1505,ACC00001505,7590,Current,Blocked,2018-01-31,333300.0,4.8
1506,ACC00001506,6273,Salary,Active,2021-01-15,0.0,4.1
1507,ACC00001507,4993,Savings,Active,2019-03-02,0.0,4.66
1508,ACC00001508,5715,Fixed Deposit,Active,2018-10-01,0.0,7.7
1509,ACC00001509,9718,Current,Active,2021-11-22,730000.0,4.25
1510,ACC00001510,3955,Salary,Active,2025-05-05,0.0,2.65
1511,ACC00001511,6814,Savings,Active,2024-12-22,0.0,3.83
1512,ACC00001512,5581,Savings,Closed,2018-07-16,0.0,3.45
1513,ACC00001513,7175,Current,Active,2025-07-08,1103800.0,3.84
1514,ACC00001514,9579,Fixed Deposit,Active,2022-05-25,0.0,7.85
1515,ACC00001515,7828,Salary,Active,2024-03-10,0.0,4.93
1516,ACC00001516,7212,Salary,Active,2019-04-30,0.0,4.84
1517,ACC00001517,969,Current,Active,2020-08-09,1694700.0,4.7
1518,ACC00001518,807,Savings,Active,2022-09-13,0.0,3.04
1519,ACC00001519,1556,Fixed Deposit,Active,2023-03-26,0.0,7.49
1520,ACC00001520,9177,Savings,Active,2021-06-26,0.0,4.63
1521,ACC00001521,7173,Current,Active,2022-07-14,1440600.0,4.03
1522,ACC00001522,7280,Savings,Active,2020-11-21,0.0,4.46
1523,ACC00001523,6002,Fixed Deposit,Active,2023-01-13,0.0,6.74
1524,ACC00001524,4505,Savings,Active,2022-10-19,0.0,3.71
1525,ACC00001525,9656,Salary,Active,2022-07-15,0.0,4.2
1526,ACC00001526,3542,Savings,Active,2022-08-16,0.0,3.22
1527,ACC00001527,9601,Loan,Active,2021-07-03,1242400.0,13.75
1528,ACC00001528,1608,Savings,Closed,2023-10-10,0.0,3.3
1529,ACC00001529,4580,Fixed Deposit,Active,2019-02-19,0.0,7.39
1530,ACC00001530,7107,Savings,Active,2022-07-02,0.0,4.26
1531,ACC00001531,8726,Salary,Dormant,2019-01-20,0.0,4.79
1532,ACC00001532,3048,Salary,Active,2025-08-19,0.0,3.44
1533,ACC00001533,2517,Fixed Deposit,Active,2025-08-06,0.0,7.17
1534,ACC00001534,1621,Savings,Active,2022-10-28,0.0,3.66
1535,ACC00001535,9759,Current,Active,2022-11-07,1470500.0,4.64
1536,ACC00001536,7041,Savings,Active,2018-12-06,0.0,4.02
1537,ACC00001537,9961,Salary,Active,2025-08-15,0.0,3.85
1538,ACC00001538,923,Savings,Active,2019-06-18,0.0,4.88
1539,ACC00001539,5497,Salary,Active,2023-04-16,0.0,3.73
1540,ACC00001540,6493,Salary,Active,2025-05-03,0.0,3.03
1541,ACC00001541,3578,Savings,Blocked,2023-12-01,0.0,3.24
1542,ACC00001542,9194,Savings,Blocked,2023-12-30,0.0,3.71
1543,ACC00001543,8187,Savings,Active,2024-12-18,0.0,3.53
1544,ACC00001544,3566,Savings,Active,2024-01-07,0.0,3.56
1545,ACC00001545,5418,Savings,Active,2018-09-29,0.0,3.42
1546,ACC00001546,8739,Salary,Active,2023-06-29,0.0,4.87
1547,ACC00001547,2951,Loan,Active,2024-03-18,1342200.0,13.13
1548,ACC00001548,7959,Current,Active,2021-02-03,743700.0,4.01
1549,ACC00001549,5655,Savings,Active,2022-01-18,0.0,4.4
1550,ACC00001550,302,Salary,Closed,2020-07-06,0.0,3.89
1551,ACC00001551,4883,Current,Active,2021-04-29,1054800.0,4.66
1552,ACC00001552,4175,Savings,Active,2021-07-18,0.0,4.9
1553,ACC00001553,8801,Fixed Deposit,Active,2022-11-23,0.0,7.51
1554,ACC00001554,483,Savings,Active,2025-12-16,0.0,3.4
1555,ACC00001555,1768,Loan,Active,2024-07-18,1899900.0,10.3
1556,ACC00001556,5554,Savings,Active,2022-06-18,0.0,4.77
1557,ACC00001557,415,Salary,Active,2023-02-24,0.0,4.3
1558,ACC00001558,9927,Loan,Active,2018-01-21,1506600.0,11.04
1559,ACC00001559,6996,Current,Active,2024-05-19,1212800.0,4.74
1560,ACC00001560,9126,Loan,Active,2019-06-15,291800.0,7.51
1561,ACC00001561,4409,Savings,Dormant,2019-06-22,0.0,3.28
1562,ACC00001562,4599,Savings,Active,2024-04-19,0.0,2.96
1563,ACC00001563,1374,Salary,Active,2018-09-11,0.0,4.97
1564,ACC00001564,1203,Savings,Active,2020-04-05,0.0,3.39
1565,ACC00001565,6665,Current,Active,2024-12-03,1676900.0,3.92
1566,ACC00001566,3725,Salary,Active,2020-05-20,0.0,2.73
1567,ACC00001567,4812,Fixed Deposit,Active,2024-01-10,0.0,8.37
1568,ACC00001568,1557,Current,Active,2022-06-01,1725600.0,4.42
1569,ACC00001569,9885,Current,Dormant,2018-11-30,176300.0,4.18
1570,ACC00001570,9088,Savings,Active,2025-07-24,0.0,3.9
1571,ACC00001571,1202,Salary,Active,2019-05-18,0.0,3.03
1572,ACC00001572,2752,Salary,Active,2019-08-23,0.0,4.2
1573,ACC00001573,5504,Savings,Active,2025-04-20,0.0,2.68
1574,ACC00001574,2997,Current,Closed,2020-05-31,1602600.0,2.81
1575,ACC00001575,4833,Savings,Closed,2022-02-16,0.0,3.24
1576,ACC00001576,8135,Savings,Active,2018-04-08,0.0,3.12
1577,ACC00001577,5975,Current,Active,2025-05-25,1715000.0,3.18
1578,ACC00001578,2070,Salary,Active,2019-01-28,0.0,3.45
1579,ACC00001579,2343,Savings,Active,2019-09-26,0.0,2.67
1580,ACC00001580,7945,Current,Active,2019-09-18,90100.0,3.59
1581,ACC00001581,1377,Savings,Active,2018-07-23,0.0,4.1
1582,ACC00001582,9979,Loan,Active,2025-10-08,780600.0,9.92
1583,ACC00001583,9059,Salary,Active,2021-06-02,0.0,2.66
1584,ACC00001584,7836,Current,Active,2019-12-23,1877700.0,3.4
1585,ACC00001585,807,Savings,Active,2023-12-08,0.0,3.66
1586,ACC00001586,4355,Current,Active,2023-07-15,1835100.0,2.79
1587,ACC00001587,5295,Current,Active,2023-11-16,960000.0,4.07
1588,ACC00001588,524,Savings,Active,2021-07-18,0.0,4.34
1589,ACC00001589,1579,Savings,Active,2025-02-12,0.0,2.52
1590,ACC00001590,333,Loan,Active,2018-07-12,942600.0,7.75
1591,ACC00001591,3448,Savings,Active,2019-11-24,0.0,4.02
1592,ACC00001592,8899,Loan,Active,2024-09-28,1308100.0,9.54
1593,ACC00001593,5906,Savings,Active,2018-09-23,0.0,4.15
1594,ACC00001594,9839,Current,Blocked,2023-05-08,1909100.0,4.54
1595,ACC00001595,4186,Savings,Active,2022-11-11,0.0,4.69
1596,ACC00001596,1524,Savings,Active,2018-10-20,0.0,3.74
1597,ACC00001597,9476,Savings,Active,2025-10-24,0.0,3.39
1598,ACC00001598,268,Current,Active,2023-12-26,553000.0,3.36
1599,ACC00001599,6197,Savings,Active,2018-10-05,0.0,2.68
1600,ACC00001600,8464,Savings,Active,2020-07-22,0.0,3.14
1601,ACC00001601,6554,Current,Active,2024-06-10,258100.0,3.01
1602,ACC00001602,1794,Loan,Active,2022-06-21,780000.0,11.58
1603,ACC00001603,29,Loan,Active,2019-04-03,654900.0,11.34
1604,ACC00001604,7676,Fixed Deposit,Active,2024-07-26,0.0,8.23
1605,ACC00001605,1520,Savings,Active,2023-06-28,0.0,4.13
1606,ACC00001606,9099,Savings,Active,2019-09-14,0.0,3.69
1607,ACC00001607,9573,Savings,Active,2019-09-02,0.0,2.54
1608,ACC00001608,674,Fixed Deposit,Active,2020-05-06,0.0,6.86
1609,ACC00001609,4598,Savings,Active,2025-03-06,0.0,2.8
1610,ACC00001610,7111,Loan,Closed,2023-12-25,834600.0,13.18
1611,ACC00001611,9447,Current,Active,2023-01-26,238500.0,4.64
1612,ACC00001612,9185,Savings,Active,2019-12-23,0.0,2.61
1613,ACC00001613,2225,Salary,Active,2018-10-13,0.0,3.69
1614,ACC00001614,8539,Savings,Active,2020-02-28,0.0,4.36
1615,ACC00001615,6288,Salary,Active,2019-06-25,0.0,3.27
1616,ACC00001616,7054,Salary,Active,2022-08-31,0.0,3.85
1617,ACC00001617,3341,Savings,Blocked,2024-12-31,0.0,4.57
1618,ACC00001618,5027,Fixed Deposit,Active,2021-03-14,0.0,6.75
1619,ACC00001619,6888,Savings,Active,2024-02-22,0.0,2.85
1620,ACC00001620,4332,Savings,Active,2019-09-01,0.0,4.81
1621,ACC00001621,2429,Salary,Active,2018-03-05,0.0,3.48
1622,ACC00001622,5871,Loan,Dormant,2020-06-21,268400.0,14.41
1623,ACC00001623,7029,Loan,Active,2019-02-22,925200.0,9.94
1624,ACC00001624,6064,Fixed Deposit,Dormant,2022-08-15,0.0,6.47
1625,ACC00001625,8169,Salary,Closed,2023-12-23,0.0,4.92
1626,ACC00001626,9969,Current,Active,2021-07-11,140100.0,4.09
1627,ACC00001627,7899,Current,Dormant,2020-05-21,143200.0,3.36
1628,ACC00001628,2166,Current,Dormant,2025-09-03,418300.0,3.6
1629,ACC00001629,72,Loan,Active,2023-03-16,1105000.0,8.11
1630,ACC00001630,2807,Savings,Active,2020-10-05,0.0,4.92
1631,ACC00001631,2632,Current,Active,2024-03-16,1432400.0,4.96
1632,ACC00001632,6429,Savings,Active,2023-12-20,0.0,4.17
1633,ACC00001633,5635,Current,Active,2018-07-13,530900.0,3.41
1634,ACC00001634,5023,Current,Active,2021-11-18,795900.0,3.59
1635,ACC00001635,7821,Loan,Active,2019-04-02,1072500.0,10.14
1636,ACC00001636,9169,Savings,Active,2023-06-15,0.0,4.32
1637,ACC00001637,1712,Salary,Active,2023-03-16,0.0,3.35
1638,ACC00001638,3587,Salary,Active,2024-02-16,0.0,3.79
1639,ACC00001639,6146,Savings,Active,2018-10-16,0.0,3.71
1640,ACC00001640,5665,Current,Active,2021-04-08,1883300.0,4.61
1641,ACC00001641,8226,Current,Active,2022-11-22,1958200.0,2.54
1642,ACC00001642,2086,Loan,Active,2025-11-17,676600.0,9.34
1643,ACC00001643,2175,Savings,Active,2019-05-27,0.0,2.95
1644,ACC00001644,9934,Current,Active,2024-03-31,1544500.0,3.28
1645,ACC00001645,4244,Savings,Active,2018-11-27,0.0,4.17
1646,ACC00001646,7818,Savings,Active,2023-12-22,0.0,4.53
1647,ACC00001647,6100,Savings,Blocked,2025-04-25,0.0,4.33
1648,ACC00001648,4592,Current,Dormant,2024-12-30,1083800.0,3.2
1649,ACC00001649,2108,Salary,Active,2019-11-20,0.0,3.8
1650,ACC00001650,450,Current,Active,2025-03-16,490200.0,3.29
1651,ACC00001651,4846,Current,Active,2021-10-28,791200.0,3.66
1652,ACC00001652,8893,Salary,Active,2020-06-09,0.0,4.03
1653,ACC00001653,8883,Savings,Active,2023-01-17,0.0,2.65
1654,ACC00001654,6411,Savings,Active,2024-04-19,0.0,4.89
1655,ACC00001655,2764,Loan,Blocked,2020-02-21,1292100.0,7.8
1656,ACC00001656,8127,Loan,Active,2018-03-13,253000.0,13.26
1657,ACC00001657,5267,Salary,Active,2018-06-10,0.0,3.69
1658,ACC00001658,6639,Fixed Deposit,Closed,2022-11-21,0.0,8.22
1659,ACC00001659,6929,Savings,Active,2020-10-22,0.0,2.8
1660,ACC00001660,684,Savings,Active,2022-01-29,0.0,4.76
1661,ACC00001661,9405,Current,Dormant,2019-12-28,524100.0,3.08
1662,ACC00001662,9416,Savings,Active,2022-03-05,0.0,4.23
1663,ACC00001663,2169,Savings,Active,2024-02-06,0.0,3.89
1664,ACC00001664,1651,Savings,Active,2021-10-19,0.0,4.41
1665,ACC00001665,4248,Loan,Active,2024-10-12,1225600.0,12.62
1666,ACC00001666,4267,Loan,Active,2025-12-09,1212100.0,13.18
1667,ACC00001667,2385,Savings,Active,2024-01-01,0.0,4.13
1668,ACC00001668,6238,Loan,Active,2020-10-07,1867400.0,9.38
1669,ACC00001669,9193,Savings,Active,2024-07-18,0.0,3.72
1670,ACC00001670,7915,Salary,Active,2025-11-02,0.0,4.57
1671,ACC00001671,1801,Savings,Active,2024-09-22,0.0,4.45
1672,ACC00001672,5570,Savings,Active,2025-08-20,0.0,2.92
1673,ACC00001673,6142,Loan,Active,2018-11-09,316300.0,13.95
1674,ACC00001674,1184,Savings,Active,2024-01-23,0.0,4.93
1675,ACC00001675,5339,Savings,Active,2018-05-08,0.0,4.96
1676,ACC00001676,2473,Loan,Active,2024-03-25,1572700.0,13.73
1677,ACC00001677,9227,Salary,Active,2023-10-15,0.0,4.37
1678,ACC00001678,7105,Savings,Closed,2023-08-03,0.0,4.1
1679,ACC00001679,2164,Fixed Deposit,Active,2024-09-01,0.0,7.39
1680,ACC00001680,8933,Salary,Active,2019-04-19,0.0,4.02
1681,ACC00001681,3080,Savings,Active,2021-01-03,0.0,4.21
1682,ACC00001682,7470,Savings,Active,2024-04-10,0.0,2.63
1683,ACC00001683,2700,Salary,Active,2023-02-16,0.0,3.32
1684,ACC00001684,9587,Fixed Deposit,Active,2025-01-03,0.0,7.29
1685,ACC00001685,5592,Current,Active,2021-07-18,513800.0,3.25
1686,ACC00001686,1489,Current,Active,2019-12-17,1615000.0,3.57
1687,ACC00001687,3375,Fixed Deposit,Dormant,2018-07-11,0.0,5.78
1688,ACC00001688,6692,Loan,Active,2024-02-11,1473200.0,10.31
1689,ACC00001689,4678,Current,Active,2018-06-27,588100.0,4.95
1690,ACC00001690,1824,Savings,Closed,2018-01-17,0.0,3.76
1691,ACC00001691,4834,Savings,Dormant,2023-11-23,0.0,3.66
1692,ACC00001692,6956,Loan,Active,2021-11-24,573200.0,9.19
1693,ACC00001693,4496,Fixed Deposit,Active,2021-02-09,0.0,7.53
1694,ACC00001694,8032,Salary,Active,2021-01-27,0.0,4.05
1695,ACC00001695,9873,Current,Active,2018-09-16,461400.0,2.65
1696,ACC00001696,4768,Savings,Active,2019-05-19,0.0,4.79
1697,ACC00001697,5530,Savings,Active,2024-06-05,0.0,3.33
1698,ACC00001698,7625,Fixed Deposit,Active,2020-04-09,0.0,8.25
1699,ACC00001699,7154,Savings,Active,2024-07-23,0.0,4.76
1700,ACC00001700,4062,Current,Active,2024-08-20,98900.0,4.27
1701,ACC00001701,5940,Current,Active,2019-01-28,1673400.0,2.82
1702,ACC00001702,8728,Fixed Deposit,Active,2024-08-27,0.0,8.07
1703,ACC00001703,5675,Savings,Dormant,2024-06-21,0.0,3.99
1704,ACC00001704,9851,Current,Active,2023-10-24,671500.0,4.47
1705,ACC00001705,4719,Loan,Dormant,2022-11-15,1177300.0,8.22
1706,ACC00001706,5409,Salary,Active,2020-08-29,0.0,4.9
1707,ACC00001707,9713,Savings,Dormant,2025-11-12,0.0,2.66
1708,ACC00001708,5641,Salary,Active,2025-12-24,0.0,3.67
1709,ACC00001709,8227,Current,Active,2022-11-08,989100.0,4.23
1710,ACC00001710,2568,Current,Active,2019-05-26,459500.0,4.31
1711,ACC00001711,8337,Current,Active,2021-01-23,1211100.0,3.16
1712,ACC00001712,6736,Salary,Active,2019-03-21,0.0,4.1
1713,ACC00001713,3092,Fixed Deposit,Active,2025-08-27,0.0,8.24
1714,ACC00001714,4571,Savings,Active,2023-03-28,0.0,3.36
1715,ACC00001715,4430,Loan,Dormant,2021-07-20,1092400.0,10.52
1716,ACC00001716,7190,Savings,Active,2019-09-17,0.0,3.65
1717,ACC00001717,438,Salary,Active,2020-12-17,0.0,4.64
1718,ACC00001718,881,Savings,Active,2020-03-25,0.0,2.86
1719,ACC00001719,1233,Salary,Active,2025-10-04,0.0,3.64
1720,ACC00001720,6733,Savings,Active,2020-11-26,0.0,4.03
1721,ACC00001721,4467,Savings,Active,2019-12-11,0.0,3.28
1722,ACC00001722,4177,Savings,Active,2019-02-05,0.0,4.95
1723,ACC00001723,8139,Savings,Active,2025-09-19,0.0,3.77
1724,ACC00001724,4816,Savings,Active,2018-08-18,0.0,3.19
1725,ACC00001725,6303,Current,Active,2025-10-19,1933200.0,4.16
1726,ACC00001726,1365,Savings,Dormant,2022-02-26,0.0,4.62
1727,ACC00001727,2017,Savings,Active,2023-07-21,0.0,3.31
1728,ACC00001728,1165,Savings,Active,2019-12-25,0.0,3.63
1729,ACC00001729,7281,Savings,Active,2023-03-27,0.0,4.87
1730,ACC00001730,6794,Savings,Active,2022-11-04,0.0,2.84
1731,ACC00001731,9103,Savings,Active,2020-10-13,0.0,2.98
1732,ACC00001732,1147,Loan,Active,2021-01-31,1214100.0,9.44
1733,ACC00001733,9579,Fixed Deposit,Active,2020-10-11,0.0,7.53
1734,ACC00001734,7757,Loan,Active,2022-06-04,1776000.0,13.57
1735,ACC00001735,4608,Fixed Deposit,Active,2022-10-30,0.0,5.87
1736,ACC00001736,917,Savings,Active,2020-06-21,0.0,4.08
1737,ACC00001737,1710,Savings,Active,2023-03-11,0.0,3.62
1738,ACC00001738,5867,Salary,Active,2019-11-05,0.0,3.38
1739,ACC00001739,7978,Loan,Active,2019-10-06,670100.0,7.95
1740,ACC00001740,9709,Salary,Active,2022-05-04,0.0,4.05
1741,ACC00001741,9415,Current,Active,2023-04-21,166500.0,3.58
1742,ACC00001742,3653,Current,Active,2022-08-03,817000.0,3.55
1743,ACC00001743,134,Current,Active,2024-03-01,114100.0,3.31
1744,ACC00001744,2563,Current,Active,2018-03-15,385500.0,4.56
1745,ACC00001745,8501,Savings,Active,2023-02-24,0.0,2.91
1746,ACC00001746,4618,Savings,Active,2024-10-16,0.0,4.01
1747,ACC00001747,4632,Savings,Active,2018-05-04,0.0,4.93
1748,ACC00001748,417,Current,Active,2018-03-10,365200.0,2.99
1749,ACC00001749,9556,Savings,Active,2019-05-18,0.0,3.54
1750,ACC00001750,2326,Savings,Active,2018-06-15,0.0,4.29
1751,ACC00001751,2877,Loan,Active,2020-01-24,1019000.0,9.44
1752,ACC00001752,2528,Salary,Active,2024-12-23,0.0,2.53
1753,ACC00001753,9438,Savings,Active,2020-08-14,0.0,4.27
1754,ACC00001754,1859,Fixed Deposit,Active,2021-10-20,0.0,7.59
1755,ACC00001755,5299,Savings,Active,2023-11-02,0.0,4.39
1756,ACC00001756,9732,Fixed Deposit,Closed,2021-06-20,0.0,7.55
1757,ACC00001757,807,Salary,Active,2021-08-04,0.0,3.26
1758,ACC00001758,5151,Current,Closed,2022-05-11,1233200.0,4.45
1759,ACC00001759,5561,Salary,Blocked,2025-06-03,0.0,3.17
1760,ACC00001760,4297,Loan,Active,2023-02-01,1409800.0,11.1
1761,ACC00001761,2078,Current,Active,2020-04-14,349600.0,3.17
1762,ACC00001762,9461,Savings,Active,2019-04-26,0.0,3.14
1763,ACC00001763,3545,Current,Active,2022-05-06,350800.0,3.37
1764,ACC00001764,6644,Savings,Active,2025-06-05,0.0,4.98
1765,ACC00001765,3239,Current,Active,2018-01-24,694700.0,2.77
1766,ACC00001766,4707,Savings,Active,2021-08-23,0.0,3.6
1767,ACC00001767,3321,Salary,Dormant,2018-03-13,0.0,4.79
1768,ACC00001768,1188,Savings,Active,2019-03-06,0.0,2.52
1769,ACC00001769,2666,Current,Active,2020-01-10,946700.0,4.79
1770,ACC00001770,2350,Fixed Deposit,Dormant,2022-09-17,0.0,6.98
1771,ACC00001771,2837,Current,Active,2024-03-10,179000.0,3.61
1772,ACC00001772,497,Loan,Active,2023-06-23,591300.0,12.57
1773,ACC00001773,386,Savings,Active,2025-09-06,0.0,4.16
1774,ACC00001774,2250,Fixed Deposit,Active,2018-03-03,0.0,6.5
1775,ACC00001775,1831,Savings,Active,2022-06-11,0.0,4.44
1776,ACC00001776,745,Fixed Deposit,Active,2020-11-18,0.0,7.9
1777,ACC00001777,8645,Current,Active,2019-11-08,791900.0,3.67
1778,ACC00001778,6029,Current,Active,2024-07-21,1081900.0,3.94
1779,ACC00001779,9383,Current,Active,2025-04-01,484000.0,3.84
1780,ACC00001780,2037,Savings,Active,2023-12-13,0.0,3.42
1781,ACC00001781,7093,Savings,Active,2025-02-12,0.0,4.92
1782,ACC00001782,5261,Salary,Active,2021-04-21,0.0,4.71
1783,ACC00001783,4706,Savings,Active,2022-07-17,0.0,4.73
1784,ACC00001784,8349,Salary,Active,2022-04-11,0.0,3.15
1785,ACC00001785,1375,Savings,Closed,2019-05-21,0.0,4.37
1786,ACC00001786,8776,Savings,Active,2025-06-07,0.0,3.9
1787,ACC00001787,1848,Salary,Active,2024-11-11,0.0,3.93
1788,ACC00001788,737,Savings,Active,2020-10-13,0.0,2.92
1789,ACC00001789,8825,Salary,Active,2022-10-21,0.0,3.64
1790,ACC00001790,411,Current,Active,2021-07-25,1461500.0,3.73
1791,ACC00001791,5593,Savings,Active,2023-01-31,0.0,4.22
1792,ACC00001792,6566,Current,Dormant,2022-08-29,742700.0,4.0
1793,ACC00001793,7538,Savings,Active,2020-01-01,0.0,3.11
1794,ACC00001794,9697,Savings,Active,2019-05-28,0.0,2.66
1795,ACC00001795,436,Savings,Active,2024-05-03,0.0,4.61
1796,ACC00001796,5456,Current,Active,2019-11-09,748100.0,4.04
1797,ACC00001797,8352,Loan,Active,2019-11-25,1745400.0,13.66
1798,ACC00001798,4568,Fixed Deposit,Active,2019-06-19,0.0,7.88
1799,ACC00001799,2882,Savings,Active,2022-06-14,0.0,4.88
1800,ACC00001800,2196,Savings,Active,2021-12-15,0.0,4.25
1801,ACC00001801,3134,Salary,Active,2020-08-04,0.0,4.16
1802,ACC00001802,3035,Savings,Active,2024-06-22,0.0,3.43
1803,ACC00001803,3670,Current,Active,2019-08-14,328100.0,3.75
1804,ACC00001804,5607,Loan,Active,2021-10-15,1045400.0,10.99
1805,ACC00001805,4608,Savings,Active,2023-02-01,0.0,3.4
1806,ACC00001806,6832,Fixed Deposit,Closed,2023-03-24,0.0,7.37
1807,ACC00001807,6355,Savings,Active,2020-04-14,0.0,3.46
1808,ACC00001808,2866,Savings,Active,2021-01-21,0.0,3.4
1809,ACC00001809,2812,Savings,Dormant,2023-03-27,0.0,3.66
1810,ACC00001810,3141,Current,Closed,2018-05-02,131300.0,3.95
1811,ACC00001811,1387,Fixed Deposit,Active,2020-09-15,0.0,5.77
1812,ACC00001812,8792,Savings,Active,2023-01-04,0.0,2.91
1813,ACC00001813,1186,Savings,Active,2023-09-29,0.0,3.55
1814,ACC00001814,627,Current,Active,2021-03-20,195000.0,4.06
1815,ACC00001815,1323,Savings,Active,2025-02-25,0.0,2.67
1816,ACC00001816,7701,Savings,Dormant,2022-04-24,0.0,4.75
1817,ACC00001817,5644,Savings,Active,2021-12-01,0.0,3.82
1818,ACC00001818,8224,Savings,Active,2025-12-17,0.0,3.88
1819,ACC00001819,7855,Current,Blocked,2025-04-25,1865100.0,4.16
1820,ACC00001820,1393,Savings,Active,2022-06-23,0.0,3.32
1821,ACC00001821,7638,Salary,Active,2022-09-26,0.0,3.27
1822,ACC00001822,1378,Savings,Active,2024-12-13,0.0,3.11
1823,ACC00001823,4545,Savings,Active,2024-01-13,0.0,4.63
1824,ACC00001824,8004,Savings,Active,2023-07-29,0.0,4.02
1825,ACC00001825,5905,Current,Dormant,2024-11-24,1710200.0,2.59
1826,ACC00001826,3935,Fixed Deposit,Active,2019-03-27,0.0,7.13
1827,ACC00001827,7016,Salary,Active,2024-09-07,0.0,2.73
1828,ACC00001828,7329,Savings,Active,2019-05-25,0.0,2.85
1829,ACC00001829,2240,Salary,Active,2020-03-12,0.0,4.04
1830,ACC00001830,476,Savings,Active,2019-05-28,0.0,2.66
1831,ACC00001831,2559,Savings,Active,2021-06-07,0.0,4.84
1832,ACC00001832,8666,Current,Closed,2020-07-21,1541700.0,4.3
1833,ACC00001833,8689,Salary,Active,2020-02-01,0.0,4.69
1834,ACC00001834,8302,Current,Active,2023-06-11,1079100.0,4.99
1835,ACC00001835,802,Current,Dormant,2023-10-20,1971900.0,3.21
1836,ACC00001836,5006,Salary,Active,2020-08-20,0.0,4.38
1837,ACC00001837,1498,Loan,Active,2024-03-03,483100.0,8.27
1838,ACC00001838,1381,Loan,Active,2023-10-07,1373200.0,14.46
1839,ACC00001839,9695,Current,Active,2019-06-12,391100.0,4.3
1840,ACC00001840,9510,Salary,Dormant,2022-05-19,0.0,3.86
1841,ACC00001841,6704,Savings,Active,2019-02-16,0.0,2.6
1842,ACC00001842,28,Loan,Active,2023-10-19,1764400.0,9.25
1843,ACC00001843,4472,Savings,Active,2023-04-22,0.0,3.09
1844,ACC00001844,5033,Savings,Blocked,2019-08-17,0.0,2.95
1845,ACC00001845,9452,Savings,Active,2021-04-09,0.0,3.53
1846,ACC00001846,4584,Savings,Dormant,2021-05-15,0.0,3.77
1847,ACC00001847,2011,Savings,Active,2020-06-28,0.0,3.56
1848,ACC00001848,3393,Current,Active,2019-10-16,995600.0,3.19
1849,ACC00001849,2024,Fixed Deposit,Active,2020-11-08,0.0,8.43
1850,ACC00001850,3132,Savings,Active,2020-05-11,0.0,3.25
1851,ACC00001851,4321,Fixed Deposit,Active,2018-10-02,0.0,5.9
1852,ACC00001852,9669,Savings,Active,2020-06-14,0.0,4.57
1853,ACC00001853,7781,Current,Active,2020-07-17,1655800.0,3.51
1854,ACC00001854,1384,Salary,Dormant,2024-01-23,0.0,4.97
1855,ACC00001855,2859,Current,Active,2018-02-01,1063200.0,3.47
1856,ACC00001856,8924,Savings,Active,2019-10-25,0.0,3.38
1857,ACC00001857,9940,Current,Active,2023-11-16,159100.0,3.6
1858,ACC00001858,6568,Savings,Active,2025-04-02,0.0,3.37
1859,ACC00001859,2090,Savings,Closed,2022-12-23,0.0,4.16
1860,ACC00001860,5541,Savings,Active,2023-01-16,0.0,4.42
1861,ACC00001861,9172,Savings,Closed,2024-08-08,0.0,3.19
1862,ACC00001862,4421,Salary,Active,2024-12-01,0.0,2.83
1863,ACC00001863,6479,Savings,Active,2018-05-23,0.0,4.14
1864,ACC00001864,4718,Current,Active,2019-11-02,333000.0,3.02
1865,ACC00001865,8309,Current,Active,2019-08-04,412700.0,3.95
1866,ACC00001866,581,Savings,Dormant,2023-08-24,0.0,3.94
1867,ACC00001867,2146,Savings,Active,2024-05-14,0.0,3.29
1868,ACC00001868,9703,Savings,Active,2025-09-13,0.0,4.18
1869,ACC00001869,4987,Savings,Active,2020-04-30,0.0,3.76
1870,ACC00001870,186,Savings,Active,2018-04-16,0.0,2.51
1871,ACC00001871,1767,Current,Active,2018-08-22,1128800.0,4.06
1872,ACC00001872,3576,Current,Active,2018-05-08,1082400.0,3.3
1873,ACC00001873,8023,Savings,Active,2024-11-07,0.0,3.96
1874,ACC00001874,1809,Salary,Active,2021-06-25,0.0,3.69
1875,ACC00001875,1417,Fixed Deposit,Active,2019-05-17,0.0,8.09
1876,ACC00001876,2782,Savings,Active,2023-08-09,0.0,2.88
1877,ACC00001877,1776,Savings,Active,2025-05-16,0.0,3.5
1878,ACC00001878,3022,Savings,Active,2020-11-13,0.0,3.4
1879,ACC00001879,5406,Savings,Active,2021-11-22,0.0,4.11
1880,ACC00001880,5983,Current,Active,2020-12-07,1249700.0,3.39
1881,ACC00001881,3645,Savings,Active,2025-10-01,0.0,2.72
1882,ACC00001882,8385,Loan,Active,2025-10-14,731500.0,13.47
1883,ACC00001883,1435,Savings,Active,2024-08-25,0.0,4.79
1884,ACC00001884,3885,Salary,Active,2021-06-27,0.0,4.67
1885,ACC00001885,5160,Salary,Active,2021-01-28,0.0,2.64
1886,ACC00001886,8509,Current,Blocked,2025-12-10,1061900.0,4.35
1887,ACC00001887,7160,Current,Active,2019-12-07,1495400.0,3.57
1888,ACC00001888,190,Savings,Active,2020-12-13,0.0,3.96
1889,ACC00001889,3820,Savings,Active,2023-12-17,0.0,3.68
1890,ACC00001890,2225,Loan,Blocked,2020-04-27,1121600.0,8.45
1891,ACC00001891,1770,Savings,Active,2023-05-29,0.0,3.32
1892,ACC00001892,1769,Current,Active,2025-04-14,1270400.0,4.27
1893,ACC00001893,2962,Fixed Deposit,Active,2018-07-26,0.0,8.31
1894,ACC00001894,4581,Savings,Active,2020-01-13,0.0,4.7
1895,ACC00001895,8843,Savings,Active,2023-01-10,0.0,3.67
1896,ACC00001896,8316,Savings,Active,2020-05-01,0.0,3.68
1897,ACC00001897,1907,Savings,Active,2018-05-07,0.0,2.77
1898,ACC00001898,3787,Savings,Active,2019-05-25,0.0,2.63
1899,ACC00001899,4719,Savings,Active,2021-08-26,0.0,3.62
1900,ACC00001900,9500,Savings,Closed,2019-05-13,0.0,3.84
1901,ACC00001901,7415,Savings,Active,2020-04-25,0.0,2.85
1902,ACC00001902,7458,Current,Active,2019-12-08,1987300.0,4.71
1903,ACC00001903,4289,Savings,Active,2020-04-26,0.0,2.86
1904,ACC00001904,5894,Savings,Active,2024-08-08,0.0,4.05
1905,ACC00001905,7073,Fixed Deposit,Active,2020-02-07,0.0,7.67
1906,ACC00001906,9250,Savings,Active,2019-11-20,0.0,3.44
1907,ACC00001907,16,Fixed Deposit,Active,2022-05-25,0.0,5.74
1908,ACC00001908,5200,Savings,Dormant,2018-06-20,0.0,3.54
1909,ACC00001909,5392,Salary,Dormant,2021-06-14,0.0,2.67
1910,ACC00001910,7027,Fixed Deposit,Active,2023-06-08,0.0,8.06
1911,ACC00001911,1166,Salary,Active,2020-07-23,0.0,4.13
1912,ACC00001912,4730,Fixed Deposit,Closed,2022-06-19,0.0,8.4
1913,ACC00001913,2750,Savings,Active,2022-02-16,0.0,2.66
1914,ACC00001914,6874,Savings,Active,2021-08-09,0.0,4.0
1915,ACC00001915,6547,Savings,Active,2018-10-09,0.0,2.98
1916,ACC00001916,7869,Salary,Active,2018-03-27,0.0,4.0
1917,ACC00001917,5058,Loan,Active,2023-09-15,1147600.0,11.6
1918,ACC00001918,7666,Savings,Active,2023-01-30,0.0,4.26
1919,ACC00001919,3354,Loan,Active,2019-04-10,650600.0,13.13
1920,ACC00001920,7443,Fixed Deposit,Active,2019-12-15,0.0,7.23
1921,ACC00001921,3452,Fixed Deposit,Active,2022-07-07,0.0,6.74
1922,ACC00001922,3056,Current,Active,2023-04-30,596200.0,4.91
1923,ACC00001923,5363,Savings,Active,2022-03-26,0.0,2.79
1924,ACC00001924,8913,Savings,Active,2020-01-31,0.0,2.77
1925,ACC00001925,2590,Current,Closed,2018-01-31,882500.0,4.31
1926,ACC00001926,1996,Fixed Deposit,Active,2021-08-30,0.0,6.91
1927,ACC00001927,9785,Current,Dormant,2021-07-31,1282000.0,4.44
1928,ACC00001928,2728,Savings,Active,2019-02-23,0.0,4.92
1929,ACC00001929,4892,Fixed Deposit,Active,2021-07-03,0.0,7.75
1930,ACC00001930,686,Savings,Active,2019-12-24,0.0,3.36
1931,ACC00001931,4553,Savings,Active,2022-03-06,0.0,3.28
1932,ACC00001932,5330,Savings,Active,2022-09-17,0.0,3.08
1933,ACC00001933,2776,Savings,Active,2019-08-12,0.0,4.18
1934,ACC00001934,8736,Salary,Active,2020-07-04,0.0,3.34
1935,ACC00001935,4183,Loan,Active,2022-04-21,776400.0,9.95
1936,ACC00001936,6586,Savings,Active,2018-03-04,0.0,4.16
1937,ACC00001937,5452,Savings,Active,2020-12-29,0.0,2.93
1938,ACC00001938,9882,Current,Active,2023-05-18,1397400.0,4.68
1939,ACC00001939,1350,Current,Active,2025-05-24,1105600.0,4.47
1940,ACC00001940,5317,Savings,Active,2024-09-30,0.0,4.31
1941,ACC00001941,6231,Savings,Active,2019-03-10,0.0,3.35
1942,ACC00001942,4974,Current,Active,2018-07-02,655500.0,4.23
1943,ACC00001943,9760,Current,Active,2022-05-05,1844300.0,4.09
1944,ACC00001944,186,Loan,Active,2020-05-01,690900.0,9.87
1945,ACC00001945,576,Current,Active,2025-02-24,1878300.0,2.7
1946,ACC00001946,4429,Fixed Deposit,Active,2021-12-21,0.0,6.06
1947,ACC00001947,4329,Loan,Active,2024-07-18,1683000.0,11.11
1948,ACC00001948,5491,Savings,Active,2024-09-07,0.0,3.03
1949,ACC00001949,2913,Savings,Active,2018-04-16,0.0,3.25
1950,ACC00001950,6624,Loan,Active,2019-01-05,1799400.0,12.96
1951,ACC00001951,2768,Current,Active,2020-04-25,1413700.0,2.91
1952,ACC00001952,4909,Savings,Closed,2019-01-16,0.0,2.62
1953,ACC00001953,6036,Savings,Active,2018-04-15,0.0,4.91
1954,ACC00001954,915,Savings,Active,2019-01-08,0.0,4.09
1955,ACC00001955,859,Savings,Active,2021-06-29,0.0,4.39
1956,ACC00001956,720,Current,Active,2020-12-01,224300.0,3.4
1957,ACC00001957,1929,Savings,Active,2024-03-17,0.0,4.34
1958,ACC00001958,147,Savings,Active,2018-01-31,0.0,3.96
1959,ACC00001959,6110,Savings,Active,2021-12-08,0.0,4.43
1960,ACC00001960,6907,Fixed Deposit,Active,2022-02-20,0.0,7.23
1961,ACC00001961,3447,Salary,Active,2021-06-14,0.0,4.14
1962,ACC00001962,6183,Loan,Active,2023-08-17,1787300.0,11.1
1963,ACC00001963,5777,Savings,Active,2020-03-20,0.0,3.58
1964,ACC00001964,9150,Loan,Active,2021-12-04,1772800.0,10.5
1965,ACC00001965,7134,Current,Active,2022-08-05,552100.0,2.99
1966,ACC00001966,8157,Savings,Blocked,2020-03-19,0.0,3.34
1967,ACC00001967,4994,Savings,Active,2018-02-12,0.0,3.96
1968,ACC00001968,3056,Savings,Active,2021-08-02,0.0,3.25
1969,ACC00001969,8259,Savings,Closed,2023-08-19,0.0,3.67
1970,ACC00001970,9217,Savings,Active,2019-05-17,0.0,4.19
1971,ACC00001971,2181,Current,Active,2018-05-11,1421900.0,4.94
1972,ACC00001972,3425,Savings,Active,2020-11-26,0.0,3.9
1973,ACC00001973,6526,Current,Dormant,2024-09-25,1317900.0,4.06
1974,ACC00001974,9815,Salary,Active,2019-03-20,0.0,2.68
1975,ACC00001975,2706,Salary,Active,2018-11-26,0.0,3.6
1976,ACC00001976,5119,Fixed Deposit,Active,2024-02-14,0.0,7.77
1977,ACC00001977,68,Savings,Active,2018-08-24,0.0,3.02
1978,ACC00001978,9065,Salary,Active,2022-11-25,0.0,2.95
1979,ACC00001979,4193,Savings,Active,2021-05-16,0.0,4.92
1980,ACC00001980,8666,Savings,Active,2019-08-04,0.0,2.59
1981,ACC00001981,2846,Current,Active,2020-06-06,1872200.0,4.8
1982,ACC00001982,8785,Loan,Active,2019-01-27,806400.0,7.86
1983,ACC00001983,2783,Current,Active,2023-06-29,1386700.0,4.28
1984,ACC00001984,6128,Fixed Deposit,Active,2019-08-07,0.0,7.56
1985,ACC00001985,9523,Salary,Active,2021-01-21,0.0,3.76
1986,ACC00001986,586,Salary,Dormant,2022-12-29,0.0,2.81
1987,ACC00001987,3261,Savings,Closed,2018-04-18,0.0,2.59
1988,ACC00001988,7344,Current,Active,2019-10-26,1562300.0,4.37
1989,ACC00001989,6946,Fixed Deposit,Active,2025-08-02,0.0,6.2
1990,ACC00001990,3583,Salary,Active,2023-09-04,0.0,2.82
1991,ACC00001991,854,Savings,Active,2021-10-23,0.0,4.0
1992,ACC00001992,135,Salary,Active,2024-04-22,0.0,4.86
1993,ACC00001993,4901,Savings,Active,2019-06-16,0.0,2.96
1994,ACC00001994,6415,Loan,Closed,2019-05-15,1839600.0,11.43
1995,ACC00001995,723,Loan,Active,2020-02-07,1407200.0,12.66
1996,ACC00001996,8037,Fixed Deposit,Active,2024-12-15,0.0,7.79
1997,ACC00001997,384,Savings,Active,2020-11-10,0.0,2.64
1998,ACC00001998,613,Savings,Dormant,2018-10-12,0.0,3.36
1999,ACC00001999,4798,Fixed Deposit,Active,2021-05-09,0.0,6.86
2000,ACC00002000,4722,Current,Active,2023-01-28,1220800.0,3.51
2001,ACC00002001,7278,Fixed Deposit,Active,2023-07-04,0.0,6.53
2002,ACC00002002,4009,Fixed Deposit,Active,2018-03-13,0.0,6.24
2003,ACC00002003,7229,Fixed Deposit,Active,2022-08-25,0.0,8.4
2004,ACC00002004,156,Savings,Active,2023-01-13,0.0,4.4
2005,ACC00002005,2289,Salary,Blocked,2022-04-27,0.0,3.96
2006,ACC00002006,1016,Loan,Dormant,2019-09-02,1250000.0,8.11
2007,ACC00002007,5971,Savings,Active,2018-01-09,0.0,3.96
2008,ACC00002008,7926,Salary,Active,2018-12-01,0.0,2.51
2009,ACC00002009,7605,Savings,Active,2023-08-04,0.0,4.93
2010,ACC00002010,8359,Savings,Active,2023-03-01,0.0,4.08
2011,ACC00002011,4065,Fixed Deposit,Active,2025-08-20,0.0,5.54
2012,ACC00002012,1339,Savings,Active,2020-10-27,0.0,2.54
2013,ACC00002013,6209,Savings,Active,2019-05-20,0.0,3.09
2014,ACC00002014,5487,Savings,Active,2019-12-08,0.0,4.49
2015,ACC00002015,120,Savings,Active,2024-04-08,0.0,3.35
2016,ACC00002016,6889,Fixed Deposit,Active,2020-10-05,0.0,7.96
2017,ACC00002017,8880,Savings,Active,2021-12-12,0.0,2.96
2018,ACC00002018,5553,Loan,Active,2018-04-14,570100.0,12.76
2019,ACC00002019,6926,Current,Active,2024-04-12,1954100.0,3.82
2020,ACC00002020,9283,Salary,Active,2018-12-21,0.0,4.52
2021,ACC00002021,8308,Savings,Active,2022-05-25,0.0,3.05
2022,ACC00002022,705,Fixed Deposit,Active,2018-07-02,0.0,6.61
2023,ACC00002023,325,Savings,Dormant,2021-12-14,0.0,4.87
2024,ACC00002024,8198,Savings,Active,2025-05-02,0.0,3.45
2025,ACC00002025,1070,Salary,Active,2025-05-21,0.0,4.79
2026,ACC00002026,7210,Savings,Closed,2019-04-06,0.0,2.75
2027,ACC00002027,8381,Current,Active,2022-11-02,725000.0,3.6
2028,ACC00002028,1055,Salary,Closed,2023-01-07,0.0,3.13
2029,ACC00002029,4047,Current,Dormant,2022-03-21,808700.0,3.14
2030,ACC00002030,1946,Savings,Active,2023-10-06,0.0,3.44
2031,ACC00002031,1466,Current,Active,2021-06-25,151000.0,3.82
2032,ACC00002032,8481,Current,Active,2022-11-01,58100.0,3.29
2033,ACC00002033,2919,Current,Active,2020-11-18,489300.0,3.4
2034,ACC00002034,3461,Savings,Dormant,2022-05-11,0.0,3.62
2035,ACC00002035,7135,Savings,Active,2020-05-14,0.0,3.1
2036,ACC00002036,1913,Savings,Closed,2021-08-03,0.0,4.51
2037,ACC00002037,2037,Savings,Blocked,2025-08-30,0.0,4.46
2038,ACC00002038,645,Fixed Deposit,Active,2021-01-24,0.0,7.63
2039,ACC00002039,6664,Current,Active,2025-09-06,932800.0,3.95
2040,ACC00002040,4166,Savings,Active,2024-02-06,0.0,2.84
2041,ACC00002041,4927,Savings,Active,2021-07-16,0.0,4.57
2042,ACC00002042,1774,Savings,Active,2025-08-19,0.0,4.39
2043,ACC00002043,5822,Savings,Active,2018-01-29,0.0,4.84
2044,ACC00002044,6480,Savings,Blocked,2025-04-22,0.0,4.46
2045,ACC00002045,5432,Salary,Dormant,2022-06-11,0.0,3.89
2046,ACC00002046,56,Savings,Active,2024-02-12,0.0,3.43
2047,ACC00002047,7167,Savings,Active,2018-06-05,0.0,3.36
2048,ACC00002048,6382,Current,Active,2022-08-22,1419200.0,2.63
2049,ACC00002049,5330,Savings,Active,2019-06-26,0.0,4.12
2050,ACC00002050,62,Salary,Active,2022-01-15,0.0,4.69
2051,ACC00002051,4266,Savings,Active,2018-04-12,0.0,4.16
2052,ACC00002052,175,Current,Active,2024-12-24,198300.0,3.41
2053,ACC00002053,9334,Savings,Active,2024-11-08,0.0,4.89
2054,ACC00002054,3431,Savings,Active,2024-06-15,0.0,3.86
2055,ACC00002055,7973,Fixed Deposit,Active,2019-08-21,0.0,8.2
2056,ACC00002056,2755,Current,Closed,2023-01-30,1342200.0,2.85
2057,ACC00002057,4868,Savings,Active,2020-10-08,0.0,2.86
2058,ACC00002058,8671,Savings,Active,2023-08-22,0.0,3.45
2059,ACC00002059,5771,Salary,Dormant,2020-03-14,0.0,4.02
2060,ACC00002060,3614,Current,Closed,2018-05-22,807300.0,2.97
2061,ACC00002061,8783,Savings,Active,2023-07-10,0.0,4.84
2062,ACC00002062,2639,Salary,Active,2019-10-07,0.0,3.08
2063,ACC00002063,2746,Current,Active,2020-05-24,440200.0,4.9
2064,ACC00002064,4768,Loan,Active,2020-04-07,325100.0,13.64
2065,ACC00002065,7644,Current,Active,2018-11-09,1565000.0,3.11
2066,ACC00002066,6695,Loan,Active,2025-02-15,1232300.0,8.9
2067,ACC00002067,1931,Fixed Deposit,Active,2025-07-24,0.0,5.67
2068,ACC00002068,9371,Loan,Active,2024-06-16,1017200.0,9.32
2069,ACC00002069,1829,Savings,Active,2025-04-02,0.0,2.57
2070,ACC00002070,8992,Savings,Active,2020-09-06,0.0,3.89
2071,ACC00002071,2613,Current,Active,2022-05-07,1828900.0,4.69
2072,ACC00002072,1153,Savings,Active,2019-09-12,0.0,2.86
2073,ACC00002073,2744,Salary,Active,2024-07-08,0.0,3.41
2074,ACC00002074,7074,Savings,Active,2021-04-19,0.0,4.34
2075,ACC00002075,5842,Savings,Active,2024-08-07,0.0,3.04
2076,ACC00002076,5789,Savings,Active,2024-05-25,0.0,4.89
2077,ACC00002077,518,Savings,Active,2018-01-02,0.0,4.28
2078,ACC00002078,6329,Savings,Active,2019-06-19,0.0,3.18
2079,ACC00002079,971,Current,Dormant,2020-02-23,653800.0,2.99
2080,ACC00002080,6213,Savings,Closed,2018-09-05,0.0,4.92
2081,ACC00002081,9814,Fixed Deposit,Active,2018-12-27,0.0,7.22
2082,ACC00002082,5683,Savings,Active,2018-08-02,0.0,4.13
2083,ACC00002083,8717,Fixed Deposit,Active,2024-09-22,0.0,8.05
2084,ACC00002084,4428,Salary,Active,2025-03-12,0.0,3.24
2085,ACC00002085,1641,Salary,Active,2025-07-17,0.0,3.43
2086,ACC00002086,4740,Loan,Active,2019-05-13,369900.0,9.07
2087,ACC00002087,9254,Savings,Active,2023-11-26,0.0,3.46
2088,ACC00002088,5764,Current,Active,2018-02-08,465200.0,4.72
2089,ACC00002089,6814,Salary,Active,2020-10-02,0.0,4.91
2090,ACC00002090,6454,Current,Active,2019-01-07,536400.0,3.08
2091,ACC00002091,7233,Savings,Active,2018-07-07,0.0,4.24
2092,ACC00002092,7869,Savings,Active,2024-01-21,0.0,4.63
2093,ACC00002093,8607,Salary,Active,2025-06-29,0.0,2.56
2094,ACC00002094,3057,Fixed Deposit,Active,2019-08-24,0.0,6.76
2095,ACC00002095,3498,Salary,Active,2023-06-22,0.0,4.35
2096,ACC00002096,434,Savings,Active,2018-10-16,0.0,2.68
2097,ACC00002097,227,Salary,Active,2021-01-05,0.0,4.09
2098,ACC00002098,1852,Salary,Active,2024-03-08,0.0,3.07
2099,ACC00002099,9632,Salary,Blocked,2019-10-21,0.0,2.72
2100,ACC00002100,56,Current,Active,2020-04-18,1334200.0,2.65
2101,ACC00002101,9815,Salary,Active,2021-10-24,0.0,3.9
2102,ACC00002102,290,Current,Active,2025-01-09,87300.0,3.65
2103,ACC00002103,7910,Current,Active,2023-03-02,571400.0,3.3
2104,ACC00002104,3367,Current,Active,2021-05-01,1749400.0,4.41
2105,ACC00002105,4093,Savings,Active,2021-05-13,0.0,3.46
2106,ACC00002106,6954,Current,Active,2018-07-25,1147500.0,4.27
2107,ACC00002107,834,Salary,Active,2022-12-11,0.0,3.96
2108,ACC00002108,8462,Current,Blocked,2023-03-15,1948600.0,4.52
2109,ACC00002109,9382,Current,Active,2023-01-25,593600.0,3.41
2110,ACC00002110,3877,Salary,Dormant,2022-06-05,0.0,4.13
2111,ACC00002111,6156,Savings,Active,2023-08-18,0.0,3.41
2112,ACC00002112,9180,Salary,Active,2019-08-13,0.0,3.94
2113,ACC00002113,5560,Savings,Blocked,2021-07-13,0.0,3.33
2114,ACC00002114,7645,Fixed Deposit,Dormant,2024-08-01,0.0,5.98
2115,ACC00002115,8085,Savings,Active,2019-08-15,0.0,3.71
2116,ACC00002116,7591,Fixed Deposit,Active,2022-09-30,0.0,6.67
2117,ACC00002117,7088,Fixed Deposit,Dormant,2025-11-03,0.0,6.82
2118,ACC00002118,7792,Savings,Active,2025-04-01,0.0,4.48
2119,ACC00002119,8767,Fixed Deposit,Closed,2018-09-11,0.0,6.01
2120,ACC00002120,6602,Savings,Active,2022-05-05,0.0,4.05
2121,ACC00002121,1879,Fixed Deposit,Active,2022-05-02,0.0,6.25
2122,ACC00002122,1054,Savings,Active,2022-08-20,0.0,3.32
2123,ACC00002123,4438,Loan,Active,2024-08-02,1347000.0,10.48
2124,ACC00002124,7483,Current,Active,2020-01-09,1117500.0,3.48
2125,ACC00002125,2103,Fixed Deposit,Active,2020-04-16,0.0,5.66
2126,ACC00002126,7645,Current,Active,2021-11-24,1086800.0,3.59
2127,ACC00002127,8390,Current,Closed,2024-12-21,360100.0,2.64
2128,ACC00002128,5426,Current,Active,2020-06-22,1985000.0,3.21
2129,ACC00002129,8125,Savings,Active,2022-04-07,0.0,2.98
2130,ACC00002130,7587,Savings,Active,2019-09-25,0.0,3.16
2131,ACC00002131,7566,Loan,Active,2024-09-26,1841200.0,13.16
2132,ACC00002132,5422,Savings,Active,2023-09-11,0.0,3.91
2133,ACC00002133,8391,Savings,Active,2019-05-08,0.0,3.3
2134,ACC00002134,9062,Fixed Deposit,Active,2023-05-10,0.0,7.67
2135,ACC00002135,7978,Salary,Dormant,2021-04-05,0.0,3.37
2136,ACC00002136,8117,Savings,Active,2024-10-17,0.0,3.1
2137,ACC00002137,6163,Savings,Active,2023-06-11,0.0,4.64
2138,ACC00002138,173,Current,Active,2025-12-24,1732100.0,4.65
2139,ACC00002139,8896,Savings,Active,2022-03-30,0.0,4.14
2140,ACC00002140,459,Loan,Active,2020-03-17,1744800.0,9.46
2141,ACC00002141,9617,Savings,Active,2021-05-07,0.0,3.03
2142,ACC00002142,779,Fixed Deposit,Active,2019-06-16,0.0,6.59
2143,ACC00002143,5763,Fixed Deposit,Active,2022-05-05,0.0,7.9
2144,ACC00002144,792,Savings,Active,2019-11-10,0.0,4.59
2145,ACC00002145,8161,Savings,Active,2020-02-15,0.0,4.5
2146,ACC00002146,5499,Savings,Active,2020-01-29,0.0,3.07
2147,ACC00002147,2330,Savings,Active,2020-05-01,0.0,3.09
2148,ACC00002148,664,Savings,Closed,2018-08-19,0.0,2.69
2149,ACC00002149,2887,Loan,Dormant,2019-10-22,55200.0,10.76
2150,ACC00002150,8012,Current,Active,2025-01-31,1285400.0,2.86
2151,ACC00002151,9964,Savings,Active,2025-11-25,0.0,4.77
2152,ACC00002152,292,Current,Active,2020-08-07,1081100.0,3.49
2153,ACC00002153,8514,Savings,Active,2024-11-09,0.0,4.05
2154,ACC00002154,1649,Salary,Active,2020-07-04,0.0,3.17
2155,ACC00002155,9614,Current,Active,2019-10-25,112600.0,4.24
2156,ACC00002156,6004,Loan,Active,2022-05-28,265700.0,11.4
2157,ACC00002157,9391,Savings,Active,2025-02-11,0.0,2.54
2158,ACC00002158,9015,Savings,Active,2024-05-26,0.0,3.3
2159,ACC00002159,220,Savings,Active,2024-01-07,0.0,3.04
2160,ACC00002160,5272,Fixed Deposit,Active,2022-06-12,0.0,8.41
2161,ACC00002161,758,Current,Active,2025-01-21,1975500.0,2.58
2162,ACC00002162,9768,Savings,Active,2021-07-11,0.0,4.25
2163,ACC00002163,8383,Fixed Deposit,Active,2018-11-13,0.0,7.38
2164,ACC00002164,6833,Salary,Active,2019-04-14,0.0,2.88
2165,ACC00002165,1343,Loan,Dormant,2024-09-27,1789100.0,13.55
2166,ACC00002166,4969,Fixed Deposit,Active,2018-05-02,0.0,7.76
2167,ACC00002167,687,Savings,Active,2020-10-10,0.0,4.92
2168,ACC00002168,733,Savings,Active,2021-05-08,0.0,4.04
2169,ACC00002169,173,Current,Active,2022-01-10,1997300.0,4.94
2170,ACC00002170,2281,Fixed Deposit,Active,2020-08-02,0.0,5.84
2171,ACC00002171,7076,Salary,Active,2022-04-28,0.0,4.89
2172,ACC00002172,8943,Savings,Active,2018-04-03,0.0,3.71
2173,ACC00002173,651,Savings,Active,2018-05-25,0.0,2.64
2174,ACC00002174,85,Current,Active,2020-04-19,291500.0,4.43
2175,ACC00002175,3021,Salary,Active,2019-03-03,0.0,4.53
2176,ACC00002176,5859,Savings,Active,2025-09-05,0.0,3.01
2177,ACC00002177,6461,Savings,Active,2018-10-05,0.0,4.38
2178,ACC00002178,5359,Savings,Active,2018-09-30,0.0,4.28
2179,ACC00002179,7109,Savings,Active,2024-04-16,0.0,4.7
2180,ACC00002180,4885,Savings,Active,2020-12-27,0.0,4.47
2181,ACC00002181,4356,Fixed Deposit,Dormant,2022-09-06,0.0,6.45
2182,ACC00002182,7738,Savings,Closed,2021-12-09,0.0,2.86
2183,ACC00002183,3016,Salary,Active,2022-11-30,0.0,3.37
2184,ACC00002184,5341,Savings,Active,2022-04-07,0.0,4.3
2185,ACC00002185,4341,Current,Active,2023-12-14,1063000.0,4.12
2186,ACC00002186,385,Savings,Active,2021-04-19,0.0,2.89
2187,ACC00002187,453,Fixed Deposit,Active,2019-07-20,0.0,5.69
2188,ACC00002188,9293,Salary,Blocked,2018-01-27,0.0,3.1
2189,ACC00002189,3520,Savings,Active,2022-08-30,0.0,4.92
2190,ACC00002190,7386,Current,Active,2023-06-05,1972600.0,3.21
2191,ACC00002191,5324,Salary,Active,2025-03-01,0.0,4.93
2192,ACC00002192,7035,Fixed Deposit,Dormant,2021-09-08,0.0,5.86
2193,ACC00002193,6792,Current,Active,2023-11-21,1975900.0,2.82
2194,ACC00002194,497,Current,Active,2020-04-09,634900.0,3.24
2195,ACC00002195,9727,Savings,Active,2023-08-03,0.0,3.78
2196,ACC00002196,8446,Current,Active,2021-10-02,1776100.0,4.54
2197,ACC00002197,7074,Fixed Deposit,Active,2024-05-25,0.0,8.08
2198,ACC00002198,9074,Salary,Active,2023-10-09,0.0,3.66
2199,ACC00002199,7753,Savings,Active,2021-11-21,0.0,4.78
2200,ACC00002200,7040,Salary,Active,2018-05-28,0.0,4.78
2201,ACC00002201,8621,Savings,Dormant,2022-07-30,0.0,2.66
2202,ACC00002202,6673,Salary,Closed,2022-02-15,0.0,4.52
2203,ACC00002203,7650,Fixed Deposit,Active,2023-10-25,0.0,5.81
2204,ACC00002204,1936,Savings,Active,2021-11-29,0.0,3.49
2205,ACC00002205,4537,Fixed Deposit,Closed,2023-12-29,0.0,7.09
2206,ACC00002206,9052,Savings,Blocked,2022-11-17,0.0,4.66
2207,ACC00002207,6425,Savings,Active,2020-11-19,0.0,3.55
2208,ACC00002208,5910,Salary,Active,2019-04-23,0.0,4.1
2209,ACC00002209,439,Salary,Active,2021-04-24,0.0,4.25
2210,ACC00002210,3856,Savings,Active,2023-01-12,0.0,4.28
2211,ACC00002211,2320,Savings,Active,2018-01-02,0.0,3.53
2212,ACC00002212,2342,Loan,Active,2020-07-03,1649000.0,8.45
2213,ACC00002213,2390,Savings,Active,2021-03-04,0.0,4.12
2214,ACC00002214,9888,Loan,Active,2025-06-30,239400.0,10.07
2215,ACC00002215,7474,Fixed Deposit,Active,2021-05-27,0.0,8.04
2216,ACC00002216,1495,Savings,Active,2021-08-25,0.0,2.56
2217,ACC00002217,7353,Salary,Active,2023-01-07,0.0,4.2
2218,ACC00002218,7206,Savings,Active,2021-03-09,0.0,3.36
2219,ACC00002219,2071,Savings,Active,2024-09-14,0.0,3.13
2220,ACC00002220,2649,Savings,Active,2018-04-30,0.0,4.02
2221,ACC00002221,986,Savings,Active,2025-01-24,0.0,4.7
2222,ACC00002222,1060,Savings,Active,2025-11-28,0.0,3.7
2223,ACC00002223,8626,Current,Active,2024-05-06,1910200.0,4.66
2224,ACC00002224,9833,Savings,Active,2018-01-22,0.0,4.8
2225,ACC00002225,5486,Savings,Active,2023-04-13,0.0,4.85
2226,ACC00002226,9092,Current,Active,2020-10-26,1674000.0,3.48
2227,ACC00002227,7797,Savings,Closed,2023-12-10,0.0,3.89
2228,ACC00002228,1748,Savings,Active,2023-07-31,0.0,2.55
2229,ACC00002229,5071,Loan,Active,2020-11-05,292900.0,10.58
2230,ACC00002230,5581,Savings,Active,2022-10-28,0.0,4.73
2231,ACC00002231,4156,Current,Closed,2024-06-05,1105500.0,3.11
2232,ACC00002232,2702,Current,Active,2025-10-15,738300.0,4.97
2233,ACC00002233,5654,Salary,Active,2019-06-17,0.0,2.71
2234,ACC00002234,1601,Loan,Active,2022-05-21,137700.0,9.55
2235,ACC00002235,3999,Current,Active,2024-05-28,638400.0,4.27
2236,ACC00002236,4983,Savings,Active,2023-12-19,0.0,3.99
2237,ACC00002237,5825,Savings,Active,2023-01-15,0.0,4.94
2238,ACC00002238,3478,Fixed Deposit,Closed,2018-02-10,0.0,7.66
2239,ACC00002239,1149,Savings,Closed,2025-08-20,0.0,3.2
2240,ACC00002240,7639,Current,Active,2025-04-05,709400.0,3.93
2241,ACC00002241,3010,Salary,Active,2024-10-17,0.0,4.96
2242,ACC00002242,7510,Savings,Active,2020-11-03,0.0,4.22
2243,ACC00002243,6601,Current,Active,2022-07-06,1973500.0,3.27
2244,ACC00002244,2052,Savings,Closed,2025-11-21,0.0,3.05
2245,ACC00002245,217,Savings,Active,2022-08-31,0.0,3.85
2246,ACC00002246,8664,Fixed Deposit,Active,2022-08-12,0.0,6.76
2247,ACC00002247,7431,Current,Active,2025-08-12,1136500.0,3.97
2248,ACC00002248,3528,Fixed Deposit,Active,2021-06-02,0.0,6.72
2249,ACC00002249,7835,Fixed Deposit,Active,2025-10-29,0.0,6.92
2250,ACC00002250,5851,Loan,Active,2023-05-20,1879300.0,9.41
2251,ACC00002251,1965,Loan,Active,2019-03-08,678400.0,11.48
2252,ACC00002252,7523,Salary,Active,2020-09-11,0.0,3.52
2253,ACC00002253,6845,Salary,Active,2021-05-05,0.0,4.99
2254,ACC00002254,6502,Savings,Closed,2018-10-13,0.0,2.74
2255,ACC00002255,2397,Savings,Active,2023-05-14,0.0,2.5
2256,ACC00002256,5886,Current,Active,2024-06-03,1507500.0,3.26
2257,ACC00002257,2309,Savings,Active,2023-07-05,0.0,3.53
2258,ACC00002258,4434,Savings,Active,2022-03-01,0.0,4.08
2259,ACC00002259,4559,Salary,Active,2019-05-14,0.0,4.36
2260,ACC00002260,5722,Savings,Active,2020-11-13,0.0,3.44
2261,ACC00002261,7991,Savings,Active,2018-07-28,0.0,4.73
2262,ACC00002262,9979,Savings,Active,2024-06-20,0.0,3.01
2263,ACC00002263,770,Savings,Active,2018-07-12,0.0,4.39
2264,ACC00002264,3993,Current,Active,2025-02-26,127700.0,4.02
2265,ACC00002265,5209,Salary,Active,2023-01-25,0.0,4.23
2266,ACC00002266,8634,Savings,Closed,2018-08-22,0.0,2.54
2267,ACC00002267,3350,Savings,Active,2020-06-12,0.0,4.82
2268,ACC00002268,6836,Savings,Active,2024-07-10,0.0,2.83
2269,ACC00002269,6589,Salary,Active,2021-09-01,0.0,2.77
2270,ACC00002270,5604,Savings,Active,2020-10-04,0.0,3.96
2271,ACC00002271,5822,Savings,Active,2022-04-23,0.0,3.89
2272,ACC00002272,9231,Salary,Active,2023-04-12,0.0,3.14
2273,ACC00002273,6667,Savings,Active,2025-01-14,0.0,3.19
2274,ACC00002274,3630,Current,Active,2018-09-01,877500.0,4.08
2275,ACC00002275,5191,Savings,Active,2025-07-05,0.0,2.87
2276,ACC00002276,3544,Savings,Active,2019-03-01,0.0,2.99
2277,ACC00002277,383,Loan,Closed,2022-02-24,1471000.0,7.77
2278,ACC00002278,7566,Savings,Closed,2018-08-17,0.0,5.0
2279,ACC00002279,9466,Savings,Active,2019-10-05,0.0,4.42
2280,ACC00002280,9256,Savings,Blocked,2022-08-02,0.0,2.51
2281,ACC00002281,238,Savings,Active,2024-06-21,0.0,2.7
2282,ACC00002282,6519,Current,Active,2022-08-01,1492100.0,2.86
2283,ACC00002283,838,Savings,Active,2018-05-20,0.0,3.91
2284,ACC00002284,4142,Savings,Dormant,2023-06-11,0.0,3.67
2285,ACC00002285,72,Savings,Active,2023-09-18,0.0,3.78
2286,ACC00002286,2360,Salary,Dormant,2019-05-27,0.0,3.29
2287,ACC00002287,9157,Fixed Deposit,Active,2023-08-26,0.0,7.4
2288,ACC00002288,8781,Fixed Deposit,Active,2021-12-03,0.0,6.43
2289,ACC00002289,3347,Current,Active,2020-07-12,1627400.0,4.67
2290,ACC00002290,5782,Fixed Deposit,Active,2018-09-09,0.0,7.67
2291,ACC00002291,4384,Savings,Active,2022-12-04,0.0,3.8
2292,ACC00002292,7718,Loan,Active,2025-12-06,171200.0,14.12
2293,ACC00002293,9040,Fixed Deposit,Active,2021-10-28,0.0,5.92
2294,ACC00002294,2405,Current,Active,2018-09-09,398100.0,3.09
2295,ACC00002295,6088,Current,Dormant,2019-10-31,629300.0,2.78
2296,ACC00002296,5881,Savings,Closed,2023-10-31,0.0,3.22
2297,ACC00002297,6221,Fixed Deposit,Active,2025-07-13,0.0,6.0
2298,ACC00002298,7214,Current,Active,2021-03-08,76000.0,4.85
2299,ACC00002299,5009,Fixed Deposit,Active,2022-07-21,0.0,7.06
2300,ACC00002300,3975,Savings,Dormant,2020-03-06,0.0,4.44
2301,ACC00002301,6090,Savings,Active,2021-02-16,0.0,4.15
2302,ACC00002302,8256,Current,Active,2018-02-15,1333000.0,3.44
2303,ACC00002303,3703,Fixed Deposit,Dormant,2021-09-23,0.0,6.62
2304,ACC00002304,8045,Savings,Blocked,2025-01-06,0.0,4.64
2305,ACC00002305,4221,Savings,Active,2018-05-22,0.0,2.83
2306,ACC00002306,9079,Fixed Deposit,Closed,2025-06-19,0.0,7.78
2307,ACC00002307,8954,Savings,Active,2019-06-21,0.0,4.78
2308,ACC00002308,1510,Savings,Active,2021-08-02,0.0,2.8
2309,ACC00002309,7221,Current,Active,2020-09-06,1958500.0,2.74
2310,ACC00002310,37,Fixed Deposit,Active,2018-05-02,0.0,8.45
2311,ACC00002311,6669,Current,Active,2020-01-13,1134800.0,4.01
2312,ACC00002312,1994,Savings,Active,2020-06-25,0.0,4.39
2313,ACC00002313,1697,Loan,Closed,2025-03-10,1614300.0,8.24
2314,ACC00002314,357,Current,Active,2018-02-08,922800.0,4.63
2315,ACC00002315,916,Savings,Active,2021-07-31,0.0,4.96
2316,ACC00002316,7553,Salary,Active,2024-03-28,0.0,3.85
2317,ACC00002317,8381,Salary,Closed,2022-07-25,0.0,4.66
2318,ACC00002318,6326,Savings,Active,2019-01-12,0.0,4.4
2319,ACC00002319,7499,Fixed Deposit,Closed,2019-08-09,0.0,7.4
2320,ACC00002320,504,Savings,Closed,2024-08-19,0.0,4.49
2321,ACC00002321,9923,Fixed Deposit,Closed,2023-03-20,0.0,8.49
2322,ACC00002322,7249,Savings,Closed,2022-12-03,0.0,4.85
2323,ACC00002323,240,Savings,Dormant,2024-12-15,0.0,4.24
2324,ACC00002324,8188,Fixed Deposit,Active,2024-01-21,0.0,7.07
2325,ACC00002325,7464,Savings,Closed,2023-06-28,0.0,2.72
2326,ACC00002326,5114,Loan,Active,2022-06-11,1426300.0,13.78
2327,ACC00002327,2964,Savings,Active,2025-01-23,0.0,4.88
2328,ACC00002328,236,Fixed Deposit,Dormant,2022-01-17,0.0,6.96
2329,ACC00002329,6859,Loan,Active,2023-12-09,176500.0,13.58
2330,ACC00002330,151,Current,Active,2022-05-07,176600.0,2.85
2331,ACC00002331,5608,Savings,Active,2022-12-06,0.0,2.72
2332,ACC00002332,2512,Savings,Active,2025-04-18,0.0,3.93
2333,ACC00002333,9325,Salary,Closed,2018-03-16,0.0,3.66
2334,ACC00002334,6222,Savings,Active,2018-11-20,0.0,4.61
2335,ACC00002335,2024,Salary,Active,2018-11-02,0.0,4.57
2336,ACC00002336,564,Savings,Active,2022-04-28,0.0,4.97
2337,ACC00002337,8546,Loan,Active,2020-04-03,112200.0,9.79
2338,ACC00002338,8052,Current,Active,2020-11-06,940200.0,4.76
2339,ACC00002339,4840,Savings,Active,2025-10-18,0.0,3.94
2340,ACC00002340,8029,Fixed Deposit,Active,2018-09-24,0.0,8.25
2341,ACC00002341,2268,Loan,Active,2021-03-23,302100.0,12.01
2342,ACC00002342,9755,Salary,Active,2018-05-26,0.0,3.35
2343,ACC00002343,7846,Salary,Active,2025-02-02,0.0,3.54
2344,ACC00002344,709,Fixed Deposit,Blocked,2018-12-29,0.0,8.34
2345,ACC00002345,4923,Savings,Active,2022-05-12,0.0,4.65
2346,ACC00002346,9814,Fixed Deposit,Closed,2018-03-03,0.0,7.23
2347,ACC00002347,899,Savings,Active,2019-01-26,0.0,3.37
2348,ACC00002348,2885,Current,Active,2022-11-21,1825900.0,4.88
2349,ACC00002349,7363,Savings,Active,2020-04-17,0.0,2.83
2350,ACC00002350,3407,Savings,Active,2018-05-22,0.0,3.57
2351,ACC00002351,9954,Current,Active,2023-06-27,1047700.0,4.91
2352,ACC00002352,3739,Salary,Active,2020-04-30,0.0,3.47
2353,ACC00002353,5090,Salary,Active,2023-07-10,0.0,4.45
2354,ACC00002354,452,Savings,Active,2018-04-13,0.0,4.19
2355,ACC00002355,3522,Loan,Active,2023-01-12,1645600.0,11.74
2356,ACC00002356,2484,Loan,Closed,2020-11-01,154700.0,13.21
2357,ACC00002357,5118,Savings,Active,2024-08-27,0.0,4.52
2358,ACC00002358,5343,Salary,Active,2020-10-05,0.0,2.54
2359,ACC00002359,4782,Current,Dormant,2020-10-12,1931000.0,3.36
2360,ACC00002360,9023,Savings,Active,2022-02-19,0.0,3.08
2361,ACC00002361,5036,Fixed Deposit,Active,2020-05-25,0.0,7.13
2362,ACC00002362,7778,Savings,Blocked,2025-12-04,0.0,3.12
2363,ACC00002363,3534,Salary,Active,2021-01-01,0.0,3.58
2364,ACC00002364,9085,Salary,Active,2022-01-28,0.0,3.29
2365,ACC00002365,8503,Savings,Active,2019-06-04,0.0,4.81
2366,ACC00002366,8254,Savings,Active,2022-11-30,0.0,2.63
2367,ACC00002367,9189,Savings,Active,2023-01-18,0.0,3.32
2368,ACC00002368,5127,Fixed Deposit,Active,2023-02-13,0.0,6.32
2369,ACC00002369,7887,Salary,Active,2021-03-08,0.0,2.92
2370,ACC00002370,7955,Current,Active,2022-05-03,208100.0,2.96
2371,ACC00002371,4371,Salary,Active,2021-03-09,0.0,2.76
2372,ACC00002372,8624,Savings,Active,2021-06-22,0.0,4.5
2373,ACC00002373,1485,Loan,Active,2023-01-17,54000.0,8.87
2374,ACC00002374,3477,Fixed Deposit,Active,2022-03-20,0.0,6.45
2375,ACC00002375,5889,Savings,Active,2025-04-27,0.0,4.17
2376,ACC00002376,6994,Salary,Closed,2019-10-19,0.0,4.25
2377,ACC00002377,280,Savings,Active,2023-03-22,0.0,4.42
2378,ACC00002378,7870,Current,Active,2020-03-07,304700.0,2.72
2379,ACC00002379,4020,Savings,Active,2024-09-20,0.0,2.87
2380,ACC00002380,5403,Salary,Active,2020-12-21,0.0,3.88
2381,ACC00002381,2677,Savings,Active,2022-03-08,0.0,2.87
2382,ACC00002382,1744,Current,Active,2025-05-11,73400.0,3.38
2383,ACC00002383,3501,Savings,Active,2023-10-28,0.0,4.09
2384,ACC00002384,8889,Savings,Active,2018-05-20,0.0,2.58
2385,ACC00002385,9088,Savings,Dormant,2025-02-20,0.0,3.84
2386,ACC00002386,6188,Savings,Active,2019-02-21,0.0,3.36
2387,ACC00002387,621,Current,Active,2021-11-21,726500.0,4.08
2388,ACC00002388,871,Salary,Active,2023-06-17,0.0,3.94
2389,ACC00002389,7363,Savings,Active,2019-04-28,0.0,3.53
2390,ACC00002390,2052,Salary,Blocked,2021-02-18,0.0,3.58
2391,ACC00002391,4530,Fixed Deposit,Active,2018-08-03,0.0,6.63
2392,ACC00002392,3892,Loan,Active,2020-10-03,1222600.0,11.49
2393,ACC00002393,3203,Savings,Active,2025-07-27,0.0,2.77
2394,ACC00002394,3358,Savings,Active,2018-04-24,0.0,3.46
2395,ACC00002395,5806,Savings,Active,2022-02-11,0.0,3.73
2396,ACC00002396,167,Salary,Active,2018-06-27,0.0,2.75
2397,ACC00002397,5200,Current,Active,2020-06-11,1045700.0,2.88
2398,ACC00002398,8481,Savings,Active,2022-02-19,0.0,4.67
2399,ACC00002399,9071,Savings,Closed,2024-05-04,0.0,3.73
2400,ACC00002400,9666,Current,Active,2020-03-04,253700.0,4.12
2401,ACC00002401,7746,Savings,Active,2018-12-17,0.0,2.93
2402,ACC00002402,9861,Current,Active,2022-10-21,1457200.0,4.12
2403,ACC00002403,3331,Savings,Active,2023-06-26,0.0,2.54
2404,ACC00002404,3944,Savings,Active,2018-04-23,0.0,3.4
2405,ACC00002405,160,Loan,Active,2022-01-24,714900.0,8.6
2406,ACC00002406,5498,Savings,Active,2025-03-09,0.0,2.89
2407,ACC00002407,9975,Savings,Active,2019-05-30,0.0,2.53
2408,ACC00002408,3546,Loan,Closed,2021-03-05,1934000.0,11.45
2409,ACC00002409,2001,Fixed Deposit,Active,2020-02-05,0.0,8.38
2410,ACC00002410,3388,Current,Active,2021-01-18,1886300.0,3.52
2411,ACC00002411,3667,Current,Closed,2020-08-26,1160500.0,3.62
2412,ACC00002412,2123,Savings,Active,2023-01-09,0.0,4.45
2413,ACC00002413,8967,Savings,Active,2021-11-22,0.0,4.72
2414,ACC00002414,8819,Savings,Active,2018-01-17,0.0,3.01
2415,ACC00002415,665,Savings,Active,2025-07-21,0.0,4.62
2416,ACC00002416,5106,Current,Active,2023-08-08,1029800.0,3.32
2417,ACC00002417,2188,Savings,Dormant,2023-05-14,0.0,3.6
2418,ACC00002418,1295,Savings,Active,2022-09-26,0.0,3.26
2419,ACC00002419,7265,Current,Active,2021-06-25,910800.0,4.0
2420,ACC00002420,2571,Savings,Active,2021-06-08,0.0,4.61
2421,ACC00002421,8807,Loan,Active,2024-06-27,1188900.0,13.49
2422,ACC00002422,4512,Savings,Active,2023-12-18,0.0,3.08
2423,ACC00002423,5072,Fixed Deposit,Active,2024-10-27,0.0,7.16
2424,ACC00002424,3849,Salary,Active,2019-09-28,0.0,3.81
2425,ACC00002425,5172,Savings,Active,2024-08-31,0.0,4.78
2426,ACC00002426,4265,Fixed Deposit,Active,2018-08-09,0.0,7.41
2427,ACC00002427,7820,Savings,Active,2023-12-01,0.0,2.68
2428,ACC00002428,6080,Fixed Deposit,Active,2022-09-07,0.0,6.5
2429,ACC00002429,6284,Salary,Active,2021-08-31,0.0,4.7
2430,ACC00002430,8813,Salary,Active,2024-11-17,0.0,4.58
2431,ACC00002431,9253,Savings,Active,2019-03-22,0.0,4.86
2432,ACC00002432,6899,Savings,Active,2025-10-03,0.0,3.33
2433,ACC00002433,7316,Salary,Active,2023-07-27,0.0,3.73
2434,ACC00002434,9286,Savings,Active,2020-04-10,0.0,4.25
2435,ACC00002435,2280,Current,Active,2019-09-29,1288900.0,3.29
2436,ACC00002436,1906,Current,Active,2018-06-25,631200.0,3.15
2437,ACC00002437,848,Savings,Closed,2019-07-28,0.0,2.98
2438,ACC00002438,2678,Salary,Active,2021-01-27,0.0,4.65
2439,ACC00002439,7851,Savings,Active,2022-12-04,0.0,4.44
2440,ACC00002440,4433,Savings,Blocked,2018-04-25,0.0,3.67
2441,ACC00002441,9910,Fixed Deposit,Dormant,2025-08-22,0.0,8.03
2442,ACC00002442,7998,Savings,Active,2019-11-26,0.0,4.97
2443,ACC00002443,3230,Fixed Deposit,Active,2024-03-26,0.0,7.68
2444,ACC00002444,139,Current,Dormant,2022-01-31,605500.0,3.3
2445,ACC00002445,8392,Fixed Deposit,Active,2018-06-15,0.0,8.42
2446,ACC00002446,9305,Savings,Active,2024-06-30,0.0,4.15
2447,ACC00002447,6963,Current,Active,2022-11-16,1943300.0,4.0
2448,ACC00002448,9565,Savings,Closed,2019-02-17,0.0,3.89
2449,ACC00002449,6702,Savings,Active,2025-01-03,0.0,3.66
2450,ACC00002450,3473,Fixed Deposit,Active,2025-12-03,0.0,6.78
2451,ACC00002451,336,Savings,Active,2025-06-09,0.0,2.61
2452,ACC00002452,588,Salary,Active,2018-04-19,0.0,3.95
2453,ACC00002453,6769,Savings,Active,2025-12-28,0.0,4.1
2454,ACC00002454,807,Fixed Deposit,Active,2022-01-02,0.0,7.27
2455,ACC00002455,829,Current,Active,2020-12-19,1524900.0,3.74
2456,ACC00002456,5216,Loan,Dormant,2019-05-05,1187900.0,13.6
2457,ACC00002457,2895,Savings,Dormant,2018-09-09,0.0,4.51
2458,ACC00002458,3232,Salary,Closed,2018-07-13,0.0,3.9
2459,ACC00002459,9935,Savings,Closed,2018-01-04,0.0,3.89
2460,ACC00002460,724,Current,Closed,2019-06-16,1783600.0,4.75
2461,ACC00002461,4767,Savings,Active,2023-03-09,0.0,3.59
2462,ACC00002462,3887,Savings,Active,2025-08-01,0.0,3.71
2463,ACC00002463,8522,Current,Active,2021-06-11,1449300.0,3.67
2464,ACC00002464,7502,Savings,Active,2019-07-21,0.0,3.12
2465,ACC00002465,505,Savings,Active,2022-05-01,0.0,3.11
2466,ACC00002466,2809,Savings,Active,2019-08-21,0.0,4.39
2467,ACC00002467,3043,Savings,Active,2018-11-22,0.0,2.72
2468,ACC00002468,2430,Loan,Active,2020-06-28,1551800.0,13.76
2469,ACC00002469,2141,Savings,Closed,2022-01-30,0.0,3.65
2470,ACC00002470,9417,Savings,Active,2025-10-18,0.0,2.56
2471,ACC00002471,3192,Loan,Active,2019-01-13,978700.0,9.87
2472,ACC00002472,4746,Fixed Deposit,Active,2019-11-13,0.0,8.08
2473,ACC00002473,3840,Savings,Active,2019-02-08,0.0,4.54
2474,ACC00002474,7285,Current,Active,2025-10-31,1516300.0,2.56
2475,ACC00002475,957,Savings,Active,2018-08-30,0.0,4.88
2476,ACC00002476,3351,Loan,Active,2021-03-07,1520300.0,13.66
2477,ACC00002477,9042,Current,Active,2020-06-03,523700.0,4.58
2478,ACC00002478,954,Current,Active,2024-12-12,1299100.0,4.66
2479,ACC00002479,2405,Fixed Deposit,Active,2024-08-30,0.0,8.2
2480,ACC00002480,4088,Savings,Active,2020-08-09,0.0,3.39
2481,ACC00002481,6013,Savings,Active,2019-10-18,0.0,3.53
2482,ACC00002482,5695,Salary,Closed,2020-12-04,0.0,3.94
2483,ACC00002483,1060,Current,Closed,2023-05-21,1414500.0,4.63
2484,ACC00002484,1977,Savings,Active,2018-06-18,0.0,4.83
2485,ACC00002485,2905,Savings,Blocked,2024-06-05,0.0,4.93
2486,ACC00002486,9791,Fixed Deposit,Active,2024-03-10,0.0,8.17
2487,ACC00002487,3798,Fixed Deposit,Active,2024-05-17,0.0,7.03
2488,ACC00002488,687,Savings,Active,2022-03-03,0.0,2.5
2489,ACC00002489,1555,Loan,Active,2023-04-22,925200.0,14.44
2490,ACC00002490,930,Current,Active,2019-03-25,1903300.0,4.58
2491,ACC00002491,6935,Current,Blocked,2023-07-18,1958700.0,2.58
2492,ACC00002492,9690,Savings,Active,2020-04-26,0.0,3.6
2493,ACC00002493,7766,Savings,Active,2021-09-05,0.0,2.56
2494,ACC00002494,1121,Current,Active,2024-02-17,443800.0,4.89
2495,ACC00002495,2507,Savings,Active,2022-03-31,0.0,2.61
2496,ACC00002496,7252,Savings,Active,2021-10-31,0.0,4.94
2497,ACC00002497,6240,Current,Active,2022-10-11,1254600.0,4.21
2498,ACC00002498,693,Current,Active,2024-07-30,126200.0,3.83
2499,ACC00002499,5232,Salary,Active,2023-07-06,0.0,2.95
2500,ACC00002500,8079,Current,Active,2020-06-20,843500.0,4.0
2501,ACC00002501,1657,Savings,Closed,2018-06-06,0.0,4.88
2502,ACC00002502,9110,Savings,Active,2020-07-10,0.0,4.32
2503,ACC00002503,417,Current,Active,2022-11-19,995900.0,3.95
2504,ACC00002504,5646,Savings,Active,2022-05-30,0.0,3.43
2505,ACC00002505,2387,Fixed Deposit,Active,2018-12-29,0.0,7.38
2506,ACC00002506,1796,Fixed Deposit,Active,2019-04-09,0.0,5.89
2507,ACC00002507,8264,Salary,Active,2019-02-17,0.0,4.49
2508,ACC00002508,1837,Savings,Active,2021-05-12,0.0,4.62
2509,ACC00002509,3188,Current,Active,2020-03-24,1918200.0,4.86
2510,ACC00002510,2890,Current,Active,2024-02-18,1371000.0,3.41
2511,ACC00002511,4636,Salary,Active,2021-12-15,0.0,3.19
2512,ACC00002512,1718,Savings,Active,2024-10-22,0.0,5.0
2513,ACC00002513,4949,Savings,Dormant,2025-05-28,0.0,2.55
2514,ACC00002514,763,Loan,Active,2022-11-26,1448000.0,10.68
2515,ACC00002515,5474,Savings,Active,2022-07-08,0.0,3.79
2516,ACC00002516,2955,Savings,Active,2019-12-13,0.0,2.51
2517,ACC00002517,3216,Loan,Active,2023-05-31,1730900.0,8.01
2518,ACC00002518,5607,Current,Active,2022-12-19,853400.0,3.54
2519,ACC00002519,4348,Current,Active,2018-05-15,900000.0,4.32
2520,ACC00002520,6593,Savings,Closed,2019-08-08,0.0,4.56
2521,ACC00002521,9055,Salary,Active,2025-09-19,0.0,3.33
2522,ACC00002522,7116,Salary,Dormant,2024-10-21,0.0,2.64
2523,ACC00002523,3995,Current,Active,2022-09-16,1691600.0,3.72
2524,ACC00002524,8529,Savings,Active,2020-02-16,0.0,2.98
2525,ACC00002525,4850,Current,Active,2022-05-30,1895100.0,2.57
2526,ACC00002526,80,Savings,Active,2023-10-20,0.0,3.19
2527,ACC00002527,2817,Savings,Blocked,2021-08-29,0.0,3.55
2528,ACC00002528,3319,Savings,Active,2021-08-25,0.0,3.07
2529,ACC00002529,6686,Savings,Active,2023-10-24,0.0,3.52
2530,ACC00002530,2171,Savings,Active,2021-12-13,0.0,2.75
2531,ACC00002531,1957,Current,Active,2021-02-10,542000.0,4.65
2532,ACC00002532,4503,Current,Active,2024-02-03,1918800.0,4.06
2533,ACC00002533,3611,Savings,Active,2020-10-10,0.0,3.06
2534,ACC00002534,1893,Loan,Active,2023-10-27,1652200.0,11.93
2535,ACC00002535,7760,Fixed Deposit,Active,2022-12-04,0.0,5.84
2536,ACC00002536,5788,Savings,Active,2025-10-26,0.0,4.11
2537,ACC00002537,7070,Current,Active,2019-02-24,501000.0,4.22
2538,ACC00002538,4696,Current,Active,2018-06-11,1298100.0,4.11
2539,ACC00002539,9055,Savings,Active,2024-07-05,0.0,2.63
2540,ACC00002540,8371,Savings,Closed,2021-10-12,0.0,3.68
2541,ACC00002541,130,Salary,Active,2018-03-08,0.0,4.48
2542,ACC00002542,1277,Current,Dormant,2022-08-24,1649000.0,4.25
2543,ACC00002543,1095,Savings,Active,2023-03-09,0.0,4.49
2544,ACC00002544,3440,Savings,Active,2025-12-05,0.0,4.12
2545,ACC00002545,1111,Salary,Active,2024-04-08,0.0,4.25
2546,ACC00002546,861,Loan,Active,2020-05-21,1940800.0,11.84
2547,ACC00002547,7715,Loan,Active,2018-11-18,750100.0,10.38
2548,ACC00002548,8605,Fixed Deposit,Active,2019-09-10,0.0,6.96
2549,ACC00002549,9119,Savings,Closed,2024-06-15,0.0,2.59
2550,ACC00002550,6002,Loan,Blocked,2025-09-13,324400.0,13.74
2551,ACC00002551,5043,Savings,Active,2023-01-31,0.0,3.55
2552,ACC00002552,8527,Current,Closed,2021-05-05,1468300.0,4.88
2553,ACC00002553,1552,Current,Dormant,2025-12-05,100700.0,3.77
2554,ACC00002554,7772,Loan,Active,2023-06-07,1295200.0,11.72
2555,ACC00002555,209,Current,Active,2019-10-12,142300.0,2.71
2556,ACC00002556,6329,Salary,Active,2020-09-04,0.0,3.7
2557,ACC00002557,1781,Savings,Active,2023-08-24,0.0,3.03
2558,ACC00002558,8398,Current,Active,2021-02-22,767600.0,3.28
2559,ACC00002559,283,Salary,Dormant,2018-02-20,0.0,4.87
2560,ACC00002560,9888,Savings,Active,2020-06-15,0.0,3.18
2561,ACC00002561,1488,Current,Active,2021-02-19,464200.0,3.25
2562,ACC00002562,5020,Salary,Active,2024-12-04,0.0,3.71
2563,ACC00002563,6374,Savings,Active,2019-06-18,0.0,4.33
2564,ACC00002564,6429,Current,Active,2019-07-02,703600.0,3.32
2565,ACC00002565,8947,Fixed Deposit,Blocked,2024-04-04,0.0,6.1
2566,ACC00002566,536,Current,Active,2021-12-09,1226400.0,4.14
2567,ACC00002567,341,Savings,Blocked,2019-04-22,0.0,2.63
2568,ACC00002568,8064,Savings,Active,2023-02-26,0.0,4.09
2569,ACC00002569,7858,Salary,Active,2021-03-05,0.0,4.47
2570,ACC00002570,904,Savings,Active,2018-03-03,0.0,4.11
2571,ACC00002571,7644,Savings,Active,2020-01-05,0.0,3.61
2572,ACC00002572,9683,Fixed Deposit,Active,2023-06-14,0.0,8.42
2573,ACC00002573,8339,Savings,Active,2018-07-27,0.0,2.55
2574,ACC00002574,4524,Current,Active,2023-09-14,1955900.0,3.92
2575,ACC00002575,3654,Savings,Active,2024-11-21,0.0,3.83
2576,ACC00002576,7857,Salary,Active,2025-10-12,0.0,4.96
2577,ACC00002577,2140,Savings,Active,2020-10-04,0.0,4.34
2578,ACC00002578,8096,Fixed Deposit,Active,2019-08-09,0.0,6.29
2579,ACC00002579,8610,Current,Active,2025-11-27,109100.0,3.67
2580,ACC00002580,1197,Savings,Active,2018-11-16,0.0,2.73
2581,ACC00002581,4389,Salary,Active,2023-03-16,0.0,2.9
2582,ACC00002582,9817,Savings,Closed,2025-09-14,0.0,4.32
2583,ACC00002583,6870,Current,Active,2022-05-26,597900.0,4.36
2584,ACC00002584,6406,Salary,Blocked,2022-07-26,0.0,3.28
2585,ACC00002585,5697,Current,Active,2022-04-01,575900.0,4.11
2586,ACC00002586,104,Savings,Dormant,2020-05-25,0.0,3.93
2587,ACC00002587,6140,Savings,Active,2018-09-26,0.0,3.08
2588,ACC00002588,5354,Savings,Blocked,2025-06-30,0.0,4.28
2589,ACC00002589,579,Savings,Active,2018-11-19,0.0,3.46
2590,ACC00002590,2986,Savings,Active,2019-05-30,0.0,3.48
2591,ACC00002591,7342,Savings,Active,2021-01-23,0.0,4.08
2592,ACC00002592,5965,Savings,Active,2019-07-04,0.0,3.12
2593,ACC00002593,7197,Savings,Active,2024-02-21,0.0,4.39
2594,ACC00002594,8753,Loan,Active,2019-05-09,1782200.0,8.04
2595,ACC00002595,8857,Savings,Active,2021-08-11,0.0,3.0
2596,ACC00002596,138,Current,Dormant,2021-04-23,1893000.0,4.45
2597,ACC00002597,9314,Savings,Active,2019-07-21,0.0,4.7
2598,ACC00002598,3599,Savings,Dormant,2025-01-19,0.0,4.06
2599,ACC00002599,2235,Fixed Deposit,Active,2024-09-01,0.0,5.68
2600,ACC00002600,4337,Savings,Active,2021-06-08,0.0,2.84
2601,ACC00002601,3639,Fixed Deposit,Dormant,2024-06-07,0.0,5.63
2602,ACC00002602,8186,Salary,Blocked,2022-07-17,0.0,4.19
2603,ACC00002603,5090,Salary,Active,2020-03-27,0.0,4.61
2604,ACC00002604,3845,Loan,Dormant,2023-02-21,146300.0,10.58
2605,ACC00002605,7414,Fixed Deposit,Active,2021-12-22,0.0,5.65
2606,ACC00002606,6587,Current,Active,2018-03-13,1667100.0,3.08
2607,ACC00002607,6925,Current,Active,2020-05-07,1946100.0,4.01
2608,ACC00002608,5934,Salary,Active,2024-04-18,0.0,4.89
2609,ACC00002609,3312,Savings,Closed,2025-09-09,0.0,3.39
2610,ACC00002610,8421,Salary,Active,2024-03-01,0.0,3.47
2611,ACC00002611,8320,Savings,Dormant,2020-08-24,0.0,3.91
2612,ACC00002612,5783,Savings,Active,2022-09-29,0.0,3.75
2613,ACC00002613,149,Loan,Active,2021-09-22,806700.0,12.33
2614,ACC00002614,7496,Salary,Active,2021-04-29,0.0,3.55
2615,ACC00002615,7970,Salary,Active,2022-08-02,0.0,4.82
2616,ACC00002616,5151,Savings,Active,2022-08-09,0.0,3.15
2617,ACC00002617,7680,Savings,Active,2018-06-26,0.0,4.59
2618,ACC00002618,7000,Fixed Deposit,Closed,2019-12-29,0.0,5.51
2619,ACC00002619,8575,Salary,Active,2019-12-25,0.0,4.49
2620,ACC00002620,9668,Savings,Active,2018-05-22,0.0,4.2
2621,ACC00002621,4506,Savings,Active,2020-09-12,0.0,4.15
2622,ACC00002622,9726,Salary,Active,2022-07-11,0.0,3.03
2623,ACC00002623,2148,Savings,Active,2024-09-13,0.0,2.71
2624,ACC00002624,9369,Savings,Active,2018-10-22,0.0,4.36
2625,ACC00002625,1383,Savings,Active,2020-09-16,0.0,4.87
2626,ACC00002626,2378,Salary,Active,2022-02-01,0.0,4.11
2627,ACC00002627,3264,Salary,Active,2018-01-30,0.0,4.88
2628,ACC00002628,3141,Savings,Active,2020-01-09,0.0,2.58
2629,ACC00002629,1137,Savings,Active,2018-10-04,0.0,4.31
2630,ACC00002630,2430,Current,Active,2023-10-21,1290500.0,3.84
2631,ACC00002631,4139,Salary,Closed,2025-06-23,0.0,3.95
2632,ACC00002632,3820,Savings,Blocked,2018-08-09,0.0,3.09
2633,ACC00002633,110,Savings,Active,2024-02-15,0.0,4.28
2634,ACC00002634,9120,Savings,Active,2021-06-10,0.0,3.65
2635,ACC00002635,854,Savings,Active,2021-11-27,0.0,4.64
2636,ACC00002636,4523,Savings,Active,2025-01-23,0.0,3.69
2637,ACC00002637,3830,Current,Active,2024-05-16,632700.0,4.15
2638,ACC00002638,364,Loan,Active,2019-07-30,763300.0,12.6
2639,ACC00002639,993,Savings,Active,2021-10-15,0.0,4.69
2640,ACC00002640,6038,Savings,Dormant,2023-10-14,0.0,3.44
2641,ACC00002641,6697,Savings,Active,2021-07-28,0.0,4.96
2642,ACC00002642,6963,Savings,Dormant,2020-05-07,0.0,3.58
2643,ACC00002643,7716,Loan,Active,2020-04-22,1097900.0,11.58
2644,ACC00002644,9523,Current,Active,2021-06-10,637700.0,4.26
2645,ACC00002645,1914,Current,Active,2021-01-01,1208300.0,2.83
2646,ACC00002646,3723,Savings,Active,2020-07-28,0.0,2.97
2647,ACC00002647,1937,Fixed Deposit,Active,2022-01-08,0.0,7.45
2648,ACC00002648,6702,Fixed Deposit,Active,2024-12-08,0.0,5.56
2649,ACC00002649,1869,Current,Active,2019-04-28,747100.0,4.16
2650,ACC00002650,2089,Savings,Active,2025-10-18,0.0,3.9
2651,ACC00002651,9215,Savings,Active,2022-10-15,0.0,4.81
2652,ACC00002652,3099,Savings,Closed,2022-11-07,0.0,4.45
2653,ACC00002653,7440,Savings,Active,2021-10-16,0.0,4.61
2654,ACC00002654,5426,Current,Dormant,2019-05-10,1973500.0,3.72
2655,ACC00002655,5007,Current,Active,2024-12-31,241600.0,2.88
2656,ACC00002656,9654,Current,Blocked,2025-07-29,722700.0,4.1
2657,ACC00002657,9726,Fixed Deposit,Blocked,2019-02-18,0.0,5.58
2658,ACC00002658,2770,Savings,Active,2020-05-31,0.0,4.19
2659,ACC00002659,8986,Current,Active,2019-04-28,1724400.0,4.89
2660,ACC00002660,5354,Savings,Dormant,2025-12-15,0.0,4.37
2661,ACC00002661,3624,Current,Active,2020-03-26,1839500.0,2.97
2662,ACC00002662,2294,Savings,Active,2021-07-09,0.0,4.78
2663,ACC00002663,9746,Savings,Active,2025-03-11,0.0,4.51
2664,ACC00002664,5018,Savings,Active,2025-03-14,0.0,3.44
2665,ACC00002665,502,Current,Active,2025-10-20,144000.0,2.92
2666,ACC00002666,914,Salary,Active,2022-07-25,0.0,3.98
2667,ACC00002667,6293,Savings,Active,2018-07-01,0.0,3.02
2668,ACC00002668,4596,Fixed Deposit,Active,2024-07-17,0.0,6.3
2669,ACC00002669,2679,Fixed Deposit,Active,2025-10-08,0.0,7.36
2670,ACC00002670,3971,Savings,Active,2019-05-24,0.0,2.56
2671,ACC00002671,9468,Savings,Active,2021-11-10,0.0,3.65
2672,ACC00002672,5731,Current,Closed,2022-07-28,535600.0,4.47
2673,ACC00002673,3602,Fixed Deposit,Active,2022-08-29,0.0,7.04
2674,ACC00002674,9818,Savings,Dormant,2020-04-15,0.0,3.85
2675,ACC00002675,9753,Loan,Closed,2023-05-31,335700.0,8.32
2676,ACC00002676,3141,Loan,Active,2022-07-28,1633600.0,13.04
2677,ACC00002677,11,Savings,Dormant,2019-06-30,0.0,4.1
2678,ACC00002678,8452,Salary,Active,2025-12-20,0.0,2.65
2679,ACC00002679,7180,Savings,Dormant,2025-11-07,0.0,4.08
2680,ACC00002680,3658,Savings,Closed,2018-05-14,0.0,3.07
2681,ACC00002681,2956,Salary,Closed,2023-01-30,0.0,4.47
2682,ACC00002682,7813,Salary,Active,2022-07-22,0.0,3.59
2683,ACC00002683,2795,Savings,Active,2024-06-20,0.0,3.04
2684,ACC00002684,7393,Savings,Active,2025-01-19,0.0,2.66
2685,ACC00002685,2528,Savings,Active,2019-08-01,0.0,3.16
2686,ACC00002686,8215,Current,Dormant,2024-01-15,1697100.0,4.66
2687,ACC00002687,7384,Savings,Active,2018-03-09,0.0,4.16
2688,ACC00002688,2606,Current,Closed,2019-05-31,780200.0,3.63
2689,ACC00002689,8542,Salary,Active,2018-11-16,0.0,3.33
2690,ACC00002690,4097,Savings,Active,2018-04-10,0.0,3.31
2691,ACC00002691,2852,Savings,Active,2020-11-14,0.0,3.52
2692,ACC00002692,1086,Salary,Closed,2019-10-08,0.0,2.56
2693,ACC00002693,6892,Savings,Active,2019-08-04,0.0,4.11
2694,ACC00002694,424,Savings,Active,2018-06-20,0.0,3.36
2695,ACC00002695,3309,Current,Dormant,2020-09-13,1615900.0,3.88
2696,ACC00002696,9520,Savings,Closed,2019-04-07,0.0,3.76
2697,ACC00002697,7279,Savings,Active,2021-03-07,0.0,3.47
2698,ACC00002698,2457,Savings,Active,2018-01-24,0.0,4.11
2699,ACC00002699,1718,Fixed Deposit,Active,2024-08-19,0.0,5.66
2700,ACC00002700,8669,Savings,Active,2023-01-08,0.0,4.88
2701,ACC00002701,1618,Current,Active,2024-04-15,1941000.0,3.13
2702,ACC00002702,1484,Savings,Active,2022-10-08,0.0,4.59
2703,ACC00002703,4525,Current,Active,2022-08-01,81600.0,2.58
2704,ACC00002704,2215,Salary,Active,2019-05-13,0.0,3.21
2705,ACC00002705,1692,Savings,Active,2024-10-08,0.0,3.14
2706,ACC00002706,3838,Savings,Active,2025-07-03,0.0,2.98
2707,ACC00002707,1846,Current,Active,2018-07-16,1470000.0,2.97
2708,ACC00002708,8288,Loan,Active,2022-05-12,347900.0,8.26
2709,ACC00002709,4372,Salary,Active,2018-05-16,0.0,4.27
2710,ACC00002710,9420,Current,Active,2024-09-09,220600.0,3.52
2711,ACC00002711,3862,Savings,Active,2025-08-10,0.0,4.75
2712,ACC00002712,5939,Loan,Active,2025-10-15,464000.0,11.05
2713,ACC00002713,8332,Savings,Active,2024-12-01,0.0,3.11
2714,ACC00002714,5307,Savings,Active,2019-09-30,0.0,4.64
2715,ACC00002715,4662,Savings,Dormant,2022-08-29,0.0,4.66
2716,ACC00002716,3878,Salary,Active,2020-09-17,0.0,3.81
2717,ACC00002717,9564,Savings,Active,2024-01-11,0.0,2.97
2718,ACC00002718,2911,Savings,Active,2021-11-18,0.0,3.79
2719,ACC00002719,9446,Current,Active,2019-11-28,348700.0,2.56
2720,ACC00002720,998,Savings,Active,2025-10-11,0.0,2.53
2721,ACC00002721,8540,Salary,Active,2025-09-09,0.0,3.76
2722,ACC00002722,9479,Savings,Active,2025-03-18,0.0,4.79
2723,ACC00002723,8516,Savings,Closed,2024-12-06,0.0,2.84
2724,ACC00002724,9597,Savings,Closed,2024-09-12,0.0,3.42
2725,ACC00002725,5240,Salary,Active,2023-09-21,0.0,3.72
2726,ACC00002726,6445,Savings,Active,2024-05-13,0.0,3.83
2727,ACC00002727,6101,Savings,Active,2018-01-27,0.0,4.55
2728,ACC00002728,5205,Savings,Active,2021-01-08,0.0,2.9
2729,ACC00002729,5530,Savings,Dormant,2020-12-22,0.0,2.56
2730,ACC00002730,9967,Current,Active,2024-02-05,1859000.0,4.32
2731,ACC00002731,6791,Loan,Active,2019-11-03,975100.0,9.8
2732,ACC00002732,3425,Current,Active,2025-01-15,1631000.0,3.51
2733,ACC00002733,4795,Salary,Active,2022-11-03,0.0,4.89
2734,ACC00002734,2527,Savings,Active,2024-09-21,0.0,3.82
2735,ACC00002735,8593,Loan,Closed,2022-05-28,1942200.0,13.2
2736,ACC00002736,314,Savings,Active,2018-06-20,0.0,3.75
2737,ACC00002737,6685,Current,Active,2022-06-17,93200.0,3.03
2738,ACC00002738,7615,Loan,Active,2018-03-16,723100.0,12.95
2739,ACC00002739,3445,Current,Active,2021-10-15,1212600.0,4.89
2740,ACC00002740,627,Loan,Active,2018-10-10,276100.0,10.3
2741,ACC00002741,9023,Current,Active,2021-10-26,833500.0,4.88
2742,ACC00002742,5330,Fixed Deposit,Active,2022-10-04,0.0,8.3
2743,ACC00002743,2095,Salary,Active,2020-09-09,0.0,4.98
2744,ACC00002744,9487,Current,Active,2024-12-27,1162400.0,4.12
2745,ACC00002745,9863,Savings,Closed,2018-11-08,0.0,4.52
2746,ACC00002746,102,Savings,Active,2020-10-22,0.0,2.78
2747,ACC00002747,7386,Savings,Dormant,2018-11-21,0.0,4.71
2748,ACC00002748,9554,Current,Active,2022-04-03,1148600.0,2.55
2749,ACC00002749,8966,Savings,Active,2024-08-05,0.0,2.66
2750,ACC00002750,8173,Savings,Active,2018-12-26,0.0,3.39
2751,ACC00002751,2859,Savings,Active,2018-11-17,0.0,3.25
2752,ACC00002752,7209,Fixed Deposit,Active,2023-05-21,0.0,6.71
2753,ACC00002753,5171,Savings,Active,2020-08-23,0.0,4.45
2754,ACC00002754,3645,Savings,Active,2019-03-25,0.0,3.53
2755,ACC00002755,1118,Savings,Active,2019-03-30,0.0,4.72
2756,ACC00002756,19,Savings,Active,2022-01-06,0.0,2.57
2757,ACC00002757,8057,Fixed Deposit,Closed,2025-06-12,0.0,8.42
2758,ACC00002758,2631,Savings,Active,2018-02-12,0.0,2.96
2759,ACC00002759,8019,Savings,Closed,2023-05-12,0.0,3.6
2760,ACC00002760,3046,Fixed Deposit,Active,2025-03-13,0.0,7.5
2761,ACC00002761,2444,Fixed Deposit,Blocked,2019-01-20,0.0,8.1
2762,ACC00002762,7250,Salary,Active,2025-05-08,0.0,4.11
2763,ACC00002763,1447,Fixed Deposit,Dormant,2018-10-19,0.0,8.17
2764,ACC00002764,3121,Fixed Deposit,Dormant,2020-10-16,0.0,7.82
2765,ACC00002765,6226,Salary,Active,2018-03-05,0.0,3.06
2766,ACC00002766,4580,Current,Active,2018-08-13,624700.0,2.66
2767,ACC00002767,1882,Loan,Active,2023-02-26,1068700.0,9.3
2768,ACC00002768,1755,Savings,Active,2018-11-26,0.0,4.46
2769,ACC00002769,1317,Fixed Deposit,Active,2023-09-08,0.0,8.29
2770,ACC00002770,214,Savings,Active,2019-08-17,0.0,2.93
2771,ACC00002771,1299,Salary,Active,2023-06-21,0.0,4.52
2772,ACC00002772,1485,Fixed Deposit,Active,2024-11-06,0.0,6.78
2773,ACC00002773,3237,Salary,Active,2019-10-04,0.0,4.92
2774,ACC00002774,4664,Salary,Active,2024-09-21,0.0,2.53
2775,ACC00002775,803,Current,Dormant,2022-10-11,1120500.0,3.94
2776,ACC00002776,5065,Fixed Deposit,Active,2019-07-18,0.0,6.76
2777,ACC00002777,84,Savings,Active,2021-07-29,0.0,3.74
2778,ACC00002778,5402,Loan,Active,2019-05-28,1425400.0,12.48
2779,ACC00002779,7843,Savings,Active,2019-10-26,0.0,4.03
2780,ACC00002780,8672,Current,Active,2019-06-24,497900.0,4.92
2781,ACC00002781,7702,Current,Active,2018-02-02,69200.0,2.68
2782,ACC00002782,9629,Savings,Active,2018-08-18,0.0,3.5
2783,ACC00002783,5306,Salary,Active,2019-03-10,0.0,3.73
2784,ACC00002784,6303,Savings,Active,2021-03-08,0.0,4.25
2785,ACC00002785,1809,Savings,Blocked,2025-03-06,0.0,2.63
2786,ACC00002786,5783,Fixed Deposit,Active,2018-09-13,0.0,6.5
2787,ACC00002787,4516,Savings,Active,2018-04-10,0.0,2.81
2788,ACC00002788,1490,Fixed Deposit,Active,2024-07-10,0.0,7.18
2789,ACC00002789,6971,Savings,Closed,2020-03-25,0.0,3.66
2790,ACC00002790,4944,Savings,Active,2025-05-17,0.0,3.02
2791,ACC00002791,7770,Savings,Dormant,2023-08-20,0.0,4.88
2792,ACC00002792,2018,Savings,Active,2018-02-18,0.0,4.19
2793,ACC00002793,9594,Loan,Closed,2020-06-22,1366200.0,9.12
2794,ACC00002794,6896,Savings,Active,2019-02-17,0.0,4.83
2795,ACC00002795,8970,Savings,Active,2023-01-11,0.0,2.72
2796,ACC00002796,2818,Savings,Active,2022-12-09,0.0,3.97
2797,ACC00002797,8042,Current,Active,2023-12-03,1677700.0,3.7
2798,ACC00002798,7803,Current,Active,2019-11-09,1219300.0,4.25
2799,ACC00002799,5924,Salary,Active,2024-06-16,0.0,4.21
2800,ACC00002800,2950,Savings,Active,2021-01-05,0.0,4.69
2801,ACC00002801,9833,Savings,Active,2022-01-24,0.0,3.59
2802,ACC00002802,4703,Savings,Active,2020-03-30,0.0,2.83
2803,ACC00002803,3821,Salary,Closed,2020-10-03,0.0,4.41
2804,ACC00002804,5788,Fixed Deposit,Active,2019-08-19,0.0,5.56
2805,ACC00002805,9150,Salary,Active,2018-05-26,0.0,3.35
2806,ACC00002806,8812,Savings,Closed,2021-05-02,0.0,4.66
2807,ACC00002807,3538,Current,Active,2023-10-30,833400.0,4.99
2808,ACC00002808,3445,Savings,Active,2024-12-09,0.0,3.78
2809,ACC00002809,1519,Savings,Active,2018-07-26,0.0,4.43
2810,ACC00002810,2702,Savings,Active,2021-02-26,0.0,2.59
2811,ACC00002811,3537,Savings,Active,2025-04-14,0.0,4.69
2812,ACC00002812,6733,Loan,Active,2020-08-16,226200.0,11.53
2813,ACC00002813,2571,Savings,Active,2022-08-03,0.0,2.74
2814,ACC00002814,2028,Fixed Deposit,Active,2021-03-13,0.0,6.42
2815,ACC00002815,5431,Savings,Active,2019-07-07,0.0,4.1
2816,ACC00002816,7681,Salary,Active,2022-03-01,0.0,4.47
2817,ACC00002817,4655,Fixed Deposit,Active,2022-08-13,0.0,7.41
2818,ACC00002818,3163,Savings,Active,2019-02-02,0.0,2.98
2819,ACC00002819,9507,Savings,Dormant,2022-11-14,0.0,4.69
2820,ACC00002820,5833,Loan,Active,2021-10-06,324200.0,9.89
2821,ACC00002821,3134,Current,Active,2019-07-15,1539200.0,4.21
2822,ACC00002822,6681,Savings,Active,2018-11-08,0.0,2.56
2823,ACC00002823,3286,Savings,Active,2025-11-13,0.0,4.37
2824,ACC00002824,5069,Fixed Deposit,Dormant,2021-06-23,0.0,6.61
2825,ACC00002825,1643,Savings,Active,2025-09-22,0.0,4.25
2826,ACC00002826,8349,Fixed Deposit,Active,2023-11-30,0.0,6.84
2827,ACC00002827,3955,Current,Active,2024-08-31,339000.0,2.61
2828,ACC00002828,8662,Salary,Active,2023-07-18,0.0,2.87
2829,ACC00002829,9723,Savings,Active,2021-09-21,0.0,3.15
2830,ACC00002830,3778,Savings,Active,2025-12-15,0.0,3.05
2831,ACC00002831,1349,Current,Active,2020-03-16,1831100.0,4.78
2832,ACC00002832,1742,Salary,Active,2020-03-03,0.0,4.07
2833,ACC00002833,6899,Savings,Dormant,2023-04-10,0.0,4.97
2834,ACC00002834,1122,Savings,Active,2020-01-21,0.0,2.54
2835,ACC00002835,746,Loan,Active,2022-12-31,352300.0,12.94
2836,ACC00002836,5832,Salary,Dormant,2020-10-08,0.0,4.6
2837,ACC00002837,5913,Fixed Deposit,Dormant,2025-04-10,0.0,7.38
2838,ACC00002838,1139,Savings,Dormant,2018-02-06,0.0,3.76
2839,ACC00002839,2493,Savings,Active,2023-06-03,0.0,4.62
2840,ACC00002840,5642,Salary,Blocked,2025-05-18,0.0,4.79
2841,ACC00002841,5028,Savings,Active,2020-01-10,0.0,3.66
2842,ACC00002842,3463,Savings,Active,2022-06-15,0.0,3.09
2843,ACC00002843,6927,Current,Active,2018-02-27,1181700.0,2.73
2844,ACC00002844,6797,Fixed Deposit,Active,2021-03-17,0.0,5.95
2845,ACC00002845,3801,Savings,Dormant,2018-02-04,0.0,3.57
2846,ACC00002846,2604,Fixed Deposit,Active,2022-06-01,0.0,8.48
2847,ACC00002847,8129,Savings,Blocked,2021-05-18,0.0,3.1
2848,ACC00002848,2630,Savings,Active,2018-10-02,0.0,4.07
2849,ACC00002849,7076,Savings,Active,2022-08-02,0.0,3.82
2850,ACC00002850,446,Salary,Active,2019-07-18,0.0,4.9
2851,ACC00002851,3825,Current,Active,2024-02-11,843100.0,3.73
2852,ACC00002852,9386,Savings,Dormant,2022-08-04,0.0,2.76
2853,ACC00002853,3429,Current,Active,2022-05-31,420900.0,3.59
2854,ACC00002854,3013,Fixed Deposit,Blocked,2020-07-10,0.0,8.14
2855,ACC00002855,2945,Current,Active,2021-10-04,473400.0,3.17
2856,ACC00002856,5249,Salary,Active,2022-12-14,0.0,4.13
2857,ACC00002857,4828,Savings,Active,2018-01-07,0.0,4.44
2858,ACC00002858,7071,Salary,Active,2018-05-27,0.0,3.63
2859,ACC00002859,87,Fixed Deposit,Active,2021-09-16,0.0,7.87
2860,ACC00002860,7402,Current,Active,2019-11-13,1088600.0,3.81
2861,ACC00002861,9631,Savings,Dormant,2024-09-05,0.0,2.92
2862,ACC00002862,2315,Salary,Active,2019-05-03,0.0,3.57
2863,ACC00002863,5126,Loan,Closed,2019-09-08,402700.0,8.96
2864,ACC00002864,1451,Savings,Active,2018-12-26,0.0,3.2
2865,ACC00002865,7790,Current,Active,2024-11-16,1133500.0,3.72
2866,ACC00002866,8210,Savings,Active,2024-01-15,0.0,4.13
2867,ACC00002867,2943,Savings,Active,2018-08-15,0.0,4.14
2868,ACC00002868,4993,Salary,Active,2025-06-20,0.0,2.68
2869,ACC00002869,8236,Loan,Active,2024-08-24,1727800.0,14.29
2870,ACC00002870,5281,Fixed Deposit,Active,2019-08-03,0.0,6.12
2871,ACC00002871,323,Savings,Active,2021-12-05,0.0,2.99
2872,ACC00002872,4333,Savings,Active,2024-09-11,0.0,3.89
2873,ACC00002873,9488,Current,Active,2024-06-11,1501800.0,3.79
2874,ACC00002874,9443,Current,Active,2024-04-27,1645400.0,4.53
2875,ACC00002875,4442,Current,Active,2024-11-19,1177400.0,3.49
2876,ACC00002876,8932,Current,Closed,2021-07-24,92800.0,4.33
2877,ACC00002877,5973,Current,Blocked,2025-04-18,1406600.0,3.17
2878,ACC00002878,9171,Savings,Active,2020-06-01,0.0,2.93
2879,ACC00002879,5385,Savings,Closed,2018-03-04,0.0,4.36
2880,ACC00002880,411,Savings,Active,2022-11-12,0.0,3.37
2881,ACC00002881,415,Savings,Active,2024-05-03,0.0,4.77
2882,ACC00002882,3215,Savings,Active,2025-07-31,0.0,4.01
2883,ACC00002883,9993,Fixed Deposit,Active,2023-03-09,0.0,6.55
2884,ACC00002884,812,Savings,Active,2025-02-03,0.0,4.24
2885,ACC00002885,8433,Savings,Active,2020-06-18,0.0,4.93
2886,ACC00002886,1358,Fixed Deposit,Closed,2021-02-13,0.0,5.69
2887,ACC00002887,691,Loan,Active,2022-01-20,414400.0,13.89
2888,ACC00002888,4854,Savings,Active,2018-08-06,0.0,4.3
2889,ACC00002889,5766,Salary,Active,2019-02-14,0.0,3.23
2890,ACC00002890,9254,Savings,Dormant,2023-05-28,0.0,2.73
2891,ACC00002891,4512,Salary,Active,2023-08-08,0.0,4.63
2892,ACC00002892,1286,Salary,Active,2022-02-07,0.0,4.14
2893,ACC00002893,115,Savings,Active,2023-04-20,0.0,3.63
2894,ACC00002894,4406,Fixed Deposit,Dormant,2019-12-31,0.0,6.07
2895,ACC00002895,7285,Savings,Active,2020-12-28,0.0,3.23
2896,ACC00002896,8928,Current,Active,2018-11-02,1683700.0,3.6
2897,ACC00002897,2033,Current,Active,2018-07-28,249200.0,4.46
2898,ACC00002898,3170,Salary,Active,2024-10-21,0.0,4.5
2899,ACC00002899,5282,Savings,Closed,2018-05-17,0.0,3.79
2900,ACC00002900,4428,Current,Active,2019-08-15,231000.0,2.89
2901,ACC00002901,2897,Current,Active,2025-02-16,1700400.0,3.41
2902,ACC00002902,7388,Savings,Active,2020-11-03,0.0,4.41
2903,ACC00002903,4998,Savings,Active,2019-12-16,0.0,2.61
2904,ACC00002904,8882,Loan,Active,2021-10-16,784200.0,10.3
2905,ACC00002905,9248,Savings,Active,2022-06-24,0.0,4.49
2906,ACC00002906,2451,Salary,Active,2022-09-08,0.0,3.88
2907,ACC00002907,9837,Savings,Active,2018-09-13,0.0,3.24
2908,ACC00002908,6417,Salary,Active,2024-04-12,0.0,4.05
2909,ACC00002909,4412,Loan,Active,2022-05-09,267100.0,9.57
2910,ACC00002910,3210,Current,Dormant,2020-10-03,719300.0,4.7
2911,ACC00002911,5115,Fixed Deposit,Active,2025-05-11,0.0,6.15
2912,ACC00002912,5170,Savings,Active,2022-04-28,0.0,3.69
2913,ACC00002913,7527,Current,Active,2019-02-06,922900.0,4.23
2914,ACC00002914,4720,Savings,Closed,2023-10-27,0.0,2.91
2915,ACC00002915,5077,Salary,Active,2025-08-21,0.0,3.9
2916,ACC00002916,1704,Savings,Active,2025-12-14,0.0,2.62
2917,ACC00002917,5763,Savings,Active,2018-11-30,0.0,3.35
2918,ACC00002918,6878,Current,Active,2018-07-17,225600.0,2.91
2919,ACC00002919,4443,Fixed Deposit,Active,2025-08-08,0.0,7.74
2920,ACC00002920,784,Savings,Active,2024-06-01,0.0,4.33
2921,ACC00002921,9244,Savings,Active,2018-06-07,0.0,3.43
2922,ACC00002922,429,Savings,Active,2020-03-01,0.0,2.71
2923,ACC00002923,9381,Savings,Active,2019-07-01,0.0,4.91
2924,ACC00002924,1451,Savings,Active,2019-02-12,0.0,4.38
2925,ACC00002925,1353,Savings,Active,2021-01-01,0.0,4.98
2926,ACC00002926,5020,Loan,Closed,2019-09-26,1918000.0,9.0
2927,ACC00002927,9031,Salary,Active,2023-01-14,0.0,4.9
2928,ACC00002928,2364,Loan,Closed,2020-05-05,805600.0,8.89
2929,ACC00002929,9024,Salary,Active,2023-04-22,0.0,3.46
2930,ACC00002930,4924,Fixed Deposit,Active,2024-08-09,0.0,7.79
2931,ACC00002931,8291,Current,Active,2019-05-02,76900.0,3.73
2932,ACC00002932,5156,Savings,Dormant,2020-05-10,0.0,3.59
2933,ACC00002933,4774,Loan,Active,2023-01-21,1474100.0,7.95
2934,ACC00002934,8385,Savings,Active,2023-11-27,0.0,3.14
2935,ACC00002935,3106,Savings,Active,2023-01-17,0.0,2.5
2936,ACC00002936,4758,Salary,Active,2019-09-14,0.0,2.87
2937,ACC00002937,4190,Savings,Active,2019-01-15,0.0,2.82
2938,ACC00002938,6100,Savings,Active,2021-03-10,0.0,3.24
2939,ACC00002939,3784,Loan,Active,2022-03-30,80700.0,13.48
2940,ACC00002940,4423,Savings,Active,2025-12-27,0.0,4.6
2941,ACC00002941,8962,Current,Active,2020-09-17,806000.0,4.1
2942,ACC00002942,2444,Salary,Closed,2020-11-21,0.0,4.3
2943,ACC00002943,870,Savings,Active,2023-09-05,0.0,3.72
2944,ACC00002944,3867,Savings,Closed,2025-10-22,0.0,3.55
2945,ACC00002945,9314,Salary,Active,2021-11-02,0.0,3.83
2946,ACC00002946,2982,Loan,Active,2022-11-03,1639900.0,10.2
2947,ACC00002947,8011,Current,Active,2023-07-29,1214600.0,4.45
2948,ACC00002948,6622,Savings,Active,2019-09-08,0.0,4.4
2949,ACC00002949,6059,Current,Active,2023-04-25,469100.0,4.48
2950,ACC00002950,3360,Salary,Active,2018-05-21,0.0,3.38
2951,ACC00002951,1754,Salary,Closed,2025-05-27,0.0,3.39
2952,ACC00002952,5271,Savings,Active,2021-08-19,0.0,2.8
2953,ACC00002953,7721,Savings,Dormant,2025-02-25,0.0,3.97
2954,ACC00002954,5208,Fixed Deposit,Active,2022-08-21,0.0,6.0
2955,ACC00002955,5122,Savings,Closed,2021-09-21,0.0,2.85
2956,ACC00002956,2110,Loan,Active,2019-11-02,1655700.0,7.94
2957,ACC00002957,6709,Savings,Active,2018-01-22,0.0,2.82
2958,ACC00002958,1081,Savings,Active,2021-10-18,0.0,4.08
2959,ACC00002959,8752,Salary,Active,2018-12-18,0.0,2.96
2960,ACC00002960,6790,Savings,Active,2018-06-21,0.0,4.12
2961,ACC00002961,3979,Loan,Active,2021-01-10,1427700.0,8.43
2962,ACC00002962,4717,Savings,Active,2022-04-11,0.0,3.03
2963,ACC00002963,2350,Current,Active,2023-07-08,1790700.0,2.57
2964,ACC00002964,7241,Savings,Active,2025-08-23,0.0,2.75
2965,ACC00002965,8249,Savings,Closed,2021-05-01,0.0,3.34
2966,ACC00002966,6407,Salary,Active,2018-05-17,0.0,3.99
2967,ACC00002967,1460,Fixed Deposit,Active,2021-06-03,0.0,7.15
2968,ACC00002968,9783,Fixed Deposit,Active,2024-10-17,0.0,8.18
2969,ACC00002969,150,Current,Closed,2024-02-03,236400.0,4.33
2970,ACC00002970,5892,Loan,Active,2019-08-14,793700.0,7.78
2971,ACC00002971,3990,Fixed Deposit,Active,2025-03-20,0.0,6.47
2972,ACC00002972,8516,Savings,Active,2018-09-28,0.0,2.84
2973,ACC00002973,2557,Savings,Active,2019-04-18,0.0,4.98
2974,ACC00002974,2408,Savings,Dormant,2022-12-24,0.0,4.96
2975,ACC00002975,7300,Salary,Active,2024-07-13,0.0,3.91
2976,ACC00002976,2731,Fixed Deposit,Dormant,2023-06-12,0.0,6.88
2977,ACC00002977,8045,Salary,Active,2020-01-19,0.0,3.18
2978,ACC00002978,6671,Savings,Active,2024-10-30,0.0,3.18
2979,ACC00002979,9596,Savings,Closed,2020-03-22,0.0,3.08
2980,ACC00002980,9616,Savings,Active,2018-06-16,0.0,3.71
2981,ACC00002981,6842,Current,Closed,2025-07-18,964800.0,4.63
2982,ACC00002982,4554,Salary,Dormant,2021-02-03,0.0,3.64
2983,ACC00002983,4385,Savings,Blocked,2018-10-01,0.0,3.83
2984,ACC00002984,6374,Savings,Active,2021-08-26,0.0,4.83
2985,ACC00002985,236,Savings,Active,2024-12-31,0.0,3.3
2986,ACC00002986,8473,Salary,Active,2020-08-01,0.0,4.46
2987,ACC00002987,9509,Fixed Deposit,Active,2018-11-25,0.0,7.09
2988,ACC00002988,1042,Savings,Active,2021-08-01,0.0,4.16
2989,ACC00002989,7449,Savings,Active,2018-12-02,0.0,2.93
2990,ACC00002990,4495,Savings,Active,2020-11-14,0.0,3.39
2991,ACC00002991,3012,Savings,Active,2024-07-26,0.0,4.38
2992,ACC00002992,4643,Salary,Active,2019-04-19,0.0,3.71
2993,ACC00002993,4932,Savings,Active,2021-12-05,0.0,3.3
2994,ACC00002994,5245,Fixed Deposit,Active,2024-05-22,0.0,6.48
2995,ACC00002995,256,Fixed Deposit,Active,2022-08-31,0.0,8.27
2996,ACC00002996,1897,Fixed Deposit,Active,2024-03-25,0.0,7.39
2997,ACC00002997,5270,Salary,Active,2024-07-27,0.0,4.38
2998,ACC00002998,6564,Savings,Active,2021-03-08,0.0,3.08
2999,ACC00002999,418,Savings,Active,2019-09-08,0.0,3.62
3000,ACC00003000,7739,Savings,Active,2021-03-31,0.0,4.81
3001,ACC00003001,7116,Savings,Dormant,2022-01-31,0.0,4.32
3002,ACC00003002,8626,Current,Active,2021-05-15,1631800.0,2.78
3003,ACC00003003,8253,Salary,Closed,2019-06-30,0.0,2.72
3004,ACC00003004,6305,Savings,Active,2023-09-07,0.0,4.37
3005,ACC00003005,3032,Savings,Active,2025-07-10,0.0,4.11
3006,ACC00003006,9197,Savings,Active,2025-09-07,0.0,4.2
3007,ACC00003007,3732,Loan,Active,2019-07-20,914500.0,7.94
3008,ACC00003008,6277,Loan,Active,2020-09-08,1174800.0,13.31
3009,ACC00003009,1246,Salary,Active,2018-05-16,0.0,4.8
3010,ACC00003010,8819,Fixed Deposit,Active,2021-07-22,0.0,7.31
3011,ACC00003011,7943,Salary,Active,2021-11-09,0.0,5.0
3012,ACC00003012,8913,Fixed Deposit,Active,2020-04-05,0.0,5.57
3013,ACC00003013,1122,Loan,Active,2021-11-01,901800.0,12.42
3014,ACC00003014,6279,Loan,Active,2022-03-23,453700.0,11.41
3015,ACC00003015,3794,Current,Active,2025-12-15,492800.0,4.17
3016,ACC00003016,6110,Loan,Active,2020-01-26,500600.0,14.42
3017,ACC00003017,6720,Savings,Active,2021-03-16,0.0,4.42
3018,ACC00003018,8967,Savings,Active,2024-02-22,0.0,4.82
3019,ACC00003019,4187,Savings,Active,2019-03-18,0.0,2.66
3020,ACC00003020,8531,Current,Active,2021-02-05,51500.0,4.68
3021,ACC00003021,5154,Savings,Active,2018-01-27,0.0,3.62
3022,ACC00003022,6411,Savings,Active,2018-03-19,0.0,3.8
3023,ACC00003023,5614,Savings,Blocked,2023-08-18,0.0,2.59
3024,ACC00003024,5642,Current,Dormant,2024-04-23,1468300.0,3.03
3025,ACC00003025,2492,Loan,Active,2023-07-11,286000.0,11.94
3026,ACC00003026,1628,Current,Closed,2024-11-07,1259800.0,3.52
3027,ACC00003027,6765,Salary,Active,2023-02-04,0.0,3.37
3028,ACC00003028,732,Salary,Active,2024-11-20,0.0,2.69
3029,ACC00003029,1911,Savings,Active,2021-07-07,0.0,4.32
3030,ACC00003030,2565,Savings,Active,2023-06-08,0.0,2.89
3031,ACC00003031,2284,Savings,Active,2020-07-16,0.0,3.47
3032,ACC00003032,8220,Fixed Deposit,Active,2021-10-17,0.0,7.81
3033,ACC00003033,6444,Savings,Active,2025-08-02,0.0,4.05
3034,ACC00003034,9387,Savings,Active,2020-09-27,0.0,3.8
3035,ACC00003035,4293,Fixed Deposit,Closed,2025-01-26,0.0,8.23
3036,ACC00003036,6984,Current,Active,2022-11-26,1373500.0,2.81
3037,ACC00003037,9944,Salary,Active,2019-01-11,0.0,3.73
3038,ACC00003038,7444,Fixed Deposit,Dormant,2023-04-10,0.0,7.09
3039,ACC00003039,7523,Savings,Active,2022-09-19,0.0,2.85
3040,ACC00003040,134,Salary,Active,2024-03-04,0.0,3.61
3041,ACC00003041,6469,Salary,Active,2018-05-08,0.0,4.97
3042,ACC00003042,2933,Savings,Dormant,2018-05-01,0.0,3.43
3043,ACC00003043,3292,Salary,Active,2024-06-07,0.0,4.23
3044,ACC00003044,2176,Savings,Active,2020-11-02,0.0,2.95
3045,ACC00003045,9615,Savings,Active,2025-02-11,0.0,4.72
3046,ACC00003046,6595,Loan,Dormant,2024-07-25,1152300.0,7.62
3047,ACC00003047,4981,Salary,Active,2019-12-14,0.0,3.11
3048,ACC00003048,8692,Savings,Active,2019-10-04,0.0,4.01
3049,ACC00003049,9223,Salary,Active,2025-03-18,0.0,4.02
3050,ACC00003050,9137,Fixed Deposit,Active,2018-09-24,0.0,7.36
3051,ACC00003051,4758,Savings,Active,2021-09-19,0.0,3.52
3052,ACC00003052,1332,Savings,Active,2018-07-18,0.0,3.3
3053,ACC00003053,8747,Savings,Active,2022-05-10,0.0,4.72
3054,ACC00003054,6439,Current,Active,2025-09-07,1920400.0,4.01
3055,ACC00003055,6859,Savings,Active,2021-02-02,0.0,4.63
3056,ACC00003056,8363,Current,Active,2024-03-14,421900.0,3.68
3057,ACC00003057,5558,Loan,Dormant,2020-08-03,1511700.0,13.9
3058,ACC00003058,3189,Savings,Active,2021-07-03,0.0,2.98
3059,ACC00003059,5499,Loan,Active,2025-01-28,1199000.0,12.15
3060,ACC00003060,6423,Fixed Deposit,Active,2019-05-12,0.0,6.33
3061,ACC00003061,603,Fixed Deposit,Active,2025-01-07,0.0,7.48
3062,ACC00003062,211,Current,Active,2023-10-16,1344600.0,3.25
3063,ACC00003063,749,Savings,Closed,2025-01-10,0.0,2.98
3064,ACC00003064,3408,Current,Active,2018-10-27,1614000.0,2.83
3065,ACC00003065,1228,Fixed Deposit,Active,2022-12-19,0.0,5.65
3066,ACC00003066,3891,Savings,Active,2018-07-29,0.0,4.68
3067,ACC00003067,4887,Savings,Active,2022-03-11,0.0,3.93
3068,ACC00003068,1394,Savings,Active,2023-08-27,0.0,3.67
3069,ACC00003069,6973,Savings,Dormant,2023-12-24,0.0,3.61
3070,ACC00003070,2448,Current,Active,2020-08-10,1734100.0,3.56
3071,ACC00003071,8608,Loan,Blocked,2018-12-01,992200.0,10.36
3072,ACC00003072,9660,Salary,Active,2020-07-16,0.0,5.0
3073,ACC00003073,1429,Savings,Active,2022-04-27,0.0,4.16
3074,ACC00003074,8711,Fixed Deposit,Active,2024-04-12,0.0,8.39
3075,ACC00003075,8939,Salary,Active,2020-11-29,0.0,4.88
3076,ACC00003076,2374,Savings,Dormant,2025-07-22,0.0,2.5
3077,ACC00003077,4372,Current,Active,2021-05-28,1654500.0,3.04
3078,ACC00003078,4268,Savings,Active,2019-10-23,0.0,4.67
3079,ACC00003079,5260,Fixed Deposit,Active,2024-06-29,0.0,7.47
3080,ACC00003080,3534,Loan,Active,2022-08-26,555500.0,8.86
3081,ACC00003081,3306,Savings,Active,2023-05-19,0.0,2.69
3082,ACC00003082,4340,Savings,Active,2024-04-27,0.0,3.48
3083,ACC00003083,5713,Savings,Active,2022-03-25,0.0,4.75
3084,ACC00003084,8148,Savings,Dormant,2019-01-19,0.0,4.09
3085,ACC00003085,6786,Loan,Active,2024-12-17,898800.0,14.09
3086,ACC00003086,701,Loan,Active,2019-07-28,1009400.0,7.65
3087,ACC00003087,8725,Current,Active,2019-03-13,797800.0,2.69
3088,ACC00003088,8141,Current,Active,2023-05-23,1171400.0,3.24
3089,ACC00003089,9682,Savings,Dormant,2022-02-04,0.0,4.43
3090,ACC00003090,7758,Savings,Closed,2021-11-26,0.0,3.81
3091,ACC00003091,5208,Savings,Active,2025-04-30,0.0,4.41
3092,ACC00003092,7308,Savings,Closed,2022-08-24,0.0,4.0
3093,ACC00003093,9945,Savings,Active,2020-08-05,0.0,4.64
3094,ACC00003094,3066,Fixed Deposit,Dormant,2020-02-12,0.0,7.59
3095,ACC00003095,7908,Savings,Dormant,2021-02-19,0.0,3.27
3096,ACC00003096,6808,Salary,Active,2022-02-17,0.0,4.49
3097,ACC00003097,4804,Loan,Active,2021-02-21,642000.0,9.68
3098,ACC00003098,2717,Savings,Active,2022-03-18,0.0,3.38
3099,ACC00003099,6584,Savings,Active,2023-05-09,0.0,4.1
3100,ACC00003100,9581,Savings,Active,2019-12-22,0.0,3.91
3101,ACC00003101,2626,Savings,Active,2023-03-04,0.0,3.05
3102,ACC00003102,3443,Loan,Closed,2020-10-29,1403200.0,12.35
3103,ACC00003103,1804,Fixed Deposit,Active,2024-07-02,0.0,6.92
3104,ACC00003104,5910,Savings,Active,2020-02-23,0.0,3.81
3105,ACC00003105,4542,Salary,Active,2022-12-05,0.0,4.07
3106,ACC00003106,2702,Current,Closed,2024-10-14,252100.0,4.5
3107,ACC00003107,5897,Salary,Active,2023-02-23,0.0,4.84
3108,ACC00003108,8455,Salary,Active,2022-12-12,0.0,4.34
3109,ACC00003109,8041,Salary,Active,2023-05-09,0.0,4.43
3110,ACC00003110,1455,Fixed Deposit,Active,2025-04-30,0.0,8.32
3111,ACC00003111,8890,Fixed Deposit,Active,2022-10-04,0.0,8.4
3112,ACC00003112,1615,Salary,Active,2025-09-19,0.0,3.89
3113,ACC00003113,8120,Current,Active,2024-01-18,190000.0,4.75
3114,ACC00003114,1451,Savings,Closed,2024-03-16,0.0,4.03
3115,ACC00003115,370,Savings,Active,2019-10-10,0.0,4.24
3116,ACC00003116,5986,Savings,Active,2023-06-02,0.0,3.09
3117,ACC00003117,9944,Savings,Active,2021-03-04,0.0,2.56
3118,ACC00003118,4802,Current,Active,2023-09-09,200500.0,2.61
3119,ACC00003119,7289,Loan,Active,2024-05-11,1139500.0,9.79
3120,ACC00003120,7171,Savings,Active,2025-01-17,0.0,4.02
3121,ACC00003121,4236,Savings,Active,2024-09-21,0.0,3.21
3122,ACC00003122,8892,Salary,Active,2022-04-04,0.0,3.26
3123,ACC00003123,6369,Fixed Deposit,Active,2023-12-08,0.0,7.76
3124,ACC00003124,8988,Savings,Active,2022-08-11,0.0,3.34
3125,ACC00003125,5713,Savings,Active,2023-01-22,0.0,4.84
3126,ACC00003126,8936,Current,Active,2019-10-14,932800.0,3.43
3127,ACC00003127,9465,Loan,Dormant,2025-02-18,343400.0,12.14
3128,ACC00003128,9209,Fixed Deposit,Active,2024-08-17,0.0,7.96
3129,ACC00003129,5317,Savings,Active,2019-07-23,0.0,4.95
3130,ACC00003130,9922,Salary,Active,2018-01-19,0.0,4.34
3131,ACC00003131,1895,Savings,Active,2018-05-21,0.0,4.0
3132,ACC00003132,5652,Current,Active,2020-09-10,1702400.0,3.26
3133,ACC00003133,3434,Current,Active,2025-10-22,272000.0,4.72
3134,ACC00003134,2740,Salary,Dormant,2023-07-11,0.0,4.34
3135,ACC00003135,634,Savings,Active,2018-01-24,0.0,2.82
3136,ACC00003136,3011,Savings,Active,2025-12-16,0.0,4.29
3137,ACC00003137,4980,Loan,Active,2025-09-01,56700.0,12.82
3138,ACC00003138,6706,Loan,Active,2025-04-19,1898700.0,14.38
3139,ACC00003139,3289,Salary,Blocked,2019-04-12,0.0,4.52
3140,ACC00003140,4503,Savings,Dormant,2021-03-20,0.0,4.46
3141,ACC00003141,8913,Current,Active,2024-12-21,975100.0,3.93
3142,ACC00003142,9269,Savings,Active,2022-09-21,0.0,2.84
3143,ACC00003143,654,Salary,Active,2022-06-29,0.0,4.89
3144,ACC00003144,3375,Savings,Dormant,2022-04-24,0.0,3.69
3145,ACC00003145,1554,Current,Active,2023-07-06,1780000.0,3.73
3146,ACC00003146,9539,Savings,Active,2018-02-06,0.0,4.05
3147,ACC00003147,9325,Loan,Active,2022-04-11,1891200.0,11.01
3148,ACC00003148,4835,Salary,Active,2023-02-14,0.0,4.16
3149,ACC00003149,253,Loan,Dormant,2020-02-05,1942900.0,13.79
3150,ACC00003150,5735,Salary,Active,2021-02-17,0.0,4.87
3151,ACC00003151,5075,Current,Active,2022-10-06,176900.0,2.91
3152,ACC00003152,9111,Salary,Active,2021-09-22,0.0,3.81
3153,ACC00003153,3516,Current,Active,2021-09-10,1978300.0,3.98
3154,ACC00003154,5464,Loan,Active,2018-02-24,938400.0,8.31
3155,ACC00003155,2172,Salary,Dormant,2018-02-27,0.0,2.62
3156,ACC00003156,3931,Savings,Active,2020-01-15,0.0,2.93
3157,ACC00003157,1801,Loan,Active,2018-09-25,1796500.0,13.3
3158,ACC00003158,7446,Current,Active,2024-10-06,1745100.0,3.77
3159,ACC00003159,7502,Current,Dormant,2022-01-14,1925100.0,4.64
3160,ACC00003160,9573,Fixed Deposit,Active,2018-02-04,0.0,6.14
3161,ACC00003161,1272,Savings,Active,2023-02-22,0.0,3.83
3162,ACC00003162,1486,Loan,Active,2024-10-23,173800.0,12.47
3163,ACC00003163,6300,Savings,Active,2018-09-13,0.0,2.83
3164,ACC00003164,9142,Savings,Active,2022-03-31,0.0,3.98
3165,ACC00003165,7016,Fixed Deposit,Active,2022-05-02,0.0,7.91
3166,ACC00003166,6881,Current,Active,2024-11-02,289900.0,4.95
3167,ACC00003167,4118,Fixed Deposit,Active,2021-07-28,0.0,6.14
3168,ACC00003168,2920,Savings,Blocked,2025-08-23,0.0,3.24
3169,ACC00003169,5795,Fixed Deposit,Active,2024-10-28,0.0,6.02
3170,ACC00003170,813,Savings,Active,2021-02-06,0.0,2.8
3171,ACC00003171,284,Salary,Active,2020-01-23,0.0,3.8
3172,ACC00003172,4163,Savings,Active,2018-05-11,0.0,4.72
3173,ACC00003173,5718,Savings,Active,2022-08-09,0.0,3.09
3174,ACC00003174,8686,Current,Closed,2025-01-11,266000.0,3.09
3175,ACC00003175,3622,Loan,Active,2021-02-19,1839500.0,11.07
3176,ACC00003176,1639,Salary,Active,2022-10-27,0.0,4.73
3177,ACC00003177,8198,Savings,Active,2022-05-05,0.0,4.46
3178,ACC00003178,1678,Savings,Active,2024-11-02,0.0,3.55
3179,ACC00003179,6102,Savings,Active,2024-09-16,0.0,3.75
3180,ACC00003180,9684,Loan,Active,2022-05-21,1514700.0,11.8
3181,ACC00003181,4652,Savings,Active,2022-08-31,0.0,4.39
3182,ACC00003182,2798,Loan,Active,2023-07-16,1632300.0,13.3
3183,ACC00003183,9261,Fixed Deposit,Active,2020-10-19,0.0,5.75
3184,ACC00003184,3443,Savings,Active,2018-08-20,0.0,2.56
3185,ACC00003185,457,Savings,Closed,2019-06-08,0.0,3.47
3186,ACC00003186,9840,Salary,Active,2018-09-13,0.0,3.43
3187,ACC00003187,1798,Salary,Active,2024-04-18,0.0,2.73
3188,ACC00003188,8540,Savings,Active,2024-08-01,0.0,3.17
3189,ACC00003189,1415,Salary,Active,2021-11-13,0.0,3.37
3190,ACC00003190,2259,Salary,Active,2018-10-06,0.0,2.56
3191,ACC00003191,1071,Savings,Active,2023-06-30,0.0,3.0
3192,ACC00003192,9708,Savings,Active,2019-01-26,0.0,4.46
3193,ACC00003193,8726,Loan,Active,2022-01-29,1414000.0,11.15
3194,ACC00003194,4849,Loan,Dormant,2022-05-10,1987200.0,11.37
3195,ACC00003195,9933,Salary,Active,2022-01-30,0.0,4.13
3196,ACC00003196,5224,Salary,Active,2023-08-10,0.0,4.68
3197,ACC00003197,5645,Fixed Deposit,Active,2022-11-26,0.0,8.22
3198,ACC00003198,488,Savings,Active,2020-07-14,0.0,3.76
3199,ACC00003199,5432,Savings,Active,2024-08-10,0.0,4.87
3200,ACC00003200,8269,Fixed Deposit,Active,2020-08-04,0.0,6.68
3201,ACC00003201,2765,Savings,Active,2018-04-20,0.0,4.22
3202,ACC00003202,2687,Salary,Closed,2018-12-05,0.0,4.01
3203,ACC00003203,1868,Current,Closed,2018-12-07,1527700.0,3.46
3204,ACC00003204,1551,Savings,Active,2019-10-11,0.0,4.34
3205,ACC00003205,9794,Savings,Active,2024-04-27,0.0,4.15
3206,ACC00003206,2342,Savings,Active,2021-01-22,0.0,2.53
3207,ACC00003207,4194,Savings,Active,2019-09-23,0.0,2.61
3208,ACC00003208,6071,Current,Active,2024-07-22,1981600.0,4.72
3209,ACC00003209,1327,Current,Active,2023-11-03,1287500.0,2.57
3210,ACC00003210,1754,Savings,Active,2024-02-06,0.0,3.43
3211,ACC00003211,752,Savings,Active,2023-03-06,0.0,3.46
3212,ACC00003212,4366,Savings,Active,2021-03-30,0.0,2.8
3213,ACC00003213,2040,Current,Active,2024-10-25,919400.0,3.82
3214,ACC00003214,6634,Loan,Active,2019-12-22,577500.0,7.91
3215,ACC00003215,1679,Current,Active,2022-06-23,721500.0,3.79
3216,ACC00003216,9379,Loan,Active,2024-01-26,1880500.0,10.28
3217,ACC00003217,7142,Loan,Dormant,2021-10-28,383300.0,12.57
3218,ACC00003218,1737,Current,Active,2019-06-13,1012300.0,3.3
3219,ACC00003219,5383,Current,Active,2022-03-27,1814300.0,2.73
3220,ACC00003220,4083,Savings,Closed,2020-08-14,0.0,4.75
3221,ACC00003221,1830,Savings,Active,2021-02-17,0.0,3.51
3222,ACC00003222,6138,Loan,Active,2020-01-31,1573800.0,13.75
3223,ACC00003223,4311,Salary,Active,2019-09-24,0.0,2.87
3224,ACC00003224,6670,Salary,Active,2025-11-19,0.0,3.39
3225,ACC00003225,7161,Current,Active,2022-03-23,1865400.0,4.83
3226,ACC00003226,4870,Salary,Dormant,2021-01-21,0.0,4.58
3227,ACC00003227,6991,Salary,Active,2022-06-30,0.0,4.39
3228,ACC00003228,7155,Savings,Active,2022-05-17,0.0,3.35
3229,ACC00003229,4177,Fixed Deposit,Blocked,2018-04-12,0.0,6.5
3230,ACC00003230,2656,Current,Active,2022-12-17,1804900.0,3.07
3231,ACC00003231,1211,Salary,Active,2019-07-26,0.0,4.78
3232,ACC00003232,8326,Savings,Active,2018-10-26,0.0,4.11
3233,ACC00003233,7335,Current,Active,2022-11-13,497700.0,2.58
3234,ACC00003234,7818,Salary,Active,2018-02-22,0.0,2.85
3235,ACC00003235,6885,Current,Active,2024-09-06,313300.0,4.04
3236,ACC00003236,3789,Salary,Active,2023-07-12,0.0,3.44
3237,ACC00003237,7991,Savings,Active,2021-10-21,0.0,4.79
3238,ACC00003238,8011,Current,Active,2021-09-08,1409400.0,3.03
3239,ACC00003239,8779,Savings,Active,2024-11-23,0.0,2.97
3240,ACC00003240,2910,Savings,Active,2022-11-04,0.0,3.46
3241,ACC00003241,6108,Fixed Deposit,Active,2019-02-09,0.0,7.72
3242,ACC00003242,215,Savings,Active,2024-10-02,0.0,3.27
3243,ACC00003243,2363,Savings,Active,2019-11-05,0.0,3.09
3244,ACC00003244,8046,Fixed Deposit,Active,2025-09-13,0.0,7.12
3245,ACC00003245,2165,Fixed Deposit,Dormant,2023-06-28,0.0,6.68
3246,ACC00003246,7947,Savings,Active,2020-05-17,0.0,3.6
3247,ACC00003247,8510,Savings,Active,2022-05-22,0.0,4.96
3248,ACC00003248,4060,Fixed Deposit,Active,2021-08-08,0.0,6.56
3249,ACC00003249,7026,Salary,Active,2018-12-29,0.0,3.99
3250,ACC00003250,71,Current,Active,2024-03-27,620400.0,3.67
3251,ACC00003251,3313,Current,Active,2021-06-15,432100.0,4.72
3252,ACC00003252,3435,Fixed Deposit,Active,2025-04-22,0.0,6.62
3253,ACC00003253,1046,Savings,Dormant,2025-09-15,0.0,4.46
3254,ACC00003254,654,Salary,Active,2021-03-31,0.0,3.55
3255,ACC00003255,1798,Loan,Active,2021-11-14,1201600.0,12.36
3256,ACC00003256,4334,Savings,Blocked,2020-07-27,0.0,4.02
3257,ACC00003257,7711,Savings,Active,2023-01-13,0.0,4.03
3258,ACC00003258,3965,Savings,Active,2023-04-07,0.0,4.0
3259,ACC00003259,5507,Savings,Active,2023-12-19,0.0,4.54
3260,ACC00003260,3092,Current,Active,2021-04-02,1111000.0,3.6
3261,ACC00003261,1850,Savings,Active,2018-12-05,0.0,4.09
3262,ACC00003262,7642,Current,Active,2021-05-16,1025900.0,2.56
3263,ACC00003263,5645,Current,Dormant,2024-02-28,1033500.0,4.36
3264,ACC00003264,517,Current,Blocked,2018-05-09,350700.0,2.63
3265,ACC00003265,2213,Loan,Active,2018-11-24,108200.0,13.02
3266,ACC00003266,8080,Savings,Active,2020-09-15,0.0,4.1
3267,ACC00003267,6492,Salary,Active,2021-08-16,0.0,3.54
3268,ACC00003268,3331,Current,Active,2025-06-17,925200.0,4.19
3269,ACC00003269,6034,Salary,Active,2018-04-29,0.0,3.06
3270,ACC00003270,9129,Current,Active,2023-12-27,786000.0,3.85
3271,ACC00003271,2293,Salary,Active,2025-11-06,0.0,4.33
3272,ACC00003272,6784,Current,Active,2019-05-24,706000.0,2.72
3273,ACC00003273,6366,Salary,Dormant,2024-05-03,0.0,2.7
3274,ACC00003274,3808,Salary,Active,2019-05-03,0.0,4.74
3275,ACC00003275,6734,Savings,Active,2020-05-31,0.0,4.62
3276,ACC00003276,7763,Loan,Active,2024-10-03,1324400.0,7.57
3277,ACC00003277,7997,Salary,Active,2018-02-21,0.0,4.21
3278,ACC00003278,7855,Savings,Active,2018-02-01,0.0,4.0
3279,ACC00003279,2968,Fixed Deposit,Active,2020-01-21,0.0,7.46
3280,ACC00003280,1885,Savings,Active,2020-04-20,0.0,3.28
3281,ACC00003281,4090,Current,Active,2025-11-07,983200.0,3.66
3282,ACC00003282,4479,Savings,Active,2025-08-12,0.0,3.23
3283,ACC00003283,8011,Current,Active,2020-10-18,563500.0,4.46
3284,ACC00003284,4428,Fixed Deposit,Active,2025-11-08,0.0,8.18
3285,ACC00003285,839,Fixed Deposit,Active,2019-05-31,0.0,6.58
3286,ACC00003286,6723,Fixed Deposit,Active,2025-06-23,0.0,8.07
3287,ACC00003287,5344,Fixed Deposit,Active,2020-03-31,0.0,8.5
3288,ACC00003288,9355,Current,Active,2022-09-13,413700.0,4.93
3289,ACC00003289,4866,Fixed Deposit,Active,2019-08-20,0.0,6.45
3290,ACC00003290,9489,Current,Active,2018-07-09,765700.0,3.29
3291,ACC00003291,6826,Savings,Active,2019-01-29,0.0,4.24
3292,ACC00003292,125,Fixed Deposit,Closed,2024-02-11,0.0,7.59
3293,ACC00003293,8270,Current,Active,2023-10-14,837800.0,3.81
3294,ACC00003294,9322,Current,Active,2022-03-30,1902800.0,3.22
3295,ACC00003295,4207,Current,Active,2025-12-10,1085500.0,2.83
3296,ACC00003296,4277,Savings,Active,2018-04-18,0.0,4.53
3297,ACC00003297,2413,Savings,Active,2024-04-25,0.0,3.3
3298,ACC00003298,9864,Savings,Active,2020-09-07,0.0,4.36
3299,ACC00003299,7943,Salary,Dormant,2018-09-18,0.0,4.86
3300,ACC00003300,4261,Salary,Active,2024-10-09,0.0,2.59
3301,ACC00003301,8676,Loan,Active,2022-09-10,566100.0,8.77
3302,ACC00003302,452,Salary,Blocked,2023-07-17,0.0,2.84
3303,ACC00003303,3102,Savings,Active,2019-04-09,0.0,4.05
3304,ACC00003304,9014,Savings,Active,2018-11-15,0.0,4.91
3305,ACC00003305,9780,Savings,Active,2024-04-04,0.0,3.49
3306,ACC00003306,4971,Fixed Deposit,Closed,2025-05-13,0.0,5.85
3307,ACC00003307,9386,Fixed Deposit,Blocked,2025-03-19,0.0,6.17
3308,ACC00003308,5787,Loan,Active,2020-12-30,798100.0,13.57
3309,ACC00003309,2399,Salary,Dormant,2025-05-15,0.0,3.93
3310,ACC00003310,8720,Savings,Closed,2018-11-12,0.0,4.94
3311,ACC00003311,9933,Fixed Deposit,Active,2023-01-04,0.0,8.26
3312,ACC00003312,7285,Savings,Active,2018-08-20,0.0,2.77
3313,ACC00003313,1995,Savings,Active,2024-09-05,0.0,3.05
3314,ACC00003314,634,Savings,Active,2018-08-08,0.0,3.39
3315,ACC00003315,9952,Current,Active,2025-11-12,1191600.0,4.46
3316,ACC00003316,3572,Savings,Closed,2020-03-30,0.0,4.26
3317,ACC00003317,1313,Salary,Active,2023-10-23,0.0,3.7
3318,ACC00003318,2395,Loan,Closed,2021-11-04,1682600.0,11.9
3319,ACC00003319,9959,Savings,Closed,2022-09-22,0.0,2.98
3320,ACC00003320,7362,Savings,Active,2020-05-16,0.0,4.93
3321,ACC00003321,3070,Current,Dormant,2025-04-06,338800.0,3.32
3322,ACC00003322,1579,Loan,Active,2023-10-26,1335800.0,9.38
3323,ACC00003323,7281,Savings,Active,2021-11-25,0.0,2.65
3324,ACC00003324,6924,Current,Active,2025-01-22,1071200.0,3.21
3325,ACC00003325,8532,Savings,Active,2019-07-17,0.0,2.81
3326,ACC00003326,7173,Current,Active,2025-07-24,441000.0,4.06
3327,ACC00003327,3560,Savings,Active,2023-10-24,0.0,2.87
3328,ACC00003328,6510,Savings,Active,2022-03-06,0.0,3.23
3329,ACC00003329,4769,Savings,Active,2025-01-07,0.0,3.63
3330,ACC00003330,2236,Loan,Closed,2019-06-15,1031700.0,8.31
3331,ACC00003331,3303,Salary,Active,2024-04-20,0.0,2.68
3332,ACC00003332,8226,Savings,Active,2024-11-24,0.0,3.8
3333,ACC00003333,5192,Salary,Active,2018-11-16,0.0,4.22
3334,ACC00003334,3660,Savings,Dormant,2022-08-20,0.0,4.61
3335,ACC00003335,9447,Salary,Active,2024-04-26,0.0,3.16
3336,ACC00003336,9877,Loan,Active,2018-10-11,820800.0,14.16
3337,ACC00003337,6635,Loan,Active,2022-12-02,1205500.0,10.21
3338,ACC00003338,8369,Current,Active,2024-01-17,1336300.0,3.79
3339,ACC00003339,8827,Fixed Deposit,Dormant,2020-11-27,0.0,5.89
3340,ACC00003340,6362,Savings,Active,2020-05-05,0.0,4.0
3341,ACC00003341,5692,Fixed Deposit,Active,2018-04-27,0.0,7.18
3342,ACC00003342,6722,Savings,Active,2018-01-27,0.0,4.33
3343,ACC00003343,9688,Salary,Active,2021-10-17,0.0,3.3
3344,ACC00003344,8041,Loan,Active,2022-08-09,1712000.0,11.15
3345,ACC00003345,8402,Current,Active,2023-03-01,715300.0,3.05
3346,ACC00003346,6234,Savings,Active,2020-07-17,0.0,4.09
3347,ACC00003347,5132,Salary,Active,2025-10-28,0.0,4.85
3348,ACC00003348,7194,Savings,Active,2019-07-15,0.0,3.21
3349,ACC00003349,6468,Savings,Active,2018-04-19,0.0,4.58
3350,ACC00003350,1275,Fixed Deposit,Active,2023-03-16,0.0,5.58
3351,ACC00003351,2613,Salary,Active,2020-02-25,0.0,4.67
3352,ACC00003352,2903,Savings,Active,2023-05-12,0.0,2.98
3353,ACC00003353,5205,Current,Active,2024-12-03,635900.0,3.75
3354,ACC00003354,9392,Savings,Active,2019-07-26,0.0,3.17
3355,ACC00003355,6114,Savings,Active,2022-06-04,0.0,3.59
3356,ACC00003356,9261,Savings,Active,2025-07-23,0.0,4.41
3357,ACC00003357,4739,Salary,Active,2023-09-07,0.0,3.31
3358,ACC00003358,5582,Savings,Active,2024-01-12,0.0,4.66
3359,ACC00003359,3462,Savings,Active,2024-05-24,0.0,2.93
3360,ACC00003360,6305,Loan,Dormant,2020-07-13,179300.0,13.0
3361,ACC00003361,5649,Current,Active,2024-02-26,962000.0,3.91
3362,ACC00003362,1977,Savings,Active,2023-03-13,0.0,3.06
3363,ACC00003363,4875,Savings,Active,2020-10-23,0.0,2.84
3364,ACC00003364,8002,Savings,Active,2023-12-07,0.0,3.59
3365,ACC00003365,4319,Current,Dormant,2025-06-24,650600.0,3.27
3366,ACC00003366,3975,Fixed Deposit,Active,2025-09-23,0.0,5.79
3367,ACC00003367,5647,Fixed Deposit,Active,2023-06-14,0.0,7.22
3368,ACC00003368,3460,Loan,Active,2019-05-30,381300.0,10.46
3369,ACC00003369,3341,Savings,Active,2023-02-07,0.0,4.74
3370,ACC00003370,7709,Current,Active,2021-12-09,121800.0,3.21
3371,ACC00003371,5426,Loan,Active,2018-04-01,132000.0,13.57
3372,ACC00003372,4112,Loan,Active,2018-02-17,1833900.0,13.27
3373,ACC00003373,4609,Savings,Active,2025-06-18,0.0,4.64
3374,ACC00003374,9250,Current,Active,2022-11-28,1434400.0,4.78
3375,ACC00003375,4450,Savings,Active,2025-10-19,0.0,3.03
3376,ACC00003376,5584,Savings,Active,2019-04-10,0.0,4.61
3377,ACC00003377,3040,Loan,Active,2018-12-18,338800.0,9.45
3378,ACC00003378,143,Current,Active,2024-08-05,596600.0,2.83
3379,ACC00003379,977,Loan,Active,2024-06-02,1025600.0,9.61
3380,ACC00003380,337,Savings,Closed,2020-01-30,0.0,3.42
3381,ACC00003381,4789,Loan,Active,2022-11-19,1968600.0,9.31
3382,ACC00003382,6045,Savings,Active,2021-04-03,0.0,4.34
3383,ACC00003383,7372,Savings,Active,2019-08-20,0.0,4.92
3384,ACC00003384,2021,Savings,Active,2022-02-01,0.0,3.24
3385,ACC00003385,8781,Savings,Active,2025-04-05,0.0,4.88
3386,ACC00003386,5159,Current,Active,2024-11-06,223200.0,3.17
3387,ACC00003387,1537,Savings,Active,2025-12-25,0.0,4.15
3388,ACC00003388,8753,Fixed Deposit,Active,2023-06-12,0.0,6.17
3389,ACC00003389,9549,Current,Active,2023-03-05,1751000.0,3.09
3390,ACC00003390,344,Savings,Active,2020-12-15,0.0,3.25
3391,ACC00003391,7256,Current,Active,2023-02-08,988800.0,4.95
3392,ACC00003392,1380,Current,Active,2023-03-25,1992300.0,3.27
3393,ACC00003393,5047,Savings,Active,2020-07-19,0.0,3.51
3394,ACC00003394,846,Savings,Active,2025-09-05,0.0,4.34
3395,ACC00003395,3654,Salary,Active,2025-06-09,0.0,4.15
3396,ACC00003396,9463,Current,Active,2021-06-24,1432900.0,4.68
3397,ACC00003397,8690,Savings,Active,2019-11-19,0.0,3.8
3398,ACC00003398,4932,Salary,Active,2020-04-25,0.0,3.32
3399,ACC00003399,5183,Salary,Active,2018-12-08,0.0,4.59
3400,ACC00003400,5712,Loan,Active,2023-01-07,1142500.0,7.73
3401,ACC00003401,2916,Salary,Active,2018-04-29,0.0,3.8
3402,ACC00003402,3067,Savings,Active,2020-08-28,0.0,4.8
3403,ACC00003403,5360,Savings,Active,2022-05-15,0.0,3.46
3404,ACC00003404,9813,Current,Closed,2018-10-13,1532100.0,4.46
3405,ACC00003405,7235,Savings,Active,2022-02-16,0.0,4.98
3406,ACC00003406,2648,Current,Closed,2022-03-23,1515500.0,3.79
3407,ACC00003407,7110,Savings,Active,2025-03-23,0.0,3.66
3408,ACC00003408,9314,Fixed Deposit,Closed,2018-03-09,0.0,8.48
3409,ACC00003409,7675,Salary,Active,2019-11-06,0.0,3.47
3410,ACC00003410,2006,Savings,Active,2021-09-10,0.0,3.01
3411,ACC00003411,5891,Current,Dormant,2023-08-02,901600.0,3.6
3412,ACC00003412,679,Salary,Active,2023-02-19,0.0,3.56
3413,ACC00003413,2519,Savings,Active,2022-03-03,0.0,4.1
3414,ACC00003414,9952,Loan,Active,2020-01-21,1063400.0,9.05
3415,ACC00003415,1391,Savings,Active,2025-11-27,0.0,4.9
3416,ACC00003416,5406,Loan,Active,2022-09-22,312800.0,13.16
3417,ACC00003417,6962,Savings,Active,2020-02-24,0.0,2.71
3418,ACC00003418,9700,Current,Active,2024-02-23,721500.0,4.6
3419,ACC00003419,2627,Savings,Active,2023-06-06,0.0,2.58
3420,ACC00003420,3760,Loan,Active,2025-07-14,384500.0,11.5
3421,ACC00003421,3880,Fixed Deposit,Active,2020-09-17,0.0,5.8
3422,ACC00003422,9488,Loan,Active,2025-09-06,553100.0,8.31
3423,ACC00003423,1184,Current,Active,2024-02-13,1677600.0,4.18
3424,ACC00003424,4964,Savings,Active,2023-06-09,0.0,4.56
3425,ACC00003425,2278,Savings,Active,2025-04-03,0.0,4.83
3426,ACC00003426,7116,Current,Active,2025-09-23,1633000.0,2.53
3427,ACC00003427,199,Savings,Active,2021-07-15,0.0,3.06
3428,ACC00003428,458,Savings,Active,2022-01-25,0.0,3.23
3429,ACC00003429,3559,Savings,Active,2023-09-04,0.0,4.22
3430,ACC00003430,9094,Savings,Active,2024-03-29,0.0,4.89
3431,ACC00003431,6035,Current,Active,2021-07-25,1883200.0,2.62
3432,ACC00003432,7813,Salary,Active,2022-12-08,0.0,2.6
3433,ACC00003433,2316,Salary,Active,2018-05-05,0.0,4.82
3434,ACC00003434,902,Savings,Active,2023-12-04,0.0,4.42
3435,ACC00003435,6901,Savings,Dormant,2018-04-30,0.0,4.32
3436,ACC00003436,4298,Savings,Active,2024-10-08,0.0,4.93
3437,ACC00003437,8552,Savings,Active,2019-02-12,0.0,3.07
3438,ACC00003438,7767,Savings,Active,2021-09-04,0.0,4.5
3439,ACC00003439,1137,Savings,Active,2025-12-09,0.0,3.08
3440,ACC00003440,5285,Savings,Closed,2021-11-14,0.0,3.1
3441,ACC00003441,508,Savings,Active,2019-12-19,0.0,3.69
3442,ACC00003442,5273,Savings,Closed,2025-04-02,0.0,4.1
3443,ACC00003443,8259,Savings,Active,2019-01-12,0.0,3.16
3444,ACC00003444,4724,Salary,Active,2025-12-22,0.0,3.82
3445,ACC00003445,2628,Salary,Active,2021-02-24,0.0,2.84
3446,ACC00003446,8868,Savings,Active,2020-08-06,0.0,4.83
3447,ACC00003447,2329,Savings,Active,2018-08-28,0.0,4.31
3448,ACC00003448,1032,Savings,Active,2023-06-06,0.0,4.96
3449,ACC00003449,1305,Current,Active,2019-11-04,797200.0,3.1
3450,ACC00003450,9843,Current,Active,2025-06-01,1233700.0,2.85
3451,ACC00003451,4284,Savings,Active,2018-12-17,0.0,2.78
3452,ACC00003452,4909,Current,Active,2022-02-06,667300.0,4.92
3453,ACC00003453,1765,Salary,Active,2025-06-13,0.0,2.55
3454,ACC00003454,559,Salary,Active,2022-11-20,0.0,2.51
3455,ACC00003455,3762,Current,Dormant,2024-12-12,808400.0,4.29
3456,ACC00003456,9042,Loan,Active,2025-03-21,1804500.0,8.75
3457,ACC00003457,8160,Salary,Blocked,2021-05-30,0.0,3.96
3458,ACC00003458,2090,Savings,Active,2025-01-26,0.0,4.05
3459,ACC00003459,2226,Fixed Deposit,Active,2020-02-17,0.0,6.15
3460,ACC00003460,8170,Savings,Dormant,2021-06-03,0.0,3.16
3461,ACC00003461,8196,Savings,Closed,2019-07-04,0.0,3.15
3462,ACC00003462,9901,Salary,Active,2019-08-29,0.0,2.76
3463,ACC00003463,5200,Savings,Active,2019-01-01,0.0,3.67
3464,ACC00003464,7341,Loan,Active,2024-04-22,1512300.0,9.28
3465,ACC00003465,2426,Savings,Active,2024-09-18,0.0,3.28
3466,ACC00003466,9603,Savings,Active,2025-05-11,0.0,3.68
3467,ACC00003467,9135,Loan,Active,2021-05-07,159500.0,10.91
3468,ACC00003468,2051,Fixed Deposit,Dormant,2023-02-09,0.0,7.39
3469,ACC00003469,477,Loan,Active,2020-08-03,115800.0,12.85
3470,ACC00003470,7251,Savings,Blocked,2020-10-27,0.0,2.55
3471,ACC00003471,7203,Savings,Closed,2020-08-26,0.0,4.61
3472,ACC00003472,309,Loan,Active,2023-12-22,1174100.0,12.15
3473,ACC00003473,9616,Salary,Active,2018-09-17,0.0,3.2
3474,ACC00003474,7544,Fixed Deposit,Active,2019-11-02,0.0,5.79
3475,ACC00003475,2202,Savings,Active,2024-03-15,0.0,3.9
3476,ACC00003476,4774,Salary,Active,2024-02-27,0.0,3.12
3477,ACC00003477,8561,Salary,Active,2025-11-20,0.0,4.36
3478,ACC00003478,7586,Savings,Dormant,2025-03-03,0.0,3.91
3479,ACC00003479,8435,Current,Dormant,2022-06-18,717400.0,4.87
3480,ACC00003480,2325,Savings,Closed,2019-04-01,0.0,3.38
3481,ACC00003481,8873,Savings,Active,2020-08-26,0.0,4.76
3482,ACC00003482,3515,Fixed Deposit,Active,2019-07-26,0.0,6.31
3483,ACC00003483,2360,Fixed Deposit,Active,2022-11-08,0.0,8.27
3484,ACC00003484,8382,Savings,Active,2020-04-25,0.0,2.81
3485,ACC00003485,8921,Fixed Deposit,Active,2019-12-14,0.0,7.62
3486,ACC00003486,5716,Savings,Active,2019-08-31,0.0,3.27
3487,ACC00003487,15,Savings,Blocked,2021-12-14,0.0,4.31
3488,ACC00003488,3266,Fixed Deposit,Active,2025-01-31,0.0,8.34
3489,ACC00003489,8958,Salary,Active,2022-10-06,0.0,4.49
3490,ACC00003490,832,Salary,Active,2025-07-02,0.0,4.88
3491,ACC00003491,1270,Fixed Deposit,Dormant,2025-10-03,0.0,7.15
3492,ACC00003492,3769,Fixed Deposit,Active,2018-01-10,0.0,5.8
3493,ACC00003493,4079,Loan,Active,2019-05-13,1136800.0,12.11
3494,ACC00003494,4182,Current,Active,2018-06-20,933700.0,3.11
3495,ACC00003495,5448,Savings,Active,2020-12-28,0.0,3.54
3496,ACC00003496,8407,Savings,Active,2024-08-22,0.0,2.53
3497,ACC00003497,3607,Savings,Active,2019-10-27,0.0,4.28
3498,ACC00003498,8184,Savings,Active,2025-03-07,0.0,4.58
3499,ACC00003499,6406,Loan,Active,2025-01-11,415200.0,13.11
3500,ACC00003500,1550,Savings,Active,2019-04-26,0.0,3.2
3501,ACC00003501,2309,Salary,Active,2025-05-18,0.0,3.78
3502,ACC00003502,4036,Fixed Deposit,Active,2018-11-17,0.0,6.65
3503,ACC00003503,8702,Current,Active,2023-11-19,73700.0,2.74
3504,ACC00003504,1689,Savings,Active,2019-03-09,0.0,3.87
3505,ACC00003505,3483,Salary,Dormant,2023-05-30,0.0,4.67
3506,ACC00003506,8636,Loan,Active,2025-08-27,1373500.0,11.03
3507,ACC00003507,5252,Salary,Active,2022-11-09,0.0,3.49
3508,ACC00003508,5865,Current,Active,2021-09-01,1203300.0,3.14
3509,ACC00003509,4059,Current,Active,2023-12-19,192100.0,4.72
3510,ACC00003510,5012,Savings,Dormant,2025-12-17,0.0,4.44
3511,ACC00003511,1392,Fixed Deposit,Active,2023-02-09,0.0,6.54
3512,ACC00003512,6699,Current,Active,2018-08-14,461600.0,4.79
3513,ACC00003513,6972,Savings,Closed,2019-09-22,0.0,4.74
3514,ACC00003514,477,Savings,Active,2023-08-06,0.0,3.55
3515,ACC00003515,2088,Savings,Active,2020-10-05,0.0,4.43
3516,ACC00003516,5443,Salary,Active,2018-05-03,0.0,4.82
3517,ACC00003517,3035,Loan,Active,2025-06-12,1624700.0,12.87
3518,ACC00003518,3029,Savings,Active,2019-11-28,0.0,4.42
3519,ACC00003519,4411,Savings,Active,2023-10-10,0.0,4.16
3520,ACC00003520,1812,Fixed Deposit,Active,2022-06-11,0.0,6.98
3521,ACC00003521,4543,Salary,Closed,2024-12-04,0.0,4.08
3522,ACC00003522,8355,Savings,Active,2019-02-22,0.0,4.94
3523,ACC00003523,4410,Loan,Active,2022-07-23,552900.0,7.79
3524,ACC00003524,6009,Savings,Active,2023-02-24,0.0,4.96
3525,ACC00003525,7306,Salary,Active,2020-09-19,0.0,4.34
3526,ACC00003526,9077,Salary,Active,2019-02-19,0.0,2.52
3527,ACC00003527,2709,Current,Active,2022-06-01,322900.0,3.36
3528,ACC00003528,1323,Savings,Active,2018-09-02,0.0,2.72
3529,ACC00003529,5479,Fixed Deposit,Active,2024-05-21,0.0,6.84
3530,ACC00003530,2177,Current,Active,2025-05-26,343300.0,3.05
3531,ACC00003531,5294,Savings,Active,2018-02-20,0.0,3.18
3532,ACC00003532,9119,Current,Active,2023-11-16,1733400.0,2.77
3533,ACC00003533,2623,Savings,Active,2021-10-18,0.0,4.12
3534,ACC00003534,9646,Savings,Active,2022-07-29,0.0,4.8
3535,ACC00003535,2222,Savings,Active,2020-02-03,0.0,4.17
3536,ACC00003536,6717,Savings,Closed,2019-03-05,0.0,4.14
3537,ACC00003537,7308,Fixed Deposit,Dormant,2024-08-27,0.0,8.28
3538,ACC00003538,3433,Savings,Active,2020-06-11,0.0,3.45
3539,ACC00003539,3344,Salary,Active,2024-12-05,0.0,4.74
3540,ACC00003540,7573,Savings,Active,2023-08-28,0.0,4.26
3541,ACC00003541,4059,Current,Blocked,2020-05-16,863900.0,2.7
3542,ACC00003542,5237,Salary,Active,2021-01-23,0.0,4.27
3543,ACC00003543,4288,Savings,Active,2020-10-21,0.0,2.74
3544,ACC00003544,8626,Fixed Deposit,Active,2021-07-01,0.0,8.01
3545,ACC00003545,9656,Loan,Active,2019-07-14,1840900.0,13.21
3546,ACC00003546,8376,Savings,Closed,2018-02-27,0.0,2.51
3547,ACC00003547,8328,Fixed Deposit,Active,2018-10-22,0.0,6.08
3548,ACC00003548,5584,Savings,Active,2019-05-27,0.0,4.23
3549,ACC00003549,7383,Savings,Active,2023-12-27,0.0,4.81
3550,ACC00003550,354,Savings,Active,2025-11-24,0.0,2.56
3551,ACC00003551,2934,Loan,Active,2024-05-27,1989200.0,9.04
3552,ACC00003552,5426,Salary,Dormant,2020-11-16,0.0,4.41
3553,ACC00003553,9220,Current,Active,2018-11-18,249800.0,4.88
3554,ACC00003554,1980,Savings,Active,2022-07-07,0.0,3.15
3555,ACC00003555,3780,Savings,Active,2022-10-24,0.0,3.74
3556,ACC00003556,3733,Savings,Active,2025-11-09,0.0,3.89
3557,ACC00003557,9122,Savings,Active,2020-02-18,0.0,4.11
3558,ACC00003558,5193,Savings,Active,2024-04-07,0.0,3.93
3559,ACC00003559,7065,Loan,Dormant,2024-07-17,1298400.0,14.41
3560,ACC00003560,8324,Fixed Deposit,Active,2018-05-07,0.0,6.21
3561,ACC00003561,848,Savings,Dormant,2019-08-18,0.0,2.8
3562,ACC00003562,3496,Savings,Dormant,2019-09-09,0.0,3.38
3563,ACC00003563,4615,Savings,Active,2022-05-13,0.0,4.22
3564,ACC00003564,3880,Salary,Active,2023-05-15,0.0,4.57
3565,ACC00003565,6576,Current,Active,2020-08-04,1376900.0,4.24
3566,ACC00003566,2139,Savings,Closed,2025-05-18,0.0,4.21
3567,ACC00003567,3836,Loan,Active,2022-08-20,1027600.0,11.99
3568,ACC00003568,4073,Savings,Dormant,2018-02-09,0.0,4.82
3569,ACC00003569,335,Salary,Active,2019-02-28,0.0,3.84
3570,ACC00003570,7043,Loan,Active,2020-01-28,1447500.0,11.36
3571,ACC00003571,1217,Loan,Active,2020-03-31,718700.0,8.63
3572,ACC00003572,4775,Current,Active,2023-06-17,1797600.0,4.82
3573,ACC00003573,5146,Savings,Active,2022-01-15,0.0,4.82
3574,ACC00003574,3400,Loan,Dormant,2018-04-19,1494900.0,9.86
3575,ACC00003575,6422,Salary,Active,2024-01-05,0.0,4.16
3576,ACC00003576,9126,Fixed Deposit,Blocked,2020-07-28,0.0,7.51
3577,ACC00003577,3024,Loan,Active,2020-03-04,804400.0,11.95
3578,ACC00003578,2137,Savings,Active,2023-07-23,0.0,3.23
3579,ACC00003579,3863,Savings,Active,2018-09-04,0.0,3.0
3580,ACC00003580,4604,Savings,Active,2021-11-14,0.0,3.32
3581,ACC00003581,6417,Loan,Active,2023-01-24,638900.0,13.97
3582,ACC00003582,2800,Salary,Active,2022-03-13,0.0,3.81
3583,ACC00003583,4993,Savings,Active,2018-02-01,0.0,3.77
3584,ACC00003584,1993,Savings,Active,2024-02-10,0.0,4.89
3585,ACC00003585,8410,Current,Active,2019-10-12,105200.0,4.7
3586,ACC00003586,3505,Savings,Active,2025-12-24,0.0,3.41
3587,ACC00003587,3132,Savings,Active,2024-12-12,0.0,4.72
3588,ACC00003588,7430,Fixed Deposit,Active,2020-09-11,0.0,7.18
3589,ACC00003589,6569,Salary,Active,2022-05-05,0.0,4.63
3590,ACC00003590,7369,Loan,Active,2025-08-12,1588400.0,13.3
3591,ACC00003591,4692,Current,Active,2021-08-09,1340900.0,3.07
3592,ACC00003592,6377,Salary,Active,2019-07-13,0.0,3.02
3593,ACC00003593,2799,Salary,Active,2019-11-07,0.0,3.28
3594,ACC00003594,5706,Current,Active,2022-01-15,1568400.0,3.36
3595,ACC00003595,4074,Salary,Active,2023-03-30,0.0,4.21
3596,ACC00003596,6366,Current,Active,2022-09-30,315300.0,3.74
3597,ACC00003597,1284,Savings,Active,2024-10-16,0.0,4.88
3598,ACC00003598,359,Loan,Active,2025-09-06,1208900.0,10.57
3599,ACC00003599,2274,Current,Active,2019-12-25,626900.0,4.31
3600,ACC00003600,69,Fixed Deposit,Active,2021-07-30,0.0,6.92
3601,ACC00003601,2026,Current,Active,2024-01-23,562200.0,4.37
3602,ACC00003602,8201,Savings,Active,2023-10-09,0.0,2.79
3603,ACC00003603,8473,Savings,Active,2020-12-30,0.0,3.77
3604,ACC00003604,1576,Loan,Active,2019-11-12,501500.0,14.23
3605,ACC00003605,5315,Savings,Active,2019-08-15,0.0,2.63
3606,ACC00003606,8985,Savings,Active,2025-11-20,0.0,4.99
3607,ACC00003607,8499,Salary,Active,2020-07-15,0.0,4.79
3608,ACC00003608,3961,Salary,Active,2024-01-29,0.0,4.06
3609,ACC00003609,146,Salary,Active,2025-01-22,0.0,4.17
3610,ACC00003610,3566,Savings,Active,2025-06-11,0.0,3.22
3611,ACC00003611,443,Savings,Active,2024-12-06,0.0,2.67
3612,ACC00003612,3927,Current,Blocked,2019-04-20,802700.0,4.51
3613,ACC00003613,8501,Fixed Deposit,Dormant,2019-05-18,0.0,7.94
3614,ACC00003614,5528,Savings,Active,2019-09-04,0.0,3.66
3615,ACC00003615,5693,Savings,Active,2022-08-20,0.0,4.18
3616,ACC00003616,7920,Savings,Dormant,2019-02-12,0.0,3.73
3617,ACC00003617,5689,Savings,Active,2019-06-26,0.0,3.5
3618,ACC00003618,7572,Loan,Active,2019-11-27,1419600.0,12.22
3619,ACC00003619,4679,Savings,Active,2021-08-27,0.0,3.83
3620,ACC00003620,4041,Current,Active,2018-12-20,308000.0,2.93
3621,ACC00003621,2419,Current,Active,2025-11-26,949700.0,4.27
3622,ACC00003622,2722,Savings,Active,2021-06-11,0.0,3.45
3623,ACC00003623,577,Savings,Active,2022-02-23,0.0,4.43
3624,ACC00003624,9461,Savings,Active,2021-01-24,0.0,4.94
3625,ACC00003625,200,Savings,Active,2024-10-02,0.0,3.76
3626,ACC00003626,6579,Salary,Active,2022-09-26,0.0,4.36
3627,ACC00003627,9601,Salary,Active,2023-11-21,0.0,3.85
3628,ACC00003628,3825,Savings,Active,2025-05-04,0.0,4.93
3629,ACC00003629,5341,Savings,Active,2024-02-11,0.0,3.91
3630,ACC00003630,4660,Savings,Active,2022-03-14,0.0,3.58
3631,ACC00003631,3921,Savings,Closed,2025-12-15,0.0,3.38
3632,ACC00003632,3320,Savings,Closed,2019-06-12,0.0,3.02
3633,ACC00003633,5191,Fixed Deposit,Active,2020-11-29,0.0,8.01
3634,ACC00003634,4579,Savings,Blocked,2025-07-16,0.0,4.01
3635,ACC00003635,4752,Savings,Blocked,2018-04-11,0.0,2.64
3636,ACC00003636,7957,Loan,Active,2020-11-28,683700.0,7.71
3637,ACC00003637,9946,Fixed Deposit,Active,2025-09-24,0.0,8.3
3638,ACC00003638,8197,Fixed Deposit,Active,2018-05-08,0.0,5.54
3639,ACC00003639,1609,Savings,Active,2019-08-10,0.0,4.19
3640,ACC00003640,3567,Savings,Dormant,2024-05-18,0.0,4.23
3641,ACC00003641,949,Current,Active,2025-12-08,289900.0,4.14
3642,ACC00003642,9211,Savings,Active,2022-10-22,0.0,4.25
3643,ACC00003643,5360,Savings,Active,2022-12-01,0.0,3.21
3644,ACC00003644,5311,Savings,Active,2020-05-15,0.0,4.13
3645,ACC00003645,5126,Loan,Active,2018-07-22,334300.0,7.79
3646,ACC00003646,1343,Savings,Active,2020-08-19,0.0,4.04
3647,ACC00003647,9713,Salary,Active,2023-12-23,0.0,3.64
3648,ACC00003648,1439,Current,Active,2024-12-19,704300.0,4.47
3649,ACC00003649,4032,Fixed Deposit,Active,2018-03-05,0.0,5.93
3650,ACC00003650,6037,Savings,Active,2020-06-20,0.0,4.63
3651,ACC00003651,1038,Savings,Active,2018-12-23,0.0,3.06
3652,ACC00003652,5328,Savings,Active,2019-03-13,0.0,4.67
3653,ACC00003653,2,Savings,Active,2020-11-21,0.0,3.73
3654,ACC00003654,8722,Fixed Deposit,Active,2018-08-25,0.0,8.15
3655,ACC00003655,7203,Current,Active,2024-05-27,255100.0,3.58
3656,ACC00003656,4858,Current,Active,2020-03-05,948500.0,4.25
3657,ACC00003657,2130,Savings,Active,2022-10-18,0.0,3.12
3658,ACC00003658,4889,Savings,Active,2023-06-30,0.0,4.14
3659,ACC00003659,3555,Savings,Active,2021-11-20,0.0,3.91
3660,ACC00003660,899,Salary,Active,2025-03-02,0.0,2.52
3661,ACC00003661,9702,Salary,Active,2018-08-18,0.0,2.77
3662,ACC00003662,1846,Current,Active,2020-08-24,1796100.0,3.2
3663,ACC00003663,3476,Savings,Active,2023-06-04,0.0,4.22
3664,ACC00003664,2181,Savings,Blocked,2022-09-22,0.0,3.16
3665,ACC00003665,7485,Savings,Active,2022-11-05,0.0,4.68
3666,ACC00003666,6047,Fixed Deposit,Active,2020-04-18,0.0,6.19
3667,ACC00003667,2840,Salary,Active,2019-05-06,0.0,2.51
3668,ACC00003668,1259,Loan,Active,2022-12-11,332700.0,14.31
3669,ACC00003669,3757,Savings,Active,2019-02-09,0.0,3.24
3670,ACC00003670,8620,Fixed Deposit,Active,2025-12-25,0.0,7.34
3671,ACC00003671,344,Savings,Active,2019-05-04,0.0,3.89
3672,ACC00003672,9341,Salary,Active,2021-07-20,0.0,3.45
3673,ACC00003673,7248,Salary,Active,2023-10-27,0.0,2.64
3674,ACC00003674,3695,Savings,Active,2020-12-10,0.0,3.89
3675,ACC00003675,3239,Salary,Dormant,2022-11-27,0.0,4.99
3676,ACC00003676,2683,Savings,Active,2020-08-11,0.0,4.27
3677,ACC00003677,5135,Salary,Active,2022-12-05,0.0,3.55
3678,ACC00003678,7940,Salary,Active,2020-02-14,0.0,4.46
3679,ACC00003679,5646,Fixed Deposit,Active,2023-05-24,0.0,8.37
3680,ACC00003680,5514,Salary,Active,2019-04-05,0.0,3.87
3681,ACC00003681,6501,Salary,Active,2020-06-11,0.0,4.28
3682,ACC00003682,8924,Current,Active,2021-08-12,1136600.0,4.43
3683,ACC00003683,2348,Savings,Active,2025-08-29,0.0,3.13
3684,ACC00003684,164,Savings,Dormant,2020-09-19,0.0,3.64
3685,ACC00003685,1467,Current,Closed,2020-10-22,1542200.0,4.77
3686,ACC00003686,4768,Savings,Active,2021-11-25,0.0,4.26
3687,ACC00003687,5485,Savings,Active,2018-12-31,0.0,3.61
3688,ACC00003688,7233,Current,Active,2024-09-26,1123800.0,3.14
3689,ACC00003689,9732,Fixed Deposit,Dormant,2024-05-13,0.0,7.64
3690,ACC00003690,5244,Salary,Blocked,2018-09-13,0.0,4.93
3691,ACC00003691,9426,Salary,Active,2018-05-19,0.0,4.99
3692,ACC00003692,6221,Savings,Closed,2019-08-31,0.0,3.83
3693,ACC00003693,6991,Fixed Deposit,Active,2024-11-18,0.0,6.72
3694,ACC00003694,2729,Savings,Active,2022-08-23,0.0,2.98
3695,ACC00003695,297,Savings,Active,2023-10-04,0.0,3.19
3696,ACC00003696,3082,Fixed Deposit,Active,2023-11-17,0.0,7.93
3697,ACC00003697,2165,Loan,Active,2021-06-21,1893900.0,9.86
3698,ACC00003698,9699,Savings,Active,2020-04-02,0.0,3.25
3699,ACC00003699,1924,Savings,Active,2022-03-01,0.0,3.32
3700,ACC00003700,2245,Savings,Active,2023-04-15,0.0,2.95
3701,ACC00003701,678,Salary,Active,2021-04-02,0.0,3.89
3702,ACC00003702,3188,Savings,Active,2022-03-27,0.0,3.39
3703,ACC00003703,7595,Savings,Active,2022-12-27,0.0,2.8
3704,ACC00003704,7755,Current,Active,2019-06-04,1581600.0,3.66
3705,ACC00003705,6011,Current,Active,2023-08-17,94500.0,4.16
3706,ACC00003706,4695,Savings,Active,2019-04-03,0.0,3.69
3707,ACC00003707,1615,Savings,Closed,2025-08-02,0.0,4.31
3708,ACC00003708,597,Salary,Active,2024-01-23,0.0,3.84
3709,ACC00003709,9316,Savings,Active,2019-06-04,0.0,3.66
3710,ACC00003710,6783,Savings,Active,2022-03-21,0.0,2.94
3711,ACC00003711,3616,Savings,Closed,2021-12-30,0.0,3.5
3712,ACC00003712,4910,Current,Active,2019-02-17,1365700.0,2.88
3713,ACC00003713,1824,Loan,Closed,2023-02-04,577200.0,12.5
3714,ACC00003714,7601,Current,Active,2019-04-11,384500.0,2.59
3715,ACC00003715,5299,Savings,Active,2018-02-13,0.0,2.85
3716,ACC00003716,4391,Savings,Active,2018-04-11,0.0,2.54
3717,ACC00003717,4945,Salary,Closed,2025-02-27,0.0,4.6
3718,ACC00003718,9904,Salary,Active,2025-06-28,0.0,3.59
3719,ACC00003719,9754,Savings,Active,2020-01-03,0.0,2.94
3720,ACC00003720,6195,Savings,Blocked,2020-05-11,0.0,2.78
3721,ACC00003721,622,Current,Active,2018-06-02,1939900.0,4.67
3722,ACC00003722,3604,Salary,Closed,2023-10-11,0.0,2.64
3723,ACC00003723,6215,Savings,Active,2024-04-13,0.0,4.23
3724,ACC00003724,152,Fixed Deposit,Active,2024-06-07,0.0,6.56
3725,ACC00003725,9795,Savings,Active,2025-12-14,0.0,4.92
3726,ACC00003726,2934,Savings,Active,2019-05-09,0.0,3.07
3727,ACC00003727,2064,Fixed Deposit,Active,2023-07-08,0.0,6.01
3728,ACC00003728,4319,Savings,Active,2019-03-28,0.0,3.12
3729,ACC00003729,2721,Savings,Active,2021-12-12,0.0,3.92
3730,ACC00003730,6350,Fixed Deposit,Active,2021-04-23,0.0,7.96
3731,ACC00003731,6649,Current,Dormant,2024-05-05,1149100.0,4.6
3732,ACC00003732,6834,Savings,Active,2025-01-19,0.0,4.51
3733,ACC00003733,2420,Current,Active,2020-08-04,538600.0,4.29
3734,ACC00003734,4080,Current,Active,2023-01-30,1544800.0,3.91
3735,ACC00003735,7543,Current,Active,2020-04-09,1168600.0,4.4
3736,ACC00003736,5235,Savings,Closed,2025-09-27,0.0,4.76
3737,ACC00003737,6530,Savings,Active,2020-08-23,0.0,2.68
3738,ACC00003738,571,Salary,Active,2021-02-16,0.0,2.66
3739,ACC00003739,4050,Loan,Active,2024-11-14,307700.0,8.12
3740,ACC00003740,3390,Current,Active,2018-11-01,1861900.0,3.96
3741,ACC00003741,8276,Loan,Active,2019-11-03,1938100.0,11.59
3742,ACC00003742,6274,Savings,Blocked,2019-12-01,0.0,4.54
3743,ACC00003743,374,Savings,Active,2025-01-23,0.0,2.84
3744,ACC00003744,6349,Fixed Deposit,Closed,2024-12-11,0.0,7.3
3745,ACC00003745,8840,Loan,Closed,2018-04-28,1772500.0,12.06
3746,ACC00003746,9475,Fixed Deposit,Active,2020-01-24,0.0,7.78
3747,ACC00003747,9102,Current,Active,2024-09-09,1858900.0,4.29
3748,ACC00003748,7496,Fixed Deposit,Active,2022-08-19,0.0,7.8
3749,ACC00003749,1057,Savings,Active,2022-08-14,0.0,2.72
3750,ACC00003750,8440,Savings,Active,2023-03-01,0.0,2.5
3751,ACC00003751,1691,Loan,Active,2020-05-08,1012200.0,13.6
3752,ACC00003752,1803,Savings,Active,2022-10-18,0.0,4.81
3753,ACC00003753,5985,Savings,Closed,2021-08-01,0.0,3.31
3754,ACC00003754,604,Salary,Active,2022-06-04,0.0,2.88
3755,ACC00003755,4954,Salary,Dormant,2022-09-28,0.0,4.53
3756,ACC00003756,5470,Salary,Active,2021-10-11,0.0,4.29
3757,ACC00003757,5194,Loan,Active,2019-03-25,1029400.0,10.98
3758,ACC00003758,9475,Savings,Active,2021-05-23,0.0,2.61
3759,ACC00003759,3285,Current,Active,2020-02-03,1337600.0,2.85
3760,ACC00003760,3955,Savings,Active,2023-04-28,0.0,4.29
3761,ACC00003761,7735,Savings,Closed,2025-09-25,0.0,3.32
3762,ACC00003762,2546,Savings,Active,2021-08-05,0.0,3.97
3763,ACC00003763,7623,Loan,Active,2025-09-19,131200.0,8.34
3764,ACC00003764,25,Loan,Active,2021-09-07,167700.0,13.19
3765,ACC00003765,1470,Current,Active,2022-06-20,1459800.0,3.5
3766,ACC00003766,9369,Salary,Dormant,2019-11-18,0.0,2.64
3767,ACC00003767,7688,Savings,Active,2019-05-30,0.0,3.3
3768,ACC00003768,236,Savings,Active,2025-03-31,0.0,4.7
3769,ACC00003769,9806,Salary,Active,2024-02-01,0.0,2.87
3770,ACC00003770,7866,Salary,Active,2019-03-17,0.0,3.45
3771,ACC00003771,7158,Loan,Active,2023-12-25,433700.0,12.72
3772,ACC00003772,8980,Salary,Active,2023-10-03,0.0,4.3
3773,ACC00003773,2534,Fixed Deposit,Active,2024-03-10,0.0,5.76
3774,ACC00003774,1840,Fixed Deposit,Active,2024-03-03,0.0,8.27
3775,ACC00003775,3556,Savings,Active,2019-06-17,0.0,4.72
3776,ACC00003776,4329,Fixed Deposit,Active,2025-10-21,0.0,5.92
3777,ACC00003777,2814,Savings,Active,2024-01-24,0.0,3.26
3778,ACC00003778,3366,Savings,Active,2024-01-25,0.0,3.31
3779,ACC00003779,7,Current,Active,2024-02-01,1003400.0,4.17
3780,ACC00003780,6085,Savings,Active,2019-03-26,0.0,3.31
3781,ACC00003781,9236,Salary,Active,2024-05-15,0.0,3.39
3782,ACC00003782,8692,Savings,Active,2025-06-16,0.0,3.2
3783,ACC00003783,9272,Savings,Dormant,2024-07-06,0.0,2.69
3784,ACC00003784,3839,Fixed Deposit,Active,2025-09-17,0.0,6.85
3785,ACC00003785,3300,Salary,Active,2024-05-05,0.0,4.0
3786,ACC00003786,9278,Savings,Active,2023-11-18,0.0,4.68
3787,ACC00003787,1408,Savings,Active,2025-03-20,0.0,4.57
3788,ACC00003788,3518,Salary,Dormant,2021-06-20,0.0,3.47
3789,ACC00003789,4900,Salary,Closed,2019-10-16,0.0,4.95
3790,ACC00003790,2542,Current,Active,2020-12-19,1513700.0,2.53
3791,ACC00003791,7570,Savings,Dormant,2019-07-20,0.0,4.35
3792,ACC00003792,456,Salary,Active,2025-02-09,0.0,4.09
3793,ACC00003793,9755,Savings,Active,2023-04-28,0.0,3.73
3794,ACC00003794,1375,Fixed Deposit,Closed,2023-10-19,0.0,6.92
3795,ACC00003795,7598,Salary,Active,2022-09-12,0.0,3.39
3796,ACC00003796,6441,Savings,Active,2022-08-31,0.0,2.59
3797,ACC00003797,9780,Savings,Closed,2023-01-05,0.0,4.6
3798,ACC00003798,7555,Savings,Active,2019-06-30,0.0,4.61
3799,ACC00003799,1370,Savings,Active,2018-03-26,0.0,3.08
3800,ACC00003800,4859,Savings,Dormant,2021-05-26,0.0,4.72
3801,ACC00003801,6622,Savings,Active,2018-02-10,0.0,4.99
3802,ACC00003802,1144,Savings,Active,2023-06-13,0.0,4.01
3803,ACC00003803,4521,Savings,Dormant,2021-05-13,0.0,4.15
3804,ACC00003804,958,Loan,Active,2020-12-20,642300.0,9.41
3805,ACC00003805,809,Salary,Active,2025-04-01,0.0,4.16
3806,ACC00003806,6374,Savings,Active,2023-10-25,0.0,2.9
3807,ACC00003807,9505,Savings,Active,2020-12-24,0.0,4.12
3808,ACC00003808,8230,Current,Active,2025-04-15,1481800.0,4.11
3809,ACC00003809,2486,Savings,Active,2022-03-10,0.0,2.99
3810,ACC00003810,9265,Savings,Dormant,2022-09-14,0.0,3.13
3811,ACC00003811,3389,Salary,Active,2018-08-23,0.0,2.98
3812,ACC00003812,528,Savings,Dormant,2020-04-06,0.0,2.51
3813,ACC00003813,9759,Savings,Active,2018-06-15,0.0,4.49
3814,ACC00003814,9716,Fixed Deposit,Active,2020-04-23,0.0,8.27
3815,ACC00003815,4777,Salary,Active,2021-03-03,0.0,3.84
3816,ACC00003816,7775,Salary,Dormant,2023-12-27,0.0,2.7
3817,ACC00003817,3746,Savings,Dormant,2019-08-20,0.0,3.88
3818,ACC00003818,9690,Current,Active,2020-11-08,89800.0,3.69
3819,ACC00003819,4234,Fixed Deposit,Active,2019-11-06,0.0,6.2
3820,ACC00003820,9117,Fixed Deposit,Active,2018-01-06,0.0,7.41
3821,ACC00003821,6349,Savings,Active,2022-06-10,0.0,4.59
3822,ACC00003822,7781,Salary,Active,2025-11-19,0.0,3.48
3823,ACC00003823,3047,Fixed Deposit,Dormant,2023-11-06,0.0,7.32
3824,ACC00003824,8051,Savings,Dormant,2018-05-02,0.0,3.0
3825,ACC00003825,3825,Current,Active,2023-05-03,919000.0,2.77
3826,ACC00003826,8068,Fixed Deposit,Active,2019-12-28,0.0,7.11
3827,ACC00003827,6061,Fixed Deposit,Closed,2020-03-23,0.0,7.73
3828,ACC00003828,6108,Savings,Dormant,2023-04-10,0.0,4.94
3829,ACC00003829,7975,Current,Active,2022-04-25,1259100.0,4.09
3830,ACC00003830,2102,Savings,Active,2021-04-28,0.0,2.52
3831,ACC00003831,2202,Current,Active,2018-06-28,1347700.0,4.34
3832,ACC00003832,2274,Fixed Deposit,Dormant,2020-05-04,0.0,7.03
3833,ACC00003833,6429,Savings,Active,2022-11-30,0.0,3.59
3834,ACC00003834,5040,Current,Active,2019-05-02,1502000.0,3.0
3835,ACC00003835,9965,Salary,Active,2021-02-01,0.0,3.51
3836,ACC00003836,249,Savings,Active,2019-12-17,0.0,3.16
3837,ACC00003837,8218,Savings,Active,2018-06-13,0.0,4.03
3838,ACC00003838,5380,Fixed Deposit,Blocked,2023-08-29,0.0,7.97
3839,ACC00003839,2548,Loan,Dormant,2020-06-16,912000.0,12.81
3840,ACC00003840,9541,Salary,Active,2019-08-13,0.0,2.77
3841,ACC00003841,7720,Loan,Active,2022-01-18,1503800.0,11.1
3842,ACC00003842,8723,Savings,Active,2023-02-24,0.0,3.43
3843,ACC00003843,5157,Fixed Deposit,Active,2022-03-02,0.0,6.56
3844,ACC00003844,6961,Loan,Active,2025-12-26,322400.0,9.96
3845,ACC00003845,4486,Savings,Active,2025-07-19,0.0,4.97
3846,ACC00003846,1344,Salary,Active,2021-03-18,0.0,4.23
3847,ACC00003847,919,Savings,Active,2025-08-07,0.0,3.22
3848,ACC00003848,6094,Savings,Active,2025-02-20,0.0,4.95
3849,ACC00003849,6687,Fixed Deposit,Dormant,2023-01-24,0.0,8.09
3850,ACC00003850,7733,Loan,Active,2021-03-01,137400.0,8.66
3851,ACC00003851,6673,Savings,Dormant,2022-11-10,0.0,3.16
3852,ACC00003852,577,Salary,Active,2023-02-10,0.0,4.37
3853,ACC00003853,6911,Loan,Active,2024-07-19,1606100.0,13.92
3854,ACC00003854,6723,Savings,Dormant,2021-04-05,0.0,4.08
3855,ACC00003855,173,Salary,Active,2019-11-14,0.0,4.1
3856,ACC00003856,4184,Savings,Closed,2023-04-05,0.0,3.02
3857,ACC00003857,233,Savings,Active,2019-04-21,0.0,4.79
3858,ACC00003858,6896,Salary,Active,2025-01-05,0.0,4.56
3859,ACC00003859,5838,Savings,Active,2023-09-01,0.0,2.8
3860,ACC00003860,5468,Current,Active,2021-12-27,841000.0,4.61
3861,ACC00003861,7082,Savings,Active,2024-01-26,0.0,3.77
3862,ACC00003862,9113,Savings,Closed,2019-03-05,0.0,4.35
3863,ACC00003863,3180,Savings,Active,2022-03-05,0.0,3.03
3864,ACC00003864,5190,Savings,Active,2024-10-06,0.0,4.99
3865,ACC00003865,1715,Savings,Active,2025-03-05,0.0,3.63
3866,ACC00003866,9326,Savings,Blocked,2020-01-03,0.0,4.39
3867,ACC00003867,377,Savings,Active,2022-08-15,0.0,4.63
3868,ACC00003868,3102,Savings,Active,2018-05-31,0.0,3.05
3869,ACC00003869,6703,Savings,Active,2018-06-13,0.0,4.1
3870,ACC00003870,4783,Savings,Blocked,2023-01-15,0.0,3.83
3871,ACC00003871,9468,Savings,Closed,2020-06-10,0.0,2.54
3872,ACC00003872,2864,Savings,Dormant,2019-01-27,0.0,3.25
3873,ACC00003873,6069,Savings,Active,2024-10-18,0.0,2.79
3874,ACC00003874,2095,Savings,Active,2023-03-30,0.0,3.52
3875,ACC00003875,173,Salary,Active,2024-06-06,0.0,3.2
3876,ACC00003876,7664,Savings,Active,2022-03-17,0.0,4.98
3877,ACC00003877,9692,Current,Active,2018-11-02,1039000.0,4.93
3878,ACC00003878,916,Savings,Closed,2022-09-09,0.0,4.0
3879,ACC00003879,5350,Savings,Active,2021-03-16,0.0,3.55
3880,ACC00003880,495,Savings,Active,2020-08-04,0.0,4.71
3881,ACC00003881,4519,Fixed Deposit,Active,2023-02-03,0.0,7.03
3882,ACC00003882,4231,Savings,Active,2018-07-03,0.0,3.2
3883,ACC00003883,2732,Current,Dormant,2021-10-05,1781900.0,4.52
3884,ACC00003884,9954,Current,Active,2021-07-17,905400.0,3.32
3885,ACC00003885,104,Current,Active,2023-07-21,738300.0,3.21
3886,ACC00003886,3588,Savings,Active,2022-06-09,0.0,4.66
3887,ACC00003887,3469,Savings,Active,2022-03-17,0.0,3.03
3888,ACC00003888,3499,Current,Closed,2020-04-30,872100.0,3.04
3889,ACC00003889,6028,Loan,Dormant,2020-08-19,307800.0,13.87
3890,ACC00003890,1912,Savings,Active,2018-08-10,0.0,4.36
3891,ACC00003891,6094,Savings,Active,2023-12-23,0.0,2.81
3892,ACC00003892,9301,Loan,Active,2023-04-29,776200.0,11.22
3893,ACC00003893,1313,Savings,Active,2021-05-03,0.0,2.96
3894,ACC00003894,8515,Fixed Deposit,Active,2019-08-07,0.0,5.86
3895,ACC00003895,2823,Current,Active,2018-03-01,1538200.0,4.79
3896,ACC00003896,6863,Savings,Active,2022-01-05,0.0,3.08
3897,ACC00003897,7979,Savings,Active,2023-08-22,0.0,3.92
3898,ACC00003898,7856,Current,Active,2018-08-16,602800.0,3.93
3899,ACC00003899,6874,Fixed Deposit,Active,2018-07-27,0.0,8.23
3900,ACC00003900,4762,Fixed Deposit,Active,2025-09-20,0.0,7.22
3901,ACC00003901,8268,Savings,Active,2021-12-04,0.0,2.67
3902,ACC00003902,9659,Salary,Active,2019-10-07,0.0,3.76
3903,ACC00003903,4724,Current,Active,2024-04-12,777500.0,3.29
3904,ACC00003904,4792,Current,Active,2019-09-07,1736500.0,4.5
3905,ACC00003905,5485,Savings,Dormant,2019-09-06,0.0,3.17
3906,ACC00003906,3176,Savings,Active,2019-06-07,0.0,3.51
3907,ACC00003907,44,Savings,Active,2023-11-25,0.0,2.94
3908,ACC00003908,9951,Current,Active,2019-06-10,150200.0,2.58
3909,ACC00003909,1442,Savings,Active,2023-11-05,0.0,2.65
3910,ACC00003910,9356,Savings,Active,2022-08-20,0.0,4.79
3911,ACC00003911,3206,Savings,Active,2018-03-10,0.0,2.69
3912,ACC00003912,9851,Current,Active,2022-11-26,854500.0,3.62
3913,ACC00003913,3560,Savings,Active,2020-05-12,0.0,3.7
3914,ACC00003914,8416,Fixed Deposit,Active,2025-01-26,0.0,7.52
3915,ACC00003915,8804,Savings,Dormant,2023-12-16,0.0,2.58
3916,ACC00003916,4176,Current,Active,2018-03-06,1989700.0,3.83
3917,ACC00003917,4989,Savings,Active,2023-11-29,0.0,4.39
3918,ACC00003918,9625,Salary,Active,2025-09-12,0.0,2.5
3919,ACC00003919,5598,Current,Dormant,2020-04-25,497200.0,3.09
3920,ACC00003920,5672,Loan,Active,2025-01-02,741200.0,10.8
3921,ACC00003921,1968,Salary,Active,2025-11-20,0.0,3.74
3922,ACC00003922,5463,Loan,Active,2024-08-17,746600.0,12.02
3923,ACC00003923,3047,Fixed Deposit,Dormant,2022-04-09,0.0,6.39
3924,ACC00003924,1464,Current,Active,2025-03-04,765400.0,4.59
3925,ACC00003925,828,Savings,Active,2019-03-20,0.0,4.55
3926,ACC00003926,4204,Savings,Active,2025-05-25,0.0,4.8
3927,ACC00003927,5295,Savings,Active,2021-01-01,0.0,4.62
3928,ACC00003928,1916,Loan,Dormant,2021-07-01,1407800.0,11.35
3929,ACC00003929,3598,Savings,Active,2020-09-27,0.0,3.94
3930,ACC00003930,1893,Salary,Active,2025-01-11,0.0,2.64
3931,ACC00003931,2178,Current,Dormant,2024-02-14,107700.0,4.51
3932,ACC00003932,7871,Savings,Active,2023-09-05,0.0,4.94
3933,ACC00003933,2853,Savings,Blocked,2023-01-18,0.0,2.91
3934,ACC00003934,2150,Savings,Active,2020-05-24,0.0,4.06
3935,ACC00003935,1262,Savings,Active,2021-04-30,0.0,4.33
3936,ACC00003936,2326,Fixed Deposit,Active,2018-11-06,0.0,8.25
3937,ACC00003937,1797,Savings,Dormant,2024-05-29,0.0,3.04
3938,ACC00003938,9820,Current,Dormant,2018-03-09,1479300.0,3.43
3939,ACC00003939,9775,Salary,Active,2024-05-24,0.0,2.96
3940,ACC00003940,7144,Loan,Active,2025-09-06,180900.0,11.58
3941,ACC00003941,8445,Loan,Active,2024-12-29,1994700.0,8.44
3942,ACC00003942,1858,Savings,Active,2020-02-02,0.0,4.85
3943,ACC00003943,9986,Fixed Deposit,Closed,2025-07-19,0.0,8.17
3944,ACC00003944,3303,Fixed Deposit,Active,2018-07-22,0.0,8.36
3945,ACC00003945,814,Savings,Active,2021-05-13,0.0,3.99
3946,ACC00003946,7748,Fixed Deposit,Active,2020-08-10,0.0,6.94
3947,ACC00003947,2753,Current,Active,2024-03-11,539100.0,3.71
3948,ACC00003948,9512,Savings,Dormant,2025-01-31,0.0,3.52
3949,ACC00003949,6323,Loan,Active,2023-11-12,955300.0,7.74
3950,ACC00003950,1696,Savings,Closed,2022-05-27,0.0,3.42
3951,ACC00003951,5343,Savings,Dormant,2025-03-21,0.0,4.27
3952,ACC00003952,5335,Savings,Active,2021-09-06,0.0,4.52
3953,ACC00003953,8849,Current,Active,2018-03-24,924300.0,2.8
3954,ACC00003954,6526,Savings,Active,2019-07-06,0.0,2.68
3955,ACC00003955,4770,Current,Active,2021-03-23,1443900.0,4.55
3956,ACC00003956,5061,Salary,Active,2020-07-03,0.0,3.29
3957,ACC00003957,4778,Loan,Active,2022-11-20,1065200.0,12.21
3958,ACC00003958,3422,Savings,Dormant,2020-02-28,0.0,4.97
3959,ACC00003959,7730,Loan,Active,2023-03-19,1764100.0,10.65
3960,ACC00003960,109,Loan,Dormant,2022-05-18,863900.0,11.77
3961,ACC00003961,1205,Current,Active,2018-10-24,947900.0,4.41
3962,ACC00003962,3038,Savings,Active,2024-01-05,0.0,3.41
3963,ACC00003963,6105,Fixed Deposit,Active,2024-05-11,0.0,8.44
3964,ACC00003964,579,Savings,Active,2020-01-31,0.0,3.75
3965,ACC00003965,6374,Savings,Closed,2021-03-18,0.0,3.42
3966,ACC00003966,2580,Salary,Active,2019-09-10,0.0,2.82
3967,ACC00003967,5565,Loan,Active,2025-12-24,1953100.0,11.45
3968,ACC00003968,6679,Salary,Blocked,2021-06-24,0.0,3.3
3969,ACC00003969,3989,Savings,Closed,2019-12-27,0.0,4.55
3970,ACC00003970,9605,Fixed Deposit,Closed,2024-01-19,0.0,7.22
3971,ACC00003971,3636,Salary,Active,2022-02-18,0.0,3.74
3972,ACC00003972,9417,Fixed Deposit,Active,2023-01-12,0.0,6.03
3973,ACC00003973,8103,Salary,Active,2020-10-15,0.0,2.74
3974,ACC00003974,7702,Savings,Active,2018-08-26,0.0,3.88
3975,ACC00003975,211,Savings,Active,2024-09-26,0.0,3.78
3976,ACC00003976,8773,Salary,Active,2018-12-06,0.0,4.23
3977,ACC00003977,9924,Savings,Active,2018-10-09,0.0,4.5
3978,ACC00003978,4562,Savings,Active,2024-11-05,0.0,4.59
3979,ACC00003979,7613,Savings,Active,2024-03-27,0.0,3.8
3980,ACC00003980,5626,Savings,Active,2025-06-21,0.0,3.9
3981,ACC00003981,8446,Loan,Active,2020-12-27,885000.0,8.24
3982,ACC00003982,9424,Current,Active,2025-08-14,1785000.0,4.93
3983,ACC00003983,5756,Loan,Closed,2023-05-12,1400400.0,11.37
3984,ACC00003984,6667,Salary,Active,2021-11-03,0.0,3.89
3985,ACC00003985,67,Current,Active,2018-11-11,1125400.0,2.57
3986,ACC00003986,1860,Savings,Active,2025-10-24,0.0,4.33
3987,ACC00003987,8073,Savings,Active,2025-04-07,0.0,4.48
3988,ACC00003988,5690,Savings,Active,2018-03-14,0.0,2.55
3989,ACC00003989,6220,Fixed Deposit,Dormant,2019-04-29,0.0,7.42
3990,ACC00003990,6838,Savings,Blocked,2021-07-28,0.0,3.5
3991,ACC00003991,5887,Current,Closed,2021-04-22,1354500.0,3.24
3992,ACC00003992,7402,Current,Active,2024-11-20,1579000.0,2.82
3993,ACC00003993,8005,Savings,Active,2021-04-13,0.0,2.77
3994,ACC00003994,8273,Current,Active,2018-10-10,480300.0,3.37
3995,ACC00003995,6455,Savings,Active,2025-08-17,0.0,3.49
3996,ACC00003996,7765,Salary,Closed,2025-03-27,0.0,4.96
3997,ACC00003997,6120,Savings,Dormant,2022-03-10,0.0,4.81
3998,ACC00003998,8576,Salary,Active,2025-04-21,0.0,4.86
3999,ACC00003999,3505,Savings,Active,2020-06-07,0.0,3.31
4000,ACC00004000,3400,Fixed Deposit,Active,2023-01-24,0.0,7.84
4001,ACC00004001,5481,Savings,Active,2018-12-14,0.0,2.77
4002,ACC00004002,2662,Loan,Active,2024-01-07,1370400.0,10.49
4003,ACC00004003,3573,Salary,Active,2019-05-02,0.0,3.38
4004,ACC00004004,2424,Savings,Active,2018-11-21,0.0,3.28
4005,ACC00004005,6265,Fixed Deposit,Dormant,2024-05-28,0.0,8.47
4006,ACC00004006,5823,Savings,Active,2024-01-13,0.0,3.43
4007,ACC00004007,7635,Current,Active,2018-10-27,1364000.0,4.6
4008,ACC00004008,6314,Fixed Deposit,Active,2025-10-15,0.0,8.26
4009,ACC00004009,7167,Savings,Active,2024-03-02,0.0,4.66
4010,ACC00004010,6319,Savings,Active,2025-12-26,0.0,2.64
4011,ACC00004011,6363,Fixed Deposit,Blocked,2021-10-13,0.0,5.76
4012,ACC00004012,1468,Savings,Active,2020-05-27,0.0,3.16
4013,ACC00004013,1469,Salary,Active,2021-02-28,0.0,3.87
4014,ACC00004014,2618,Fixed Deposit,Active,2023-11-29,0.0,7.57
4015,ACC00004015,8948,Savings,Active,2020-01-11,0.0,4.94
4016,ACC00004016,7705,Savings,Active,2021-10-12,0.0,4.72
4017,ACC00004017,7751,Salary,Active,2018-12-02,0.0,3.57
4018,ACC00004018,2878,Savings,Closed,2018-12-11,0.0,4.63
4019,ACC00004019,9901,Salary,Active,2022-06-05,0.0,4.72
4020,ACC00004020,3099,Fixed Deposit,Active,2020-10-31,0.0,6.72
4021,ACC00004021,5940,Fixed Deposit,Dormant,2019-10-05,0.0,7.09
4022,ACC00004022,5307,Savings,Dormant,2021-04-22,0.0,3.66
4023,ACC00004023,2588,Fixed Deposit,Active,2022-04-16,0.0,6.35
4024,ACC00004024,162,Salary,Active,2020-05-13,0.0,4.01
4025,ACC00004025,4891,Salary,Active,2018-12-10,0.0,3.11
4026,ACC00004026,3855,Salary,Active,2024-12-31,0.0,2.94
4027,ACC00004027,517,Savings,Active,2020-10-16,0.0,3.87
4028,ACC00004028,6417,Loan,Active,2019-03-20,97300.0,10.13
4029,ACC00004029,8072,Savings,Active,2023-02-24,0.0,4.39
4030,ACC00004030,6201,Loan,Active,2019-12-16,891200.0,10.28
4031,ACC00004031,2361,Savings,Active,2018-06-01,0.0,3.09
4032,ACC00004032,9714,Salary,Active,2024-05-20,0.0,3.45
4033,ACC00004033,6127,Savings,Active,2025-04-23,0.0,4.38
4034,ACC00004034,7109,Savings,Active,2023-01-22,0.0,2.56
4035,ACC00004035,7990,Current,Active,2019-05-07,1935800.0,4.34
4036,ACC00004036,1109,Current,Active,2024-02-26,813900.0,3.04
4037,ACC00004037,2988,Salary,Active,2023-02-10,0.0,3.93
4038,ACC00004038,5003,Current,Active,2023-11-10,996500.0,3.42
4039,ACC00004039,2044,Savings,Active,2019-05-07,0.0,4.11
4040,ACC00004040,5707,Savings,Active,2023-10-15,0.0,2.73
4041,ACC00004041,540,Salary,Blocked,2025-05-16,0.0,2.55
4042,ACC00004042,1694,Loan,Active,2023-05-23,1162900.0,9.93
4043,ACC00004043,8622,Salary,Active,2018-10-20,0.0,3.63
4044,ACC00004044,9038,Loan,Active,2020-05-03,1076900.0,13.4
4045,ACC00004045,7795,Savings,Active,2024-02-18,0.0,3.04
4046,ACC00004046,7083,Loan,Active,2020-11-10,1272600.0,9.86
4047,ACC00004047,7421,Savings,Active,2025-02-11,0.0,3.16
4048,ACC00004048,8747,Current,Closed,2018-10-17,806300.0,4.49
4049,ACC00004049,2849,Loan,Active,2023-07-27,124100.0,14.03
4050,ACC00004050,7141,Savings,Active,2025-12-12,0.0,3.48
4051,ACC00004051,7735,Savings,Active,2018-12-23,0.0,2.67
4052,ACC00004052,9018,Fixed Deposit,Active,2019-01-22,0.0,8.43
4053,ACC00004053,5653,Salary,Active,2021-06-12,0.0,4.31
4054,ACC00004054,2355,Savings,Active,2018-08-19,0.0,3.95
4055,ACC00004055,2064,Current,Active,2025-10-09,123300.0,4.36
4056,ACC00004056,9540,Loan,Dormant,2025-11-25,695100.0,12.41
4057,ACC00004057,9196,Current,Active,2018-10-30,855000.0,4.74
4058,ACC00004058,3691,Current,Active,2025-04-26,501800.0,4.96
4059,ACC00004059,8871,Current,Active,2025-03-01,1940300.0,4.37
4060,ACC00004060,8006,Current,Active,2018-10-18,1982100.0,3.62
4061,ACC00004061,542,Savings,Active,2019-10-09,0.0,3.69
4062,ACC00004062,1052,Savings,Active,2024-10-13,0.0,4.12
4063,ACC00004063,6925,Savings,Active,2022-01-06,0.0,3.02
4064,ACC00004064,9967,Savings,Active,2020-06-16,0.0,3.29
4065,ACC00004065,67,Loan,Active,2021-07-31,1486200.0,10.51
4066,ACC00004066,9187,Savings,Active,2020-04-20,0.0,2.94
4067,ACC00004067,4605,Savings,Active,2022-07-29,0.0,2.6
4068,ACC00004068,2884,Fixed Deposit,Blocked,2024-05-30,0.0,6.93
4069,ACC00004069,7946,Savings,Dormant,2020-04-29,0.0,3.65
4070,ACC00004070,5555,Fixed Deposit,Active,2018-10-15,0.0,5.83
4071,ACC00004071,3398,Current,Active,2025-02-07,271100.0,3.99
4072,ACC00004072,7937,Current,Active,2021-11-20,75600.0,4.52
4073,ACC00004073,8193,Fixed Deposit,Active,2024-12-21,0.0,6.85
4074,ACC00004074,8071,Savings,Active,2025-03-20,0.0,4.11
4075,ACC00004075,5712,Savings,Active,2019-03-02,0.0,3.94
4076,ACC00004076,9432,Current,Closed,2019-08-12,579900.0,4.62
4077,ACC00004077,8064,Current,Active,2023-10-30,1688000.0,4.12
4078,ACC00004078,6660,Savings,Active,2019-04-13,0.0,2.58
4079,ACC00004079,7879,Fixed Deposit,Active,2023-07-20,0.0,5.65
4080,ACC00004080,4466,Savings,Active,2021-03-06,0.0,4.11
4081,ACC00004081,9753,Savings,Active,2018-07-19,0.0,4.29
4082,ACC00004082,8585,Savings,Active,2018-11-17,0.0,4.2
4083,ACC00004083,5899,Current,Active,2022-11-19,697900.0,4.84
4084,ACC00004084,199,Savings,Active,2024-02-18,0.0,3.62
4085,ACC00004085,5173,Savings,Active,2019-07-26,0.0,2.57
4086,ACC00004086,4647,Current,Active,2024-03-07,863100.0,2.65
4087,ACC00004087,4055,Fixed Deposit,Active,2024-03-22,0.0,6.64
4088,ACC00004088,643,Savings,Active,2024-10-27,0.0,2.58
4089,ACC00004089,6855,Savings,Active,2023-08-06,0.0,3.11
4090,ACC00004090,8707,Fixed Deposit,Active,2023-09-26,0.0,7.17
4091,ACC00004091,9679,Fixed Deposit,Active,2025-02-25,0.0,7.89
4092,ACC00004092,3287,Savings,Active,2018-03-06,0.0,2.76
4093,ACC00004093,3962,Current,Active,2025-09-08,707900.0,2.66
4094,ACC00004094,7210,Current,Active,2019-03-05,470100.0,2.65
4095,ACC00004095,5161,Salary,Active,2021-02-06,0.0,3.66
4096,ACC00004096,7605,Savings,Active,2021-01-08,0.0,3.15
4097,ACC00004097,5597,Savings,Active,2025-06-11,0.0,4.95
4098,ACC00004098,9555,Savings,Active,2020-04-08,0.0,2.72
4099,ACC00004099,6526,Savings,Active,2025-01-30,0.0,2.71
4100,ACC00004100,2007,Current,Active,2021-06-17,759000.0,4.26
4101,ACC00004101,4636,Current,Active,2025-07-19,562500.0,3.41
4102,ACC00004102,2047,Savings,Active,2022-06-08,0.0,2.67
4103,ACC00004103,2485,Savings,Active,2023-04-17,0.0,4.12
4104,ACC00004104,8040,Fixed Deposit,Blocked,2022-07-12,0.0,8.36
4105,ACC00004105,7155,Savings,Blocked,2024-03-02,0.0,3.9
4106,ACC00004106,6025,Salary,Active,2019-07-05,0.0,3.81
4107,ACC00004107,1768,Loan,Active,2018-10-21,1492600.0,13.3
4108,ACC00004108,5574,Salary,Active,2021-01-25,0.0,4.16
4109,ACC00004109,2319,Loan,Active,2019-10-22,1749300.0,8.12
4110,ACC00004110,6406,Savings,Active,2019-10-27,0.0,3.68
4111,ACC00004111,8687,Current,Dormant,2024-08-05,1590800.0,3.44
4112,ACC00004112,8152,Savings,Active,2025-06-25,0.0,3.42
4113,ACC00004113,9702,Savings,Dormant,2023-08-29,0.0,3.45
4114,ACC00004114,2674,Savings,Dormant,2024-07-17,0.0,2.53
4115,ACC00004115,4210,Salary,Active,2019-05-25,0.0,2.64
4116,ACC00004116,1246,Salary,Active,2022-12-20,0.0,3.6
4117,ACC00004117,8915,Current,Active,2021-06-16,1860300.0,2.59
4118,ACC00004118,472,Loan,Active,2018-04-26,916000.0,8.66
4119,ACC00004119,6171,Fixed Deposit,Active,2018-10-05,0.0,5.75
4120,ACC00004120,9722,Current,Active,2025-09-15,356700.0,3.67
4121,ACC00004121,5965,Loan,Active,2025-01-30,1608800.0,13.82
4122,ACC00004122,587,Current,Active,2022-03-27,563700.0,4.52
4123,ACC00004123,8062,Fixed Deposit,Active,2019-05-03,0.0,7.6
4124,ACC00004124,3087,Current,Active,2020-05-04,967500.0,4.65
4125,ACC00004125,390,Fixed Deposit,Active,2023-02-09,0.0,7.87
4126,ACC00004126,6937,Savings,Dormant,2018-01-11,0.0,3.93
4127,ACC00004127,4127,Current,Active,2020-12-27,969000.0,4.79
4128,ACC00004128,8971,Savings,Active,2018-03-24,0.0,4.09
4129,ACC00004129,975,Current,Active,2022-04-29,1293400.0,3.06
4130,ACC00004130,9072,Fixed Deposit,Active,2018-08-05,0.0,8.31
4131,ACC00004131,3927,Fixed Deposit,Active,2020-03-08,0.0,6.81
4132,ACC00004132,9285,Salary,Dormant,2022-09-15,0.0,4.73
4133,ACC00004133,2671,Savings,Active,2019-06-21,0.0,4.97
4134,ACC00004134,2142,Loan,Active,2022-06-12,1797800.0,8.7
4135,ACC00004135,5116,Savings,Active,2019-10-12,0.0,2.65
4136,ACC00004136,5930,Salary,Closed,2022-10-14,0.0,2.54
4137,ACC00004137,3686,Fixed Deposit,Active,2020-02-29,0.0,7.81
4138,ACC00004138,8442,Salary,Active,2024-06-14,0.0,3.11
4139,ACC00004139,3891,Salary,Active,2019-06-21,0.0,4.81
4140,ACC00004140,3523,Savings,Active,2021-12-02,0.0,2.61
4141,ACC00004141,5748,Savings,Active,2023-11-15,0.0,2.64
4142,ACC00004142,3474,Current,Active,2025-08-15,1005600.0,4.12
4143,ACC00004143,7254,Salary,Active,2019-11-16,0.0,4.3
4144,ACC00004144,3571,Fixed Deposit,Active,2025-09-30,0.0,5.6
4145,ACC00004145,8220,Savings,Active,2022-08-30,0.0,4.34
4146,ACC00004146,7170,Fixed Deposit,Active,2024-11-04,0.0,6.91
4147,ACC00004147,4553,Current,Active,2021-10-14,370500.0,3.04
4148,ACC00004148,9665,Fixed Deposit,Active,2024-11-19,0.0,6.71
4149,ACC00004149,2852,Savings,Active,2020-03-18,0.0,2.5
4150,ACC00004150,8254,Salary,Closed,2019-07-09,0.0,3.41
4151,ACC00004151,6172,Savings,Active,2023-08-31,0.0,4.06
4152,ACC00004152,6432,Savings,Active,2021-11-07,0.0,4.99
4153,ACC00004153,9402,Fixed Deposit,Dormant,2024-11-27,0.0,6.04
4154,ACC00004154,8774,Fixed Deposit,Active,2024-07-12,0.0,5.61
4155,ACC00004155,7319,Savings,Active,2024-02-14,0.0,4.77
4156,ACC00004156,1916,Savings,Dormant,2020-01-02,0.0,4.17
4157,ACC00004157,8662,Savings,Active,2019-09-18,0.0,3.97
4158,ACC00004158,7839,Salary,Active,2024-12-01,0.0,2.72
4159,ACC00004159,1043,Salary,Active,2025-01-13,0.0,2.76
4160,ACC00004160,6152,Salary,Active,2022-03-01,0.0,4.87
4161,ACC00004161,2368,Current,Dormant,2023-06-17,1800500.0,4.2
4162,ACC00004162,9944,Savings,Blocked,2021-12-28,0.0,4.6
4163,ACC00004163,8745,Loan,Active,2021-05-02,872400.0,9.02
4164,ACC00004164,6005,Savings,Active,2021-05-31,0.0,4.87
4165,ACC00004165,9395,Fixed Deposit,Active,2024-08-04,0.0,8.22
4166,ACC00004166,2557,Savings,Active,2024-11-04,0.0,4.27
4167,ACC00004167,6324,Savings,Active,2024-02-28,0.0,3.57
4168,ACC00004168,8264,Salary,Active,2025-09-12,0.0,2.67
4169,ACC00004169,1283,Savings,Active,2019-06-19,0.0,4.27
4170,ACC00004170,145,Savings,Closed,2025-06-12,0.0,3.91
4171,ACC00004171,5893,Current,Active,2024-05-18,167400.0,3.01
4172,ACC00004172,8166,Salary,Active,2025-11-13,0.0,3.53
4173,ACC00004173,1519,Salary,Closed,2022-09-15,0.0,4.49
4174,ACC00004174,7241,Fixed Deposit,Active,2021-08-22,0.0,6.7
4175,ACC00004175,5491,Savings,Active,2019-01-29,0.0,4.73
4176,ACC00004176,3142,Savings,Active,2021-07-12,0.0,3.06
4177,ACC00004177,5256,Savings,Active,2021-07-19,0.0,3.98
4178,ACC00004178,6060,Savings,Active,2019-12-07,0.0,4.99
4179,ACC00004179,9114,Loan,Active,2024-03-28,1722400.0,7.6
4180,ACC00004180,3248,Savings,Active,2022-10-03,0.0,2.78
4181,ACC00004181,282,Salary,Active,2019-06-06,0.0,3.54
4182,ACC00004182,2032,Loan,Active,2018-10-19,515500.0,9.8
4183,ACC00004183,8634,Salary,Dormant,2019-12-20,0.0,3.53
4184,ACC00004184,3855,Savings,Active,2018-02-23,0.0,3.47
4185,ACC00004185,7947,Loan,Active,2020-11-20,1277000.0,14.47
4186,ACC00004186,4704,Savings,Active,2023-01-08,0.0,3.84
4187,ACC00004187,5634,Savings,Active,2018-10-09,0.0,4.99
4188,ACC00004188,9751,Salary,Active,2022-08-11,0.0,3.08
4189,ACC00004189,8797,Current,Dormant,2023-12-28,1395600.0,4.39
4190,ACC00004190,2078,Salary,Active,2024-08-02,0.0,2.88
4191,ACC00004191,2640,Savings,Dormant,2019-01-15,0.0,3.4
4192,ACC00004192,3585,Fixed Deposit,Active,2024-05-21,0.0,6.19
4193,ACC00004193,3277,Savings,Blocked,2019-07-17,0.0,3.05
4194,ACC00004194,9473,Current,Dormant,2022-08-07,1160300.0,3.4
4195,ACC00004195,3941,Savings,Closed,2021-12-04,0.0,4.72
4196,ACC00004196,2013,Savings,Dormant,2023-08-28,0.0,2.7
4197,ACC00004197,7769,Savings,Active,2023-08-02,0.0,4.71
4198,ACC00004198,8873,Loan,Active,2024-06-14,1609500.0,7.54
4199,ACC00004199,258,Fixed Deposit,Active,2019-03-13,0.0,8.46
4200,ACC00004200,9226,Savings,Active,2018-08-12,0.0,3.7
4201,ACC00004201,3672,Savings,Active,2022-10-17,0.0,3.19
4202,ACC00004202,8370,Savings,Active,2023-01-23,0.0,4.92
4203,ACC00004203,748,Savings,Active,2022-08-06,0.0,3.14
4204,ACC00004204,3503,Savings,Active,2025-12-10,0.0,4.67
4205,ACC00004205,2734,Fixed Deposit,Active,2025-03-03,0.0,8.12
4206,ACC00004206,3786,Savings,Active,2019-02-02,0.0,3.41
4207,ACC00004207,7270,Savings,Active,2025-12-07,0.0,3.42
4208,ACC00004208,2964,Salary,Active,2021-04-24,0.0,4.71
4209,ACC00004209,8820,Salary,Active,2020-03-07,0.0,3.69
4210,ACC00004210,4812,Fixed Deposit,Active,2020-05-16,0.0,8.43
4211,ACC00004211,188,Savings,Active,2019-12-08,0.0,3.66
4212,ACC00004212,7703,Savings,Active,2025-03-09,0.0,3.48
4213,ACC00004213,6935,Fixed Deposit,Active,2021-07-28,0.0,5.96
4214,ACC00004214,7753,Salary,Dormant,2022-07-14,0.0,3.6
4215,ACC00004215,830,Savings,Active,2019-09-08,0.0,3.9
4216,ACC00004216,5252,Savings,Active,2018-04-21,0.0,4.41
4217,ACC00004217,1757,Current,Active,2024-04-01,1334300.0,4.18
4218,ACC00004218,1179,Salary,Active,2025-04-20,0.0,4.91
4219,ACC00004219,2013,Salary,Active,2023-04-04,0.0,4.35
4220,ACC00004220,3396,Salary,Dormant,2025-12-18,0.0,4.41
4221,ACC00004221,6466,Current,Active,2025-01-23,589300.0,3.49
4222,ACC00004222,3385,Fixed Deposit,Closed,2021-02-10,0.0,6.04
4223,ACC00004223,43,Fixed Deposit,Active,2022-07-27,0.0,6.06
4224,ACC00004224,8112,Current,Active,2025-01-31,1831100.0,4.33
4225,ACC00004225,524,Salary,Active,2019-06-22,0.0,2.58
4226,ACC00004226,4187,Current,Active,2022-01-17,317400.0,2.86
4227,ACC00004227,4534,Savings,Active,2022-06-11,0.0,4.51
4228,ACC00004228,3158,Salary,Active,2023-03-29,0.0,2.97
4229,ACC00004229,7019,Fixed Deposit,Active,2022-07-28,0.0,5.91
4230,ACC00004230,9802,Savings,Dormant,2020-09-13,0.0,4.62
4231,ACC00004231,2997,Current,Active,2023-05-03,238400.0,3.46
4232,ACC00004232,8480,Current,Active,2022-11-04,1314200.0,3.62
4233,ACC00004233,4308,Loan,Active,2024-02-29,1618100.0,12.59
4234,ACC00004234,7837,Salary,Active,2025-09-26,0.0,3.06
4235,ACC00004235,4315,Fixed Deposit,Active,2025-08-22,0.0,7.12
4236,ACC00004236,346,Current,Closed,2021-01-27,1671700.0,4.22
4237,ACC00004237,9227,Salary,Active,2023-11-09,0.0,4.35
4238,ACC00004238,4716,Savings,Closed,2024-09-18,0.0,3.23
4239,ACC00004239,8774,Current,Active,2024-06-16,177000.0,2.93
4240,ACC00004240,9389,Salary,Active,2020-08-07,0.0,4.72
4241,ACC00004241,3262,Fixed Deposit,Active,2019-12-25,0.0,7.78
4242,ACC00004242,2743,Savings,Active,2020-07-21,0.0,2.69
4243,ACC00004243,3494,Savings,Active,2023-08-08,0.0,3.8
4244,ACC00004244,6110,Fixed Deposit,Active,2019-07-13,0.0,8.1
4245,ACC00004245,861,Savings,Active,2022-06-21,0.0,3.21
4246,ACC00004246,6923,Current,Active,2020-11-03,854200.0,2.64
4247,ACC00004247,4008,Current,Active,2018-03-05,1688700.0,4.73
4248,ACC00004248,1880,Salary,Active,2023-09-18,0.0,3.28
4249,ACC00004249,4265,Savings,Active,2020-05-31,0.0,4.05
4250,ACC00004250,901,Fixed Deposit,Active,2018-05-04,0.0,8.37
4251,ACC00004251,900,Savings,Closed,2020-09-20,0.0,3.9
4252,ACC00004252,3291,Savings,Active,2024-10-24,0.0,3.65
4253,ACC00004253,7914,Salary,Active,2021-11-21,0.0,4.93
4254,ACC00004254,7108,Savings,Active,2024-11-22,0.0,2.96
4255,ACC00004255,2549,Current,Active,2022-12-27,511400.0,4.07
4256,ACC00004256,4245,Savings,Active,2022-06-22,0.0,4.56
4257,ACC00004257,2315,Fixed Deposit,Active,2018-01-08,0.0,7.69
4258,ACC00004258,8206,Current,Active,2024-01-21,1264700.0,3.98
4259,ACC00004259,1274,Savings,Active,2022-05-16,0.0,4.21
4260,ACC00004260,420,Savings,Active,2021-10-16,0.0,4.52
4261,ACC00004261,5517,Savings,Closed,2022-12-23,0.0,3.77
4262,ACC00004262,5397,Savings,Active,2021-07-12,0.0,3.63
4263,ACC00004263,8137,Savings,Active,2019-12-28,0.0,4.24
4264,ACC00004264,3425,Fixed Deposit,Active,2023-01-07,0.0,7.49
4265,ACC00004265,3180,Current,Active,2021-07-04,187800.0,3.47
4266,ACC00004266,2999,Current,Active,2019-04-12,1023500.0,3.6
4267,ACC00004267,7249,Salary,Active,2025-09-17,0.0,3.26
4268,ACC00004268,8389,Savings,Active,2024-10-29,0.0,4.1
4269,ACC00004269,8524,Current,Active,2021-01-29,536900.0,2.73
4270,ACC00004270,2841,Savings,Active,2024-09-03,0.0,3.29
4271,ACC00004271,606,Savings,Active,2018-09-14,0.0,3.19
4272,ACC00004272,1328,Current,Active,2019-01-09,706700.0,3.93
4273,ACC00004273,2011,Savings,Active,2021-03-16,0.0,3.92
4274,ACC00004274,5457,Fixed Deposit,Active,2023-02-01,0.0,6.99
4275,ACC00004275,3038,Savings,Active,2024-11-08,0.0,3.96
4276,ACC00004276,4939,Savings,Active,2022-03-18,0.0,2.88
4277,ACC00004277,4937,Loan,Active,2023-04-20,124000.0,10.73
4278,ACC00004278,4754,Savings,Active,2023-10-28,0.0,3.9
4279,ACC00004279,9729,Savings,Blocked,2023-09-17,0.0,4.24
4280,ACC00004280,582,Savings,Active,2019-03-26,0.0,3.98
4281,ACC00004281,7394,Savings,Active,2019-01-21,0.0,3.14
4282,ACC00004282,1669,Current,Active,2024-05-09,963700.0,2.75
4283,ACC00004283,515,Current,Active,2020-09-02,1565000.0,4.82
4284,ACC00004284,8794,Savings,Active,2020-03-30,0.0,3.61
4285,ACC00004285,7013,Salary,Dormant,2024-07-19,0.0,2.72
4286,ACC00004286,1478,Savings,Closed,2024-03-19,0.0,4.33
4287,ACC00004287,3851,Fixed Deposit,Dormant,2022-12-30,0.0,7.27
4288,ACC00004288,1867,Loan,Active,2019-12-19,1009700.0,8.59
4289,ACC00004289,8043,Savings,Active,2018-06-28,0.0,2.73
4290,ACC00004290,1320,Savings,Active,2021-11-07,0.0,4.27
4291,ACC00004291,4198,Current,Active,2019-05-05,1365100.0,4.75
4292,ACC00004292,3136,Current,Active,2022-04-07,365900.0,3.86
4293,ACC00004293,1616,Loan,Active,2019-04-12,117100.0,10.33
4294,ACC00004294,2772,Salary,Active,2025-03-08,0.0,3.55
4295,ACC00004295,2132,Fixed Deposit,Active,2020-01-15,0.0,7.67
4296,ACC00004296,2522,Current,Active,2022-02-23,1842200.0,3.5
4297,ACC00004297,6458,Salary,Active,2018-11-10,0.0,3.68
4298,ACC00004298,7912,Loan,Active,2021-07-29,1773800.0,8.51
4299,ACC00004299,4586,Salary,Active,2021-04-01,0.0,3.99
4300,ACC00004300,2713,Current,Active,2020-10-22,342100.0,2.63
4301,ACC00004301,5406,Current,Active,2021-08-10,1405000.0,4.35
4302,ACC00004302,9896,Savings,Active,2019-08-03,0.0,4.18
4303,ACC00004303,8729,Savings,Active,2019-07-10,0.0,3.35
4304,ACC00004304,8557,Salary,Active,2019-07-16,0.0,2.69
4305,ACC00004305,4771,Savings,Active,2025-06-05,0.0,4.52
4306,ACC00004306,2331,Savings,Active,2025-10-07,0.0,4.27
4307,ACC00004307,4092,Salary,Active,2018-11-23,0.0,3.39
4308,ACC00004308,5694,Salary,Active,2023-01-24,0.0,3.24
4309,ACC00004309,6864,Savings,Closed,2020-12-01,0.0,3.53
4310,ACC00004310,413,Current,Active,2023-06-01,998800.0,4.92
4311,ACC00004311,355,Current,Active,2023-07-16,670900.0,3.41
4312,ACC00004312,2197,Savings,Dormant,2021-11-21,0.0,3.02
4313,ACC00004313,8361,Fixed Deposit,Active,2024-05-08,0.0,5.5
4314,ACC00004314,6559,Current,Active,2020-01-06,975100.0,4.26
4315,ACC00004315,4243,Current,Active,2025-06-04,1772300.0,2.89
4316,ACC00004316,9708,Savings,Active,2020-03-30,0.0,4.55
4317,ACC00004317,5024,Savings,Active,2024-06-18,0.0,3.97
4318,ACC00004318,5124,Fixed Deposit,Active,2018-08-22,0.0,8.21
4319,ACC00004319,8296,Current,Active,2018-08-04,1093000.0,3.37
4320,ACC00004320,1072,Savings,Closed,2022-10-12,0.0,4.51
4321,ACC00004321,7037,Savings,Active,2024-08-09,0.0,3.31
4322,ACC00004322,6321,Current,Active,2025-08-08,1380100.0,4.23
4323,ACC00004323,2164,Current,Active,2019-07-05,1257400.0,2.54
4324,ACC00004324,4542,Current,Active,2019-04-08,294600.0,3.2
4325,ACC00004325,1483,Savings,Closed,2025-05-15,0.0,3.13
4326,ACC00004326,3469,Current,Active,2020-02-28,1464700.0,4.69
4327,ACC00004327,1843,Savings,Closed,2018-02-01,0.0,4.89
4328,ACC00004328,4509,Current,Closed,2020-02-09,1413700.0,4.7
4329,ACC00004329,5411,Salary,Closed,2020-04-20,0.0,3.08
4330,ACC00004330,9306,Savings,Closed,2022-10-10,0.0,3.27
4331,ACC00004331,371,Savings,Active,2023-09-11,0.0,4.51
4332,ACC00004332,9447,Current,Active,2022-07-30,1767600.0,2.54
4333,ACC00004333,9579,Salary,Active,2025-01-26,0.0,4.93
4334,ACC00004334,9769,Fixed Deposit,Active,2024-06-06,0.0,8.14
4335,ACC00004335,6895,Savings,Active,2019-03-08,0.0,2.66
4336,ACC00004336,7871,Savings,Active,2024-03-28,0.0,3.49
4337,ACC00004337,1912,Loan,Active,2018-12-05,1276400.0,9.8
4338,ACC00004338,1650,Savings,Active,2022-07-09,0.0,2.7
4339,ACC00004339,5611,Savings,Active,2022-01-23,0.0,4.19
4340,ACC00004340,5098,Current,Active,2019-04-13,515700.0,4.18
4341,ACC00004341,9952,Salary,Active,2025-09-20,0.0,3.89
4342,ACC00004342,6635,Fixed Deposit,Active,2024-12-02,0.0,5.88
4343,ACC00004343,8343,Current,Active,2021-07-23,316100.0,2.78
4344,ACC00004344,8230,Savings,Active,2021-10-01,0.0,2.96
4345,ACC00004345,9247,Loan,Dormant,2024-02-03,116500.0,11.07
4346,ACC00004346,3707,Salary,Dormant,2025-03-06,0.0,4.74
4347,ACC00004347,899,Fixed Deposit,Active,2025-04-15,0.0,8.28
4348,ACC00004348,3152,Savings,Dormant,2023-04-12,0.0,3.11
4349,ACC00004349,883,Savings,Active,2020-03-12,0.0,3.83
4350,ACC00004350,8848,Savings,Active,2025-11-17,0.0,3.02
4351,ACC00004351,5700,Salary,Active,2019-08-06,0.0,3.36
4352,ACC00004352,3254,Savings,Active,2020-02-16,0.0,4.07
4353,ACC00004353,9436,Fixed Deposit,Active,2023-06-14,0.0,8.35
4354,ACC00004354,4906,Savings,Active,2022-05-21,0.0,4.89
4355,ACC00004355,2174,Savings,Active,2025-10-17,0.0,4.92
4356,ACC00004356,9747,Savings,Active,2024-01-25,0.0,2.94
4357,ACC00004357,6745,Savings,Active,2024-07-23,0.0,3.6
4358,ACC00004358,595,Savings,Dormant,2021-01-12,0.0,4.12
4359,ACC00004359,5438,Savings,Active,2020-09-22,0.0,4.43
4360,ACC00004360,6874,Savings,Active,2025-05-17,0.0,3.88
4361,ACC00004361,9631,Savings,Active,2021-11-10,0.0,3.17
4362,ACC00004362,8913,Salary,Active,2018-04-21,0.0,4.92
4363,ACC00004363,821,Current,Active,2025-07-12,1222200.0,4.2
4364,ACC00004364,9997,Savings,Active,2024-11-02,0.0,3.02
4365,ACC00004365,9787,Fixed Deposit,Active,2018-04-12,0.0,7.86
4366,ACC00004366,12,Savings,Closed,2023-03-18,0.0,4.21
4367,ACC00004367,6232,Current,Active,2018-10-15,1261300.0,2.78
4368,ACC00004368,6242,Fixed Deposit,Active,2019-09-30,0.0,6.82
4369,ACC00004369,408,Savings,Active,2023-06-10,0.0,4.97
4370,ACC00004370,6058,Savings,Active,2021-07-20,0.0,4.05
4371,ACC00004371,9609,Fixed Deposit,Active,2019-05-16,0.0,7.17
4372,ACC00004372,5808,Savings,Active,2024-07-07,0.0,3.67
4373,ACC00004373,4164,Salary,Active,2025-09-23,0.0,3.6
4374,ACC00004374,8112,Fixed Deposit,Active,2022-03-18,0.0,7.21
4375,ACC00004375,3737,Salary,Active,2022-11-26,0.0,3.77
4376,ACC00004376,2839,Savings,Active,2018-06-14,0.0,2.82
4377,ACC00004377,8537,Loan,Active,2024-09-21,1151900.0,11.16
4378,ACC00004378,4797,Savings,Active,2024-11-19,0.0,4.57
4379,ACC00004379,6264,Salary,Active,2018-02-16,0.0,4.27
4380,ACC00004380,2923,Salary,Active,2024-08-20,0.0,3.48
4381,ACC00004381,4678,Current,Closed,2025-01-05,1337200.0,3.85
4382,ACC00004382,3388,Current,Dormant,2018-07-02,170200.0,4.4
4383,ACC00004383,3933,Loan,Dormant,2021-06-02,1790700.0,10.01
4384,ACC00004384,3905,Current,Active,2025-12-17,1778300.0,3.06
4385,ACC00004385,1494,Savings,Dormant,2020-02-06,0.0,4.95
4386,ACC00004386,7791,Current,Active,2018-10-26,860200.0,2.56
4387,ACC00004387,5335,Fixed Deposit,Active,2019-03-19,0.0,7.49
4388,ACC00004388,474,Savings,Active,2023-01-03,0.0,4.2
4389,ACC00004389,6670,Savings,Closed,2023-12-18,0.0,3.63
4390,ACC00004390,6948,Current,Blocked,2020-07-02,52600.0,2.94
4391,ACC00004391,7423,Fixed Deposit,Active,2022-03-12,0.0,6.52
4392,ACC00004392,1280,Savings,Closed,2023-05-08,0.0,4.52
4393,ACC00004393,844,Current,Active,2020-06-01,1587200.0,4.94
4394,ACC00004394,3599,Savings,Closed,2023-06-18,0.0,4.19
4395,ACC00004395,4913,Savings,Active,2018-04-15,0.0,4.55
4396,ACC00004396,5968,Savings,Active,2025-04-17,0.0,3.06
4397,ACC00004397,8136,Salary,Active,2020-12-14,0.0,4.89
4398,ACC00004398,5292,Savings,Active,2024-06-13,0.0,3.76
4399,ACC00004399,8178,Fixed Deposit,Active,2022-08-27,0.0,6.22
4400,ACC00004400,4942,Fixed Deposit,Active,2023-05-15,0.0,7.97
4401,ACC00004401,575,Savings,Active,2022-04-17,0.0,3.01
4402,ACC00004402,8472,Savings,Active,2024-06-03,0.0,4.83
4403,ACC00004403,768,Savings,Active,2022-12-19,0.0,3.67
4404,ACC00004404,3586,Fixed Deposit,Active,2018-08-08,0.0,5.72
4405,ACC00004405,4690,Savings,Active,2023-09-16,0.0,3.99
4406,ACC00004406,7044,Savings,Active,2018-12-30,0.0,3.17
4407,ACC00004407,8796,Savings,Active,2021-07-10,0.0,4.77
4408,ACC00004408,2777,Salary,Active,2025-08-30,0.0,3.48
4409,ACC00004409,6568,Savings,Active,2018-09-23,0.0,2.87
4410,ACC00004410,1517,Salary,Active,2019-11-05,0.0,4.72
4411,ACC00004411,7741,Savings,Active,2023-08-17,0.0,3.4
4412,ACC00004412,9719,Savings,Active,2021-03-21,0.0,4.11
4413,ACC00004413,6253,Loan,Active,2023-05-21,279300.0,13.9
4414,ACC00004414,9683,Salary,Active,2023-10-21,0.0,3.76
4415,ACC00004415,5572,Salary,Active,2020-03-19,0.0,4.82
4416,ACC00004416,6616,Current,Dormant,2020-09-04,277600.0,4.38
4417,ACC00004417,8237,Savings,Active,2024-03-20,0.0,3.44
4418,ACC00004418,3467,Loan,Active,2019-09-11,772100.0,7.62
4419,ACC00004419,5592,Current,Active,2025-01-23,1261900.0,4.61
4420,ACC00004420,5371,Savings,Active,2020-07-04,0.0,4.16
4421,ACC00004421,8103,Savings,Active,2023-12-01,0.0,4.26
4422,ACC00004422,3195,Savings,Active,2018-03-11,0.0,2.93
4423,ACC00004423,9735,Current,Active,2018-11-19,1801800.0,2.59
4424,ACC00004424,1507,Salary,Active,2024-05-22,0.0,3.1
4425,ACC00004425,9880,Loan,Active,2022-04-09,957400.0,13.36
4426,ACC00004426,2371,Fixed Deposit,Active,2018-02-24,0.0,7.28
4427,ACC00004427,6401,Savings,Active,2019-11-20,0.0,4.16
4428,ACC00004428,2420,Savings,Active,2018-06-06,0.0,2.82
4429,ACC00004429,9646,Current,Closed,2018-06-06,849500.0,4.16
4430,ACC00004430,1323,Salary,Active,2018-05-05,0.0,4.68
4431,ACC00004431,2639,Salary,Active,2022-11-05,0.0,4.16
4432,ACC00004432,2635,Fixed Deposit,Active,2018-04-15,0.0,8.28
4433,ACC00004433,6654,Savings,Active,2020-07-23,0.0,3.26
4434,ACC00004434,1000,Savings,Active,2024-01-18,0.0,2.74
4435,ACC00004435,6589,Savings,Active,2025-03-16,0.0,4.91
4436,ACC00004436,6112,Loan,Active,2019-06-09,1883600.0,8.74
4437,ACC00004437,6182,Savings,Active,2021-10-17,0.0,2.57
4438,ACC00004438,9876,Savings,Active,2021-07-03,0.0,4.95
4439,ACC00004439,6496,Savings,Active,2021-10-23,0.0,4.71
4440,ACC00004440,2504,Savings,Active,2023-02-16,0.0,4.49
4441,ACC00004441,3893,Current,Active,2022-12-13,190000.0,3.55
4442,ACC00004442,7735,Savings,Active,2019-08-23,0.0,3.89
4443,ACC00004443,7086,Salary,Active,2020-01-23,0.0,4.57
4444,ACC00004444,6756,Savings,Active,2023-01-08,0.0,4.33
4445,ACC00004445,6530,Current,Active,2021-07-16,1293300.0,2.64
4446,ACC00004446,8688,Fixed Deposit,Active,2021-09-07,0.0,6.32
4447,ACC00004447,500,Current,Active,2021-12-28,1288000.0,3.93
4448,ACC00004448,5586,Savings,Dormant,2018-10-09,0.0,2.94
4449,ACC00004449,4440,Savings,Active,2025-03-04,0.0,3.89
4450,ACC00004450,3319,Current,Active,2021-01-21,1295000.0,3.95
4451,ACC00004451,2488,Savings,Active,2024-04-21,0.0,2.75
4452,ACC00004452,924,Savings,Active,2019-01-22,0.0,3.85
4453,ACC00004453,4040,Current,Active,2022-08-09,1974500.0,2.7
4454,ACC00004454,1023,Current,Closed,2019-11-25,713600.0,2.7
4455,ACC00004455,4672,Salary,Active,2021-05-30,0.0,4.19
4456,ACC00004456,2351,Current,Active,2025-04-16,1944600.0,4.62
4457,ACC00004457,4591,Current,Active,2021-10-17,112100.0,3.6
4458,ACC00004458,9009,Loan,Active,2024-03-24,594900.0,10.37
4459,ACC00004459,557,Loan,Active,2020-01-23,363300.0,12.7
4460,ACC00004460,4154,Savings,Active,2023-02-08,0.0,3.95
4461,ACC00004461,9598,Current,Active,2021-02-07,396000.0,4.78
4462,ACC00004462,8816,Current,Active,2022-12-06,661900.0,3.55
4463,ACC00004463,5379,Savings,Active,2022-09-15,0.0,4.72
4464,ACC00004464,3674,Loan,Closed,2018-08-30,155100.0,11.25
4465,ACC00004465,3314,Savings,Active,2018-06-26,0.0,2.6
4466,ACC00004466,8458,Current,Active,2018-07-31,490300.0,3.61
4467,ACC00004467,6410,Savings,Active,2022-02-28,0.0,4.17
4468,ACC00004468,7537,Current,Active,2023-02-16,1996200.0,4.54
4469,ACC00004469,2362,Savings,Active,2023-11-30,0.0,2.91
4470,ACC00004470,7412,Fixed Deposit,Active,2021-09-17,0.0,8.42
4471,ACC00004471,7461,Savings,Active,2024-08-30,0.0,4.62
4472,ACC00004472,3968,Fixed Deposit,Active,2022-04-16,0.0,8.34
4473,ACC00004473,5922,Savings,Dormant,2020-09-01,0.0,2.61
4474,ACC00004474,9098,Savings,Active,2020-04-03,0.0,4.27
4475,ACC00004475,3150,Salary,Dormant,2022-12-04,0.0,4.74
4476,ACC00004476,6652,Savings,Active,2023-10-10,0.0,3.39
4477,ACC00004477,3389,Fixed Deposit,Active,2018-10-17,0.0,6.22
4478,ACC00004478,7271,Savings,Active,2021-04-06,0.0,2.62
4479,ACC00004479,6730,Salary,Active,2024-08-17,0.0,3.89
4480,ACC00004480,8221,Savings,Active,2024-06-09,0.0,3.03
4481,ACC00004481,9906,Salary,Active,2019-10-23,0.0,4.05
4482,ACC00004482,9580,Savings,Active,2019-01-07,0.0,2.99
4483,ACC00004483,7417,Salary,Active,2024-07-08,0.0,3.13
4484,ACC00004484,2820,Fixed Deposit,Active,2018-12-28,0.0,6.5
4485,ACC00004485,8942,Savings,Active,2018-05-10,0.0,3.92
4486,ACC00004486,8873,Savings,Active,2025-01-23,0.0,2.6
4487,ACC00004487,5142,Salary,Active,2018-05-27,0.0,4.36
4488,ACC00004488,4618,Savings,Active,2023-04-01,0.0,3.93
4489,ACC00004489,2604,Savings,Active,2023-12-14,0.0,3.9
4490,ACC00004490,1178,Savings,Active,2023-11-07,0.0,4.8
4491,ACC00004491,3554,Savings,Active,2022-08-21,0.0,3.08
4492,ACC00004492,6136,Loan,Closed,2025-10-06,613900.0,8.7
4493,ACC00004493,8483,Fixed Deposit,Closed,2023-04-21,0.0,7.66
4494,ACC00004494,214,Current,Active,2019-01-04,1221000.0,3.78
4495,ACC00004495,7654,Current,Active,2022-10-31,1779500.0,2.53
4496,ACC00004496,8849,Savings,Active,2024-08-31,0.0,3.38
4497,ACC00004497,3484,Current,Active,2020-06-01,448300.0,2.59
4498,ACC00004498,1872,Loan,Active,2019-04-15,1574600.0,11.59
4499,ACC00004499,5399,Current,Active,2022-11-30,1918600.0,4.13
4500,ACC00004500,735,Savings,Active,2018-11-11,0.0,3.16
4501,ACC00004501,3982,Savings,Active,2023-10-05,0.0,2.83
4502,ACC00004502,982,Fixed Deposit,Active,2024-08-13,0.0,6.86
4503,ACC00004503,462,Savings,Active,2018-02-24,0.0,4.64
4504,ACC00004504,4213,Savings,Active,2020-07-11,0.0,3.54
4505,ACC00004505,1607,Salary,Active,2023-04-05,0.0,3.93
4506,ACC00004506,2857,Fixed Deposit,Active,2021-05-07,0.0,6.76
4507,ACC00004507,5209,Savings,Active,2019-12-25,0.0,2.81
4508,ACC00004508,2903,Fixed Deposit,Active,2018-11-30,0.0,7.46
4509,ACC00004509,3531,Fixed Deposit,Active,2020-09-28,0.0,7.52
4510,ACC00004510,5825,Current,Active,2023-09-20,903500.0,4.96
4511,ACC00004511,6124,Loan,Active,2024-01-04,1339700.0,9.4
4512,ACC00004512,2023,Fixed Deposit,Active,2018-10-08,0.0,8.49
4513,ACC00004513,1856,Savings,Active,2018-09-20,0.0,3.36
4514,ACC00004514,1019,Fixed Deposit,Closed,2019-05-03,0.0,8.06
4515,ACC00004515,9694,Current,Active,2024-02-14,1697800.0,2.96
4516,ACC00004516,9695,Current,Active,2023-11-28,556400.0,4.97
4517,ACC00004517,5813,Loan,Active,2020-07-12,555600.0,8.65
4518,ACC00004518,3594,Savings,Dormant,2021-11-25,0.0,3.01
4519,ACC00004519,5171,Savings,Active,2022-09-08,0.0,2.53
4520,ACC00004520,3265,Savings,Active,2025-04-30,0.0,4.31
4521,ACC00004521,2760,Fixed Deposit,Active,2023-07-08,0.0,7.23
4522,ACC00004522,103,Savings,Active,2021-05-26,0.0,3.0
4523,ACC00004523,1674,Savings,Active,2022-11-14,0.0,2.62
4524,ACC00004524,1880,Savings,Active,2019-12-07,0.0,3.77
4525,ACC00004525,9452,Salary,Active,2025-12-05,0.0,4.15
4526,ACC00004526,8531,Savings,Active,2021-09-02,0.0,4.29
4527,ACC00004527,3017,Loan,Active,2021-02-24,1948000.0,10.88
4528,ACC00004528,5088,Salary,Active,2021-02-15,0.0,2.85
4529,ACC00004529,7891,Salary,Closed,2025-11-28,0.0,3.85
4530,ACC00004530,5917,Loan,Active,2025-05-08,1768100.0,11.39
4531,ACC00004531,7440,Savings,Active,2021-01-06,0.0,3.37
4532,ACC00004532,3303,Salary,Active,2023-10-16,0.0,4.79
4533,ACC00004533,1964,Fixed Deposit,Closed,2019-06-01,0.0,6.05
4534,ACC00004534,3523,Current,Active,2025-11-18,1764500.0,3.45
4535,ACC00004535,9925,Current,Active,2023-10-08,210000.0,4.11
4536,ACC00004536,5905,Savings,Active,2020-04-05,0.0,3.46
4537,ACC00004537,5674,Savings,Closed,2024-02-07,0.0,4.12
4538,ACC00004538,2720,Loan,Active,2019-12-14,1266000.0,8.17
4539,ACC00004539,5094,Loan,Active,2025-05-07,549300.0,11.63
4540,ACC00004540,7087,Current,Active,2019-07-10,1377200.0,3.51
4541,ACC00004541,6156,Fixed Deposit,Active,2019-09-07,0.0,7.89
4542,ACC00004542,4694,Current,Active,2019-09-16,1861600.0,3.12
4543,ACC00004543,1653,Savings,Active,2019-01-04,0.0,3.39
4544,ACC00004544,1728,Savings,Closed,2020-12-31,0.0,4.24
4545,ACC00004545,2378,Fixed Deposit,Active,2020-07-11,0.0,5.55
4546,ACC00004546,2404,Loan,Active,2025-01-17,760100.0,12.92
4547,ACC00004547,4572,Savings,Dormant,2023-11-25,0.0,4.67
4548,ACC00004548,8156,Savings,Closed,2018-09-20,0.0,3.88
4549,ACC00004549,3528,Fixed Deposit,Active,2021-02-14,0.0,6.65
4550,ACC00004550,8724,Savings,Active,2024-07-29,0.0,3.97
4551,ACC00004551,8727,Current,Active,2020-03-10,1081600.0,3.99
4552,ACC00004552,2491,Loan,Active,2024-09-29,592000.0,11.57
4553,ACC00004553,1379,Salary,Closed,2021-05-30,0.0,4.06
4554,ACC00004554,2419,Salary,Active,2019-02-07,0.0,3.58
4555,ACC00004555,46,Savings,Closed,2024-07-07,0.0,4.04
4556,ACC00004556,22,Savings,Closed,2020-04-01,0.0,3.29
4557,ACC00004557,2149,Savings,Active,2018-09-30,0.0,4.29
4558,ACC00004558,8678,Current,Active,2025-11-04,1636400.0,3.58
4559,ACC00004559,3113,Loan,Active,2020-02-18,1877500.0,9.54
4560,ACC00004560,3594,Salary,Active,2025-04-04,0.0,4.66
4561,ACC00004561,357,Savings,Active,2024-01-07,0.0,2.64
4562,ACC00004562,9842,Salary,Active,2023-09-04,0.0,4.93
4563,ACC00004563,2090,Savings,Active,2021-12-23,0.0,4.74
4564,ACC00004564,3211,Savings,Active,2020-03-15,0.0,3.78
4565,ACC00004565,1489,Fixed Deposit,Active,2022-03-12,0.0,7.25
4566,ACC00004566,4095,Savings,Blocked,2025-09-27,0.0,3.75
4567,ACC00004567,3655,Current,Active,2018-02-13,1182800.0,4.47
4568,ACC00004568,1643,Savings,Active,2024-03-25,0.0,2.87
4569,ACC00004569,765,Savings,Closed,2023-02-23,0.0,3.3
4570,ACC00004570,1761,Savings,Active,2022-02-28,0.0,4.24
4571,ACC00004571,46,Savings,Active,2024-08-01,0.0,4.4
4572,ACC00004572,1413,Current,Active,2023-02-18,1814900.0,4.54
4573,ACC00004573,9808,Loan,Active,2020-03-05,1111400.0,10.66
4574,ACC00004574,3342,Savings,Active,2019-08-01,0.0,3.8
4575,ACC00004575,8226,Salary,Active,2019-12-23,0.0,3.09
4576,ACC00004576,3000,Current,Active,2020-11-22,671800.0,3.96
4577,ACC00004577,6361,Savings,Active,2023-08-12,0.0,4.32
4578,ACC00004578,3926,Current,Dormant,2021-02-14,1687500.0,2.52
4579,ACC00004579,1919,Savings,Active,2018-08-10,0.0,2.51
4580,ACC00004580,9656,Savings,Closed,2019-10-12,0.0,3.55
4581,ACC00004581,269,Savings,Closed,2025-02-05,0.0,3.54
4582,ACC00004582,6378,Savings,Active,2018-03-10,0.0,3.9
4583,ACC00004583,8162,Savings,Active,2018-04-20,0.0,3.49
4584,ACC00004584,7765,Current,Active,2022-06-29,1739200.0,4.22
4585,ACC00004585,2909,Savings,Dormant,2020-01-09,0.0,3.28
4586,ACC00004586,201,Current,Active,2019-06-20,518100.0,2.97
4587,ACC00004587,6760,Savings,Active,2019-04-11,0.0,4.44
4588,ACC00004588,5974,Savings,Dormant,2025-03-16,0.0,3.13
4589,ACC00004589,1069,Loan,Active,2020-12-24,863900.0,8.04
4590,ACC00004590,5791,Savings,Dormant,2018-01-31,0.0,2.66
4591,ACC00004591,1478,Fixed Deposit,Active,2025-01-29,0.0,8.43
4592,ACC00004592,558,Salary,Active,2022-02-15,0.0,3.09
4593,ACC00004593,6402,Savings,Active,2019-08-16,0.0,3.49
4594,ACC00004594,6780,Salary,Active,2025-04-04,0.0,4.18
4595,ACC00004595,5260,Savings,Active,2021-05-20,0.0,2.79
4596,ACC00004596,5171,Fixed Deposit,Active,2025-02-19,0.0,8.07
4597,ACC00004597,4947,Savings,Blocked,2023-12-03,0.0,3.48
4598,ACC00004598,7956,Savings,Active,2018-12-14,0.0,3.26
4599,ACC00004599,2991,Savings,Active,2023-07-23,0.0,3.31
4600,ACC00004600,6373,Salary,Active,2020-11-01,0.0,2.56
4601,ACC00004601,9441,Loan,Active,2024-05-06,958300.0,8.41
4602,ACC00004602,5946,Salary,Active,2023-11-06,0.0,2.95
4603,ACC00004603,406,Fixed Deposit,Dormant,2023-11-13,0.0,7.65
4604,ACC00004604,2733,Savings,Dormant,2023-12-06,0.0,2.84
4605,ACC00004605,5423,Savings,Active,2020-11-21,0.0,4.86
4606,ACC00004606,6498,Current,Active,2018-12-03,1310400.0,4.41
4607,ACC00004607,1437,Savings,Active,2020-09-11,0.0,3.26
4608,ACC00004608,5161,Salary,Active,2023-07-26,0.0,3.96
4609,ACC00004609,274,Savings,Active,2018-12-29,0.0,3.87
4610,ACC00004610,8288,Savings,Dormant,2024-06-28,0.0,2.52
4611,ACC00004611,4873,Current,Active,2022-11-06,715000.0,4.43
4612,ACC00004612,8116,Salary,Closed,2024-12-01,0.0,4.66
4613,ACC00004613,4763,Savings,Active,2022-12-30,0.0,4.84
4614,ACC00004614,1818,Savings,Active,2022-02-24,0.0,2.68
4615,ACC00004615,3321,Savings,Active,2023-09-28,0.0,4.04
4616,ACC00004616,2500,Current,Blocked,2022-09-12,1184200.0,4.69
4617,ACC00004617,2228,Loan,Active,2019-07-27,1061600.0,7.52
4618,ACC00004618,5738,Savings,Active,2025-09-16,0.0,2.77
4619,ACC00004619,362,Fixed Deposit,Closed,2022-10-27,0.0,5.81
4620,ACC00004620,2384,Savings,Active,2022-09-10,0.0,4.43
4621,ACC00004621,7571,Savings,Active,2018-02-19,0.0,3.25
4622,ACC00004622,8602,Savings,Active,2023-01-24,0.0,4.77
4623,ACC00004623,5435,Salary,Closed,2025-08-12,0.0,2.61
4624,ACC00004624,3588,Savings,Active,2023-10-24,0.0,3.77
4625,ACC00004625,3902,Salary,Active,2022-09-08,0.0,4.67
4626,ACC00004626,2268,Savings,Active,2021-02-27,0.0,4.96
4627,ACC00004627,5096,Savings,Active,2018-07-24,0.0,3.13
4628,ACC00004628,5817,Savings,Active,2024-11-15,0.0,4.67
4629,ACC00004629,497,Salary,Dormant,2020-12-01,0.0,2.79
4630,ACC00004630,6332,Savings,Active,2025-09-25,0.0,3.21
4631,ACC00004631,9580,Savings,Dormant,2020-09-30,0.0,4.37
4632,ACC00004632,4709,Savings,Active,2022-04-04,0.0,4.47
4633,ACC00004633,9371,Savings,Active,2024-01-23,0.0,4.8
4634,ACC00004634,2358,Current,Active,2023-06-15,687300.0,2.9
4635,ACC00004635,4695,Current,Active,2022-09-22,1621400.0,4.96
4636,ACC00004636,6122,Salary,Active,2021-11-02,0.0,3.96
4637,ACC00004637,7329,Loan,Active,2024-10-03,1573100.0,11.04
4638,ACC00004638,2234,Savings,Dormant,2020-10-04,0.0,3.86
4639,ACC00004639,9254,Savings,Active,2024-02-06,0.0,4.69
4640,ACC00004640,8944,Current,Active,2020-04-29,1715800.0,3.27
4641,ACC00004641,9760,Loan,Active,2024-12-30,369400.0,10.55
4642,ACC00004642,7227,Salary,Active,2022-01-04,0.0,2.74
4643,ACC00004643,908,Savings,Dormant,2021-11-25,0.0,3.16
4644,ACC00004644,2660,Savings,Active,2024-04-05,0.0,3.95
4645,ACC00004645,2927,Salary,Active,2019-07-26,0.0,4.24
4646,ACC00004646,8095,Current,Active,2023-02-07,1959100.0,4.16
4647,ACC00004647,4749,Salary,Active,2024-05-11,0.0,2.99
4648,ACC00004648,8539,Savings,Blocked,2022-12-09,0.0,2.77
4649,ACC00004649,6903,Savings,Active,2018-11-02,0.0,4.91
4650,ACC00004650,5189,Salary,Active,2024-12-14,0.0,2.95
4651,ACC00004651,8682,Savings,Dormant,2024-11-23,0.0,4.29
4652,ACC00004652,1514,Savings,Dormant,2024-08-19,0.0,2.99
4653,ACC00004653,8768,Savings,Active,2025-06-17,0.0,3.08
4654,ACC00004654,9370,Savings,Closed,2024-11-08,0.0,2.78
4655,ACC00004655,7891,Loan,Active,2024-02-17,494900.0,10.49
4656,ACC00004656,502,Savings,Active,2019-07-31,0.0,4.76
4657,ACC00004657,8087,Savings,Active,2023-03-31,0.0,2.85
4658,ACC00004658,4332,Current,Active,2022-08-30,778200.0,4.2
4659,ACC00004659,6338,Savings,Active,2025-03-03,0.0,4.03
4660,ACC00004660,2307,Fixed Deposit,Active,2022-02-23,0.0,7.21
4661,ACC00004661,484,Fixed Deposit,Active,2025-11-29,0.0,5.73
4662,ACC00004662,5269,Savings,Active,2018-01-03,0.0,3.83
4663,ACC00004663,430,Salary,Active,2023-02-24,0.0,3.61
4664,ACC00004664,1191,Salary,Active,2018-04-07,0.0,3.4
4665,ACC00004665,846,Savings,Blocked,2023-11-20,0.0,3.55
4666,ACC00004666,4909,Savings,Active,2025-06-07,0.0,4.0
4667,ACC00004667,5734,Savings,Active,2025-09-24,0.0,2.51
4668,ACC00004668,8254,Savings,Active,2025-03-08,0.0,4.31
4669,ACC00004669,6653,Salary,Active,2020-07-07,0.0,3.16
4670,ACC00004670,2833,Savings,Active,2025-02-12,0.0,4.81
4671,ACC00004671,8360,Salary,Active,2021-03-23,0.0,4.78
4672,ACC00004672,8423,Savings,Closed,2021-08-25,0.0,2.68
4673,ACC00004673,6766,Current,Active,2019-12-04,189900.0,3.58
4674,ACC00004674,9251,Savings,Active,2024-11-07,0.0,3.61
4675,ACC00004675,8914,Salary,Active,2018-08-31,0.0,3.76
4676,ACC00004676,6841,Savings,Active,2025-08-06,0.0,2.7
4677,ACC00004677,4309,Savings,Dormant,2018-06-29,0.0,3.8
4678,ACC00004678,6655,Savings,Active,2025-04-18,0.0,3.8
4679,ACC00004679,5999,Savings,Dormant,2023-09-16,0.0,4.52
4680,ACC00004680,2227,Loan,Active,2021-02-27,1250300.0,8.36
4681,ACC00004681,9934,Savings,Active,2021-05-22,0.0,2.74
4682,ACC00004682,1049,Savings,Active,2021-05-17,0.0,3.81
4683,ACC00004683,768,Savings,Active,2018-01-05,0.0,3.09
4684,ACC00004684,2199,Savings,Active,2025-04-03,0.0,3.33
4685,ACC00004685,9297,Savings,Active,2023-02-04,0.0,4.11
4686,ACC00004686,4923,Current,Active,2024-04-04,195100.0,2.83
4687,ACC00004687,3564,Savings,Closed,2018-06-29,0.0,4.72
4688,ACC00004688,5008,Current,Active,2024-03-27,1981700.0,4.82
4689,ACC00004689,9695,Salary,Active,2025-05-20,0.0,3.12
4690,ACC00004690,307,Current,Active,2019-06-10,1424100.0,3.17
4691,ACC00004691,2669,Fixed Deposit,Active,2023-11-14,0.0,8.41
4692,ACC00004692,8631,Savings,Active,2024-10-18,0.0,3.52
4693,ACC00004693,2426,Fixed Deposit,Active,2020-09-28,0.0,7.17
4694,ACC00004694,3057,Savings,Active,2023-06-04,0.0,2.76
4695,ACC00004695,5054,Savings,Active,2020-09-30,0.0,3.11
4696,ACC00004696,8130,Savings,Active,2022-04-27,0.0,3.21
4697,ACC00004697,8473,Current,Active,2023-05-11,238200.0,4.91
4698,ACC00004698,1210,Savings,Active,2023-03-20,0.0,2.57
4699,ACC00004699,6208,Current,Active,2019-01-23,456800.0,4.28
4700,ACC00004700,2802,Savings,Active,2022-07-17,0.0,5.0
4701,ACC00004701,4915,Current,Dormant,2019-04-03,1769500.0,3.95
4702,ACC00004702,3391,Salary,Dormant,2024-06-12,0.0,3.7
4703,ACC00004703,4760,Loan,Closed,2024-10-19,1165200.0,10.27
4704,ACC00004704,8736,Savings,Active,2020-10-17,0.0,3.79
4705,ACC00004705,5794,Savings,Closed,2025-01-31,0.0,3.03
4706,ACC00004706,4061,Fixed Deposit,Active,2019-12-21,0.0,5.58
4707,ACC00004707,9268,Current,Active,2022-08-04,1564500.0,3.24
4708,ACC00004708,6399,Salary,Dormant,2019-07-18,0.0,4.71
4709,ACC00004709,6182,Fixed Deposit,Active,2018-05-27,0.0,5.87
4710,ACC00004710,7950,Salary,Active,2023-09-23,0.0,2.51
4711,ACC00004711,4981,Loan,Active,2019-10-28,120600.0,10.64
4712,ACC00004712,2248,Salary,Active,2022-11-03,0.0,2.57
4713,ACC00004713,264,Savings,Active,2024-09-18,0.0,4.01
4714,ACC00004714,746,Fixed Deposit,Active,2021-01-14,0.0,6.35
4715,ACC00004715,5067,Savings,Dormant,2020-07-24,0.0,4.5
4716,ACC00004716,6315,Savings,Active,2021-07-18,0.0,3.87
4717,ACC00004717,499,Savings,Active,2018-03-13,0.0,2.92
4718,ACC00004718,7991,Savings,Active,2022-03-25,0.0,3.65
4719,ACC00004719,8653,Savings,Active,2024-06-17,0.0,4.67
4720,ACC00004720,2459,Savings,Active,2024-06-19,0.0,3.72
4721,ACC00004721,3932,Salary,Active,2024-02-05,0.0,3.46
4722,ACC00004722,4675,Savings,Active,2019-12-12,0.0,4.95
4723,ACC00004723,1168,Loan,Dormant,2025-10-09,1984100.0,10.39
4724,ACC00004724,6585,Savings,Active,2025-03-05,0.0,3.28
4725,ACC00004725,2110,Current,Active,2021-06-26,985900.0,3.85
4726,ACC00004726,5865,Current,Active,2024-08-31,917500.0,4.35
4727,ACC00004727,8917,Savings,Active,2020-02-07,0.0,4.65
4728,ACC00004728,1170,Current,Active,2025-02-21,185300.0,4.51
4729,ACC00004729,4754,Current,Active,2022-05-03,657400.0,2.87
4730,ACC00004730,4878,Salary,Active,2021-04-04,0.0,3.89
4731,ACC00004731,2545,Fixed Deposit,Active,2024-03-27,0.0,6.72
4732,ACC00004732,5702,Savings,Active,2019-12-01,0.0,2.74
4733,ACC00004733,3074,Fixed Deposit,Active,2025-03-27,0.0,6.63
4734,ACC00004734,3834,Savings,Active,2025-10-15,0.0,2.56
4735,ACC00004735,451,Savings,Dormant,2022-06-05,0.0,4.05
4736,ACC00004736,1274,Loan,Active,2021-03-09,119100.0,11.17
4737,ACC00004737,1469,Salary,Active,2023-02-11,0.0,3.23
4738,ACC00004738,1704,Salary,Active,2018-07-25,0.0,2.57
4739,ACC00004739,8094,Current,Active,2022-06-30,1692100.0,4.12
4740,ACC00004740,1033,Fixed Deposit,Active,2021-02-07,0.0,7.37
4741,ACC00004741,854,Salary,Closed,2025-10-04,0.0,4.79
4742,ACC00004742,7469,Savings,Active,2022-01-12,0.0,4.61
4743,ACC00004743,4650,Current,Active,2022-05-09,265900.0,2.9
4744,ACC00004744,4220,Current,Active,2019-08-18,771700.0,4.02
4745,ACC00004745,693,Savings,Active,2020-04-08,0.0,3.99
4746,ACC00004746,7838,Salary,Active,2020-09-12,0.0,3.35
4747,ACC00004747,1326,Fixed Deposit,Active,2022-02-04,0.0,7.19
4748,ACC00004748,6491,Loan,Active,2025-07-06,205400.0,11.51
4749,ACC00004749,6095,Savings,Active,2021-09-09,0.0,3.81
4750,ACC00004750,9276,Salary,Active,2022-08-20,0.0,4.0
4751,ACC00004751,3705,Current,Active,2018-08-14,784800.0,2.8
4752,ACC00004752,2615,Savings,Active,2023-12-08,0.0,3.91
4753,ACC00004753,3382,Savings,Active,2024-10-24,0.0,4.88
4754,ACC00004754,7070,Fixed Deposit,Active,2022-01-27,0.0,7.92
4755,ACC00004755,1871,Fixed Deposit,Active,2018-03-10,0.0,6.88
4756,ACC00004756,2303,Fixed Deposit,Active,2022-01-28,0.0,6.37
4757,ACC00004757,4154,Savings,Active,2021-03-13,0.0,4.69
4758,ACC00004758,6969,Loan,Active,2019-12-01,841500.0,11.69
4759,ACC00004759,2155,Current,Active,2018-08-01,1682900.0,2.75
4760,ACC00004760,4701,Current,Active,2024-04-21,95700.0,2.6
4761,ACC00004761,3023,Salary,Active,2018-07-16,0.0,4.87
4762,ACC00004762,5940,Savings,Active,2018-01-30,0.0,3.07
4763,ACC00004763,7475,Savings,Active,2024-07-21,0.0,3.14
4764,ACC00004764,5725,Loan,Active,2022-12-21,1313200.0,13.26
4765,ACC00004765,6670,Savings,Active,2024-03-25,0.0,4.95
4766,ACC00004766,7576,Savings,Active,2024-12-05,0.0,4.37
4767,ACC00004767,934,Savings,Active,2020-02-28,0.0,4.19
4768,ACC00004768,9474,Current,Dormant,2024-03-17,395300.0,4.59
4769,ACC00004769,4387,Fixed Deposit,Active,2025-12-07,0.0,5.62
4770,ACC00004770,732,Fixed Deposit,Active,2022-05-20,0.0,7.5
4771,ACC00004771,3752,Savings,Active,2021-02-18,0.0,3.13
4772,ACC00004772,2202,Savings,Active,2018-04-29,0.0,4.29
4773,ACC00004773,1167,Savings,Active,2021-12-18,0.0,4.81
4774,ACC00004774,6507,Fixed Deposit,Active,2024-01-29,0.0,5.6
4775,ACC00004775,6871,Savings,Active,2025-03-22,0.0,2.51
4776,ACC00004776,3829,Fixed Deposit,Active,2022-10-06,0.0,7.98
4777,ACC00004777,3580,Savings,Active,2019-09-06,0.0,3.08
4778,ACC00004778,4506,Savings,Active,2020-09-03,0.0,2.92
4779,ACC00004779,800,Savings,Active,2022-09-09,0.0,3.14
4780,ACC00004780,3423,Savings,Active,2024-08-06,0.0,2.61
4781,ACC00004781,6762,Salary,Active,2018-12-15,0.0,4.63
4782,ACC00004782,8140,Current,Active,2020-07-05,546000.0,4.08
4783,ACC00004783,6896,Fixed Deposit,Active,2019-03-07,0.0,8.05
4784,ACC00004784,5439,Fixed Deposit,Active,2020-05-26,0.0,7.88
4785,ACC00004785,4957,Savings,Active,2019-01-21,0.0,2.53
4786,ACC00004786,387,Fixed Deposit,Active,2020-11-04,0.0,6.22
4787,ACC00004787,8957,Savings,Closed,2022-01-23,0.0,3.11
4788,ACC00004788,3984,Savings,Blocked,2021-05-26,0.0,4.81
4789,ACC00004789,3391,Current,Active,2024-10-24,1564600.0,4.38
4790,ACC00004790,2826,Savings,Active,2025-11-24,0.0,4.38
4791,ACC00004791,5134,Savings,Active,2021-06-01,0.0,3.57
4792,ACC00004792,8371,Savings,Active,2022-08-02,0.0,4.72
4793,ACC00004793,1637,Savings,Active,2022-12-31,0.0,3.48
4794,ACC00004794,6257,Loan,Active,2018-01-17,1567700.0,12.37
4795,ACC00004795,3166,Savings,Active,2024-02-18,0.0,4.03
4796,ACC00004796,7399,Current,Active,2022-01-06,1461400.0,4.16
4797,ACC00004797,9668,Current,Active,2023-06-22,326200.0,3.38
4798,ACC00004798,1519,Current,Active,2025-05-25,913900.0,3.53
4799,ACC00004799,9022,Savings,Active,2021-02-15,0.0,3.15
4800,ACC00004800,9592,Savings,Active,2021-11-26,0.0,3.65
4801,ACC00004801,2366,Savings,Active,2019-04-26,0.0,2.53
4802,ACC00004802,8983,Current,Blocked,2024-05-29,1976600.0,4.74
4803,ACC00004803,5666,Current,Active,2022-08-20,321900.0,4.96
4804,ACC00004804,8907,Salary,Dormant,2024-09-28,0.0,2.97
4805,ACC00004805,9495,Savings,Active,2023-10-31,0.0,3.39
4806,ACC00004806,7662,Salary,Active,2020-12-11,0.0,2.9
4807,ACC00004807,1459,Fixed Deposit,Closed,2023-01-25,0.0,6.04
4808,ACC00004808,1130,Fixed Deposit,Active,2019-11-29,0.0,7.46
4809,ACC00004809,4776,Current,Active,2021-09-15,1574100.0,4.41
4810,ACC00004810,4983,Salary,Active,2022-02-12,0.0,3.81
4811,ACC00004811,9416,Fixed Deposit,Closed,2019-10-19,0.0,7.8
4812,ACC00004812,5513,Savings,Active,2020-06-15,0.0,3.78
4813,ACC00004813,2062,Loan,Active,2024-06-30,200500.0,12.66
4814,ACC00004814,3823,Current,Active,2018-08-09,192500.0,2.6
4815,ACC00004815,9968,Savings,Dormant,2020-06-09,0.0,3.83
4816,ACC00004816,4922,Current,Active,2021-04-11,1412600.0,4.64
4817,ACC00004817,2806,Salary,Dormant,2022-06-26,0.0,4.97
4818,ACC00004818,4067,Fixed Deposit,Dormant,2024-01-15,0.0,7.54
4819,ACC00004819,1826,Savings,Closed,2024-03-30,0.0,3.66
4820,ACC00004820,5768,Savings,Active,2025-03-16,0.0,3.5
4821,ACC00004821,7703,Fixed Deposit,Active,2018-05-11,0.0,6.08
4822,ACC00004822,8608,Fixed Deposit,Active,2025-04-10,0.0,6.79
4823,ACC00004823,3878,Salary,Active,2025-09-20,0.0,4.27
4824,ACC00004824,2428,Salary,Closed,2025-04-07,0.0,4.81
4825,ACC00004825,6379,Savings,Active,2022-06-19,0.0,2.8
4826,ACC00004826,3950,Loan,Active,2021-11-23,501700.0,13.27
4827,ACC00004827,3995,Fixed Deposit,Active,2018-12-24,0.0,7.37
4828,ACC00004828,7860,Fixed Deposit,Active,2021-09-11,0.0,8.04
4829,ACC00004829,5277,Savings,Active,2018-02-04,0.0,2.88
4830,ACC00004830,3725,Loan,Active,2019-06-23,1680000.0,10.2
4831,ACC00004831,2421,Savings,Active,2020-04-24,0.0,3.25
4832,ACC00004832,6373,Salary,Active,2025-06-21,0.0,3.73
4833,ACC00004833,8613,Fixed Deposit,Active,2022-08-13,0.0,6.12
4834,ACC00004834,8621,Savings,Active,2024-01-25,0.0,4.65
4835,ACC00004835,9320,Savings,Active,2020-06-11,0.0,2.58
4836,ACC00004836,4002,Savings,Active,2021-10-04,0.0,2.99
4837,ACC00004837,5282,Salary,Active,2020-04-05,0.0,3.63
4838,ACC00004838,2422,Savings,Active,2019-03-18,0.0,2.62
4839,ACC00004839,2715,Savings,Active,2021-12-21,0.0,3.18
4840,ACC00004840,80,Savings,Closed,2019-03-05,0.0,3.36
4841,ACC00004841,9898,Loan,Active,2018-05-20,964900.0,10.13
4842,ACC00004842,794,Savings,Active,2022-09-29,0.0,4.94
4843,ACC00004843,5437,Savings,Active,2023-10-08,0.0,2.92
4844,ACC00004844,4514,Loan,Active,2023-01-16,834600.0,11.48
4845,ACC00004845,4555,Current,Active,2021-10-01,973600.0,2.81
4846,ACC00004846,487,Savings,Active,2024-04-25,0.0,3.9
4847,ACC00004847,2713,Current,Active,2023-10-13,1036900.0,4.0
4848,ACC00004848,7833,Loan,Active,2023-02-06,248000.0,10.77
4849,ACC00004849,4801,Salary,Dormant,2025-09-22,0.0,4.95
4850,ACC00004850,4050,Savings,Active,2019-11-26,0.0,3.51
4851,ACC00004851,8425,Savings,Active,2024-02-20,0.0,3.28
4852,ACC00004852,9509,Current,Active,2022-09-18,74400.0,3.75
4853,ACC00004853,7437,Salary,Active,2022-05-10,0.0,4.93
4854,ACC00004854,5714,Salary,Active,2019-12-20,0.0,2.56
4855,ACC00004855,9804,Savings,Active,2022-06-20,0.0,2.54
4856,ACC00004856,1098,Salary,Active,2025-05-13,0.0,2.95
4857,ACC00004857,6555,Loan,Active,2020-03-09,108300.0,8.39
4858,ACC00004858,5654,Savings,Closed,2018-06-20,0.0,2.7
4859,ACC00004859,9835,Fixed Deposit,Active,2024-06-26,0.0,7.88
4860,ACC00004860,9921,Current,Active,2019-08-10,1659100.0,4.35
4861,ACC00004861,7154,Savings,Active,2019-08-17,0.0,4.6
4862,ACC00004862,2603,Fixed Deposit,Active,2025-04-16,0.0,7.64
4863,ACC00004863,3755,Savings,Active,2024-06-26,0.0,2.86
4864,ACC00004864,8971,Savings,Dormant,2018-10-08,0.0,2.54
4865,ACC00004865,6782,Current,Active,2024-05-31,391500.0,3.52
4866,ACC00004866,2902,Current,Closed,2024-01-26,154000.0,3.69
4867,ACC00004867,7261,Savings,Dormant,2019-01-02,0.0,4.94
4868,ACC00004868,3106,Savings,Active,2023-11-13,0.0,4.38
4869,ACC00004869,2026,Salary,Active,2024-08-19,0.0,3.0
4870,ACC00004870,1603,Savings,Active,2021-04-16,0.0,4.32
4871,ACC00004871,6367,Current,Dormant,2020-12-16,1543000.0,2.98
4872,ACC00004872,761,Savings,Active,2025-05-09,0.0,2.9
4873,ACC00004873,4045,Current,Active,2021-11-27,1007200.0,4.59
4874,ACC00004874,4922,Savings,Active,2020-03-26,0.0,3.64
4875,ACC00004875,2827,Current,Active,2023-05-09,970600.0,3.61
4876,ACC00004876,2670,Salary,Active,2023-01-25,0.0,3.11
4877,ACC00004877,7013,Savings,Active,2025-06-16,0.0,3.87
4878,ACC00004878,3942,Savings,Closed,2019-10-10,0.0,3.37
4879,ACC00004879,9679,Salary,Active,2023-05-09,0.0,3.95
4880,ACC00004880,9206,Salary,Active,2022-10-06,0.0,3.2
4881,ACC00004881,4126,Savings,Active,2020-10-29,0.0,2.69
4882,ACC00004882,4093,Fixed Deposit,Active,2019-04-12,0.0,6.08
4883,ACC00004883,5215,Salary,Active,2023-11-11,0.0,4.23
4884,ACC00004884,8553,Loan,Active,2018-05-14,1165100.0,8.69
4885,ACC00004885,4037,Current,Active,2022-04-09,216300.0,3.3
4886,ACC00004886,403,Savings,Active,2022-07-22,0.0,2.62
4887,ACC00004887,9777,Loan,Active,2025-04-20,54400.0,7.72
4888,ACC00004888,9442,Savings,Active,2021-02-08,0.0,2.86
4889,ACC00004889,8305,Salary,Active,2024-06-21,0.0,4.14
4890,ACC00004890,6394,Fixed Deposit,Active,2024-12-02,0.0,5.78
4891,ACC00004891,4030,Current,Active,2022-01-19,1035200.0,4.39
4892,ACC00004892,5565,Savings,Dormant,2024-08-25,0.0,3.73
4893,ACC00004893,3993,Savings,Active,2022-06-01,0.0,3.66
4894,ACC00004894,4558,Loan,Active,2021-03-28,1128500.0,7.67
4895,ACC00004895,2590,Loan,Active,2018-06-05,1962800.0,11.75
4896,ACC00004896,4167,Current,Active,2024-10-31,810500.0,3.09
4897,ACC00004897,1274,Savings,Active,2025-03-21,0.0,3.53
4898,ACC00004898,1218,Savings,Active,2024-12-14,0.0,2.72
4899,ACC00004899,1315,Current,Active,2019-06-20,1561600.0,4.26
4900,ACC00004900,5678,Fixed Deposit,Active,2022-04-25,0.0,7.49
4901,ACC00004901,9980,Fixed Deposit,Dormant,2020-10-02,0.0,7.1
4902,ACC00004902,5566,Savings,Active,2020-08-13,0.0,3.72
4903,ACC00004903,5152,Current,Active,2021-09-26,1270000.0,3.37
4904,ACC00004904,401,Fixed Deposit,Active,2019-07-20,0.0,7.89
4905,ACC00004905,5619,Fixed Deposit,Active,2019-08-23,0.0,5.8
4906,ACC00004906,4019,Loan,Active,2022-01-05,297800.0,11.81
4907,ACC00004907,8789,Savings,Dormant,2025-03-23,0.0,3.92
4908,ACC00004908,9011,Savings,Active,2020-10-25,0.0,4.64
4909,ACC00004909,5473,Loan,Dormant,2020-11-28,1017100.0,10.46
4910,ACC00004910,5305,Savings,Closed,2022-07-03,0.0,3.5
4911,ACC00004911,4608,Savings,Active,2019-08-11,0.0,3.02
4912,ACC00004912,5345,Savings,Active,2019-01-20,0.0,2.55
4913,ACC00004913,983,Current,Active,2024-08-24,796300.0,4.17
4914,ACC00004914,6791,Current,Active,2019-10-22,648100.0,2.8
4915,ACC00004915,6536,Fixed Deposit,Blocked,2022-01-16,0.0,6.23
4916,ACC00004916,570,Savings,Active,2023-11-10,0.0,4.25
4917,ACC00004917,7920,Savings,Active,2022-02-08,0.0,3.9
4918,ACC00004918,2646,Fixed Deposit,Active,2023-11-08,0.0,7.55
4919,ACC00004919,5147,Salary,Closed,2020-11-07,0.0,3.53
4920,ACC00004920,7402,Savings,Active,2019-06-19,0.0,3.97
4921,ACC00004921,2157,Current,Active,2024-09-15,266100.0,4.33
4922,ACC00004922,3492,Current,Active,2023-06-03,479400.0,3.72
4923,ACC00004923,6163,Fixed Deposit,Active,2022-04-28,0.0,6.39
4924,ACC00004924,4221,Current,Active,2019-04-01,1480200.0,3.65
4925,ACC00004925,7608,Fixed Deposit,Active,2020-04-07,0.0,7.44
4926,ACC00004926,3654,Current,Active,2024-09-21,1064200.0,3.16
4927,ACC00004927,6480,Loan,Active,2018-02-19,1145500.0,7.82
4928,ACC00004928,4632,Fixed Deposit,Active,2025-03-28,0.0,7.61
4929,ACC00004929,4862,Current,Active,2023-07-09,466800.0,3.9
4930,ACC00004930,5272,Fixed Deposit,Active,2023-09-16,0.0,8.41
4931,ACC00004931,7847,Savings,Active,2019-11-28,0.0,4.73
4932,ACC00004932,8877,Loan,Dormant,2019-02-09,1309300.0,9.04
4933,ACC00004933,8803,Savings,Active,2021-11-23,0.0,4.11
4934,ACC00004934,9458,Savings,Active,2021-09-30,0.0,2.86
4935,ACC00004935,1187,Fixed Deposit,Active,2020-08-24,0.0,7.41
4936,ACC00004936,2196,Salary,Closed,2020-07-16,0.0,4.21
4937,ACC00004937,9508,Salary,Active,2018-04-25,0.0,4.63
4938,ACC00004938,4043,Salary,Active,2020-12-06,0.0,4.06
4939,ACC00004939,3731,Salary,Active,2019-03-02,0.0,2.57
4940,ACC00004940,6824,Fixed Deposit,Active,2020-09-29,0.0,6.47
4941,ACC00004941,345,Salary,Closed,2018-04-01,0.0,2.72
4942,ACC00004942,1394,Current,Active,2025-01-08,1979700.0,3.75
4943,ACC00004943,22,Salary,Dormant,2024-11-21,0.0,2.61
4944,ACC00004944,9409,Current,Active,2019-04-16,1474600.0,4.53
4945,ACC00004945,8148,Current,Dormant,2021-01-30,1857900.0,3.13
4946,ACC00004946,7161,Savings,Active,2022-12-22,0.0,2.78
4947,ACC00004947,1791,Fixed Deposit,Active,2024-01-30,0.0,7.12
4948,ACC00004948,8177,Savings,Active,2020-03-24,0.0,3.01
4949,ACC00004949,4835,Savings,Active,2020-04-30,0.0,3.8
4950,ACC00004950,9880,Savings,Active,2022-09-25,0.0,3.5
4951,ACC00004951,3367,Salary,Active,2018-11-16,0.0,3.07
4952,ACC00004952,2135,Savings,Active,2022-01-11,0.0,3.09
4953,ACC00004953,3247,Fixed Deposit,Active,2020-03-12,0.0,7.91
4954,ACC00004954,713,Salary,Active,2021-05-04,0.0,3.63
4955,ACC00004955,6763,Fixed Deposit,Active,2025-07-01,0.0,8.04
4956,ACC00004956,7631,Savings,Closed,2022-04-02,0.0,2.87
4957,ACC00004957,5680,Savings,Closed,2018-11-29,0.0,3.39
4958,ACC00004958,7149,Savings,Dormant,2018-11-19,0.0,4.76
4959,ACC00004959,5609,Salary,Active,2020-12-16,0.0,3.74
4960,ACC00004960,6126,Savings,Active,2018-03-10,0.0,2.86
4961,ACC00004961,8598,Current,Active,2019-06-06,1215700.0,2.68
4962,ACC00004962,7609,Fixed Deposit,Active,2018-05-04,0.0,8.33
4963,ACC00004963,6994,Savings,Dormant,2021-07-11,0.0,3.31
4964,ACC00004964,7586,Savings,Active,2023-06-07,0.0,4.23
4965,ACC00004965,3607,Fixed Deposit,Active,2024-05-08,0.0,8.03
4966,ACC00004966,3082,Salary,Active,2020-04-19,0.0,3.75
4967,ACC00004967,3892,Savings,Active,2022-01-18,0.0,3.18
4968,ACC00004968,4408,Savings,Active,2019-10-06,0.0,4.23
4969,ACC00004969,8087,Savings,Active,2019-12-29,0.0,4.36
4970,ACC00004970,8330,Fixed Deposit,Dormant,2021-11-28,0.0,7.46
4971,ACC00004971,7197,Savings,Active,2018-01-30,0.0,4.33
4972,ACC00004972,1065,Salary,Active,2020-07-16,0.0,2.63
4973,ACC00004973,5932,Loan,Active,2019-04-24,1535500.0,9.08
4974,ACC00004974,5149,Savings,Active,2018-02-18,0.0,3.09
4975,ACC00004975,2676,Savings,Active,2025-04-02,0.0,2.93
4976,ACC00004976,4146,Savings,Active,2022-06-22,0.0,2.9
4977,ACC00004977,4593,Savings,Active,2025-07-10,0.0,2.52
4978,ACC00004978,9236,Fixed Deposit,Active,2022-02-27,0.0,6.7
4979,ACC00004979,4799,Savings,Active,2020-02-05,0.0,4.43
4980,ACC00004980,4104,Fixed Deposit,Active,2020-08-20,0.0,7.47
4981,ACC00004981,1753,Loan,Active,2024-11-21,514000.0,14.27
4982,ACC00004982,1124,Savings,Dormant,2022-12-28,0.0,3.56
4983,ACC00004983,1324,Current,Active,2022-05-03,1458700.0,2.61
4984,ACC00004984,4880,Loan,Active,2023-05-22,1642200.0,14.49
4985,ACC00004985,1093,Savings,Closed,2025-02-02,0.0,2.54
4986,ACC00004986,3453,Salary,Dormant,2021-09-21,0.0,3.67
4987,ACC00004987,6797,Savings,Closed,2024-04-22,0.0,2.99
4988,ACC00004988,5960,Savings,Active,2018-04-02,0.0,3.81
4989,ACC00004989,2433,Current,Blocked,2025-01-20,1105000.0,4.95
4990,ACC00004990,6676,Current,Active,2021-01-10,1412500.0,3.03
4991,ACC00004991,8857,Fixed Deposit,Active,2023-05-20,0.0,6.16
4992,ACC00004992,1397,Savings,Active,2023-09-17,0.0,3.31
4993,ACC00004993,8024,Savings,Active,2024-06-21,0.0,2.63
4994,ACC00004994,1465,Savings,Active,2020-01-14,0.0,2.91
4995,ACC00004995,8117,Current,Active,2023-10-05,1197600.0,2.61
4996,ACC00004996,5212,Current,Active,2019-10-30,883000.0,4.19
4997,ACC00004997,6718,Fixed Deposit,Active,2024-08-11,0.0,8.29
4998,ACC00004998,7732,Savings,Active,2025-05-18,0.0,3.79
4999,ACC00004999,7879,Fixed Deposit,Dormant,2020-08-03,0.0,6.09
5000,ACC00005000,3834,Savings,Active,2019-05-05,0.0,2.89
5001,ACC00005001,6411,Current,Active,2021-08-15,1916600.0,4.39
5002,ACC00005002,533,Savings,Blocked,2020-11-24,0.0,3.54
5003,ACC00005003,4293,Current,Closed,2022-07-03,143400.0,4.09
5004,ACC00005004,7725,Savings,Active,2021-10-28,0.0,4.8
5005,ACC00005005,3181,Salary,Active,2021-04-21,0.0,2.7
5006,ACC00005006,3867,Savings,Active,2019-02-05,0.0,4.64
5007,ACC00005007,3746,Current,Active,2023-08-31,516800.0,3.95
5008,ACC00005008,2610,Salary,Active,2024-11-27,0.0,3.52
5009,ACC00005009,7406,Fixed Deposit,Active,2024-03-28,0.0,6.34
5010,ACC00005010,3781,Fixed Deposit,Active,2023-06-29,0.0,8.19
5011,ACC00005011,7604,Fixed Deposit,Active,2024-01-08,0.0,5.62
5012,ACC00005012,6015,Current,Active,2024-02-21,325700.0,3.19
5013,ACC00005013,5091,Savings,Active,2018-01-31,0.0,2.93
5014,ACC00005014,7246,Loan,Active,2020-12-03,166700.0,9.18
5015,ACC00005015,3205,Salary,Active,2023-10-21,0.0,4.86
5016,ACC00005016,396,Current,Active,2021-01-06,1960100.0,3.93
5017,ACC00005017,525,Current,Active,2025-06-07,1974500.0,4.29
5018,ACC00005018,4443,Savings,Active,2021-02-19,0.0,4.47
5019,ACC00005019,836,Savings,Active,2022-05-20,0.0,3.09
5020,ACC00005020,2962,Savings,Active,2025-04-13,0.0,2.81
5021,ACC00005021,9809,Loan,Active,2024-10-27,1646800.0,9.2
5022,ACC00005022,4295,Current,Active,2018-02-11,1528500.0,3.27
5023,ACC00005023,6382,Savings,Active,2018-12-12,0.0,2.79
5024,ACC00005024,1678,Current,Active,2021-02-04,897700.0,3.87
5025,ACC00005025,5641,Savings,Active,2023-09-10,0.0,3.84
5026,ACC00005026,9623,Loan,Dormant,2022-06-15,1635100.0,11.51
5027,ACC00005027,1694,Savings,Active,2021-12-06,0.0,3.26
5028,ACC00005028,261,Salary,Dormant,2023-09-10,0.0,4.96
5029,ACC00005029,6899,Current,Active,2018-11-27,578100.0,3.22
5030,ACC00005030,6874,Savings,Dormant,2021-01-22,0.0,4.32
5031,ACC00005031,6468,Current,Dormant,2023-08-23,1109500.0,4.39
5032,ACC00005032,8795,Current,Active,2019-08-29,545900.0,4.37
5033,ACC00005033,8365,Savings,Active,2018-05-17,0.0,3.39
5034,ACC00005034,358,Current,Active,2020-12-02,1642600.0,4.21
5035,ACC00005035,6139,Fixed Deposit,Active,2019-11-19,0.0,7.63
5036,ACC00005036,3719,Savings,Closed,2020-03-27,0.0,4.66
5037,ACC00005037,2649,Loan,Active,2025-10-25,251700.0,8.77
5038,ACC00005038,5080,Savings,Active,2019-05-27,0.0,2.51
5039,ACC00005039,681,Current,Active,2023-08-23,1956700.0,4.1
5040,ACC00005040,8125,Current,Active,2023-04-05,71200.0,3.05
5041,ACC00005041,9408,Savings,Blocked,2020-12-03,0.0,4.49
5042,ACC00005042,2739,Current,Active,2018-02-22,1516400.0,3.35
5043,ACC00005043,4629,Fixed Deposit,Active,2018-01-10,0.0,8.19
5044,ACC00005044,5227,Savings,Active,2021-05-02,0.0,4.15
5045,ACC00005045,6586,Current,Active,2025-07-25,1912300.0,2.85
5046,ACC00005046,6224,Salary,Active,2024-08-31,0.0,3.25
5047,ACC00005047,8937,Fixed Deposit,Closed,2025-03-16,0.0,8.5
5048,ACC00005048,9135,Fixed Deposit,Dormant,2018-10-30,0.0,8.27
5049,ACC00005049,712,Savings,Active,2018-01-09,0.0,4.27
5050,ACC00005050,6755,Salary,Active,2022-02-26,0.0,3.68
5051,ACC00005051,2926,Salary,Active,2020-03-24,0.0,4.02
5052,ACC00005052,9862,Savings,Active,2018-10-10,0.0,4.56
5053,ACC00005053,9445,Loan,Active,2021-02-21,501500.0,8.04
5054,ACC00005054,7836,Salary,Active,2023-01-17,0.0,3.74
5055,ACC00005055,5802,Loan,Active,2020-09-08,1080500.0,7.84
5056,ACC00005056,7604,Salary,Active,2021-09-04,0.0,4.45
5057,ACC00005057,6854,Savings,Active,2023-06-02,0.0,3.56
5058,ACC00005058,8104,Savings,Active,2020-02-06,0.0,4.7
5059,ACC00005059,8888,Savings,Active,2018-06-15,0.0,3.68
5060,ACC00005060,8398,Savings,Active,2023-05-24,0.0,3.3
5061,ACC00005061,9827,Salary,Active,2020-12-19,0.0,3.15
5062,ACC00005062,9094,Current,Active,2021-05-06,1364000.0,4.03
5063,ACC00005063,4864,Savings,Active,2021-12-12,0.0,2.86
5064,ACC00005064,2209,Fixed Deposit,Active,2022-10-01,0.0,6.72
5065,ACC00005065,5259,Fixed Deposit,Closed,2020-12-11,0.0,7.87
5066,ACC00005066,1947,Fixed Deposit,Active,2023-04-14,0.0,6.87
5067,ACC00005067,926,Savings,Active,2022-05-15,0.0,3.52
5068,ACC00005068,686,Savings,Active,2024-03-23,0.0,3.05
5069,ACC00005069,668,Salary,Active,2021-05-09,0.0,3.81
5070,ACC00005070,2409,Savings,Active,2025-09-05,0.0,2.83
5071,ACC00005071,672,Savings,Active,2019-07-23,0.0,4.04
5072,ACC00005072,1036,Current,Active,2022-07-15,1038800.0,3.53
5073,ACC00005073,6389,Savings,Active,2022-12-23,0.0,4.48
5074,ACC00005074,8444,Savings,Active,2018-05-07,0.0,2.74
5075,ACC00005075,375,Savings,Dormant,2021-04-16,0.0,3.16
5076,ACC00005076,3051,Savings,Active,2024-01-25,0.0,4.48
5077,ACC00005077,9302,Loan,Active,2024-01-14,594500.0,13.84
5078,ACC00005078,1680,Savings,Active,2021-11-22,0.0,4.57
5079,ACC00005079,1791,Fixed Deposit,Active,2019-02-02,0.0,7.39
5080,ACC00005080,583,Savings,Active,2024-10-28,0.0,3.0
5081,ACC00005081,4788,Salary,Active,2025-02-10,0.0,3.33
5082,ACC00005082,4196,Salary,Active,2023-08-18,0.0,4.72
5083,ACC00005083,898,Salary,Active,2019-08-09,0.0,4.33
5084,ACC00005084,7881,Savings,Active,2024-01-14,0.0,3.63
5085,ACC00005085,9452,Salary,Active,2021-12-17,0.0,3.5
5086,ACC00005086,2910,Savings,Closed,2025-01-01,0.0,4.27
5087,ACC00005087,9372,Savings,Active,2022-08-27,0.0,4.49
5088,ACC00005088,2238,Current,Active,2025-07-02,1178100.0,3.56
5089,ACC00005089,9885,Savings,Active,2021-06-23,0.0,4.0
5090,ACC00005090,6911,Savings,Active,2019-11-20,0.0,4.18
5091,ACC00005091,378,Current,Active,2020-02-25,60100.0,3.38
5092,ACC00005092,8729,Salary,Active,2020-11-20,0.0,4.73
5093,ACC00005093,7005,Fixed Deposit,Closed,2025-08-27,0.0,6.77
5094,ACC00005094,4567,Savings,Active,2018-03-01,0.0,2.96
5095,ACC00005095,4810,Loan,Active,2020-06-28,1700200.0,10.27
5096,ACC00005096,5161,Salary,Active,2018-10-28,0.0,4.78
5097,ACC00005097,8951,Savings,Active,2022-08-31,0.0,3.76
5098,ACC00005098,2677,Savings,Active,2022-03-11,0.0,3.32
5099,ACC00005099,481,Savings,Active,2018-03-29,0.0,2.85
5100,ACC00005100,1470,Salary,Blocked,2024-02-16,0.0,2.72
5101,ACC00005101,7804,Savings,Active,2025-08-12,0.0,3.94
5102,ACC00005102,8553,Savings,Active,2020-04-16,0.0,3.83
5103,ACC00005103,9861,Current,Dormant,2022-02-11,672200.0,4.09
5104,ACC00005104,4164,Current,Blocked,2023-10-20,612900.0,2.82
5105,ACC00005105,8613,Loan,Active,2023-07-27,1574200.0,13.59
5106,ACC00005106,126,Savings,Active,2024-08-11,0.0,2.84
5107,ACC00005107,7492,Current,Active,2022-10-16,1787400.0,3.41
5108,ACC00005108,2777,Savings,Active,2019-04-10,0.0,3.4
5109,ACC00005109,4878,Salary,Active,2020-06-13,0.0,4.8
5110,ACC00005110,4571,Savings,Dormant,2025-05-12,0.0,3.32
5111,ACC00005111,3263,Salary,Dormant,2020-07-16,0.0,3.45
5112,ACC00005112,2504,Savings,Active,2025-07-17,0.0,3.57
5113,ACC00005113,480,Current,Active,2018-05-08,1137900.0,3.56
5114,ACC00005114,8437,Savings,Active,2018-08-23,0.0,4.54
5115,ACC00005115,4779,Fixed Deposit,Active,2025-07-05,0.0,7.75
5116,ACC00005116,7639,Current,Active,2023-07-19,504200.0,2.76
5117,ACC00005117,7324,Savings,Active,2019-02-03,0.0,3.36
5118,ACC00005118,7758,Savings,Active,2025-02-11,0.0,3.46
5119,ACC00005119,9418,Savings,Active,2025-01-25,0.0,3.59
5120,ACC00005120,3059,Salary,Active,2023-04-23,0.0,4.59
5121,ACC00005121,8696,Savings,Active,2025-06-30,0.0,4.7
5122,ACC00005122,9306,Loan,Closed,2020-01-02,209000.0,10.4
5123,ACC00005123,1780,Fixed Deposit,Closed,2024-05-10,0.0,7.39
5124,ACC00005124,639,Fixed Deposit,Closed,2025-11-16,0.0,8.23
5125,ACC00005125,2331,Savings,Active,2023-05-19,0.0,2.67
5126,ACC00005126,441,Savings,Dormant,2020-02-18,0.0,4.62
5127,ACC00005127,1692,Savings,Active,2025-06-19,0.0,3.6
5128,ACC00005128,4599,Loan,Active,2019-03-26,1598800.0,12.84
5129,ACC00005129,1836,Current,Active,2025-06-25,819000.0,3.42
5130,ACC00005130,1019,Savings,Active,2023-03-01,0.0,4.43
5131,ACC00005131,1112,Savings,Dormant,2022-06-16,0.0,2.57
5132,ACC00005132,5019,Savings,Active,2025-04-16,0.0,3.08
5133,ACC00005133,4618,Savings,Closed,2021-05-31,0.0,2.62
5134,ACC00005134,4990,Loan,Active,2019-04-03,798200.0,14.01
5135,ACC00005135,3627,Current,Active,2018-08-11,846400.0,3.13
5136,ACC00005136,6537,Savings,Active,2025-06-29,0.0,3.23
5137,ACC00005137,5955,Current,Active,2022-08-06,1565800.0,4.53
5138,ACC00005138,514,Loan,Active,2025-03-08,1121900.0,14.1
5139,ACC00005139,3127,Savings,Active,2021-07-10,0.0,4.9
5140,ACC00005140,9592,Salary,Active,2018-11-09,0.0,4.44
5141,ACC00005141,1986,Savings,Active,2021-02-22,0.0,4.11
5142,ACC00005142,8743,Savings,Active,2025-02-21,0.0,2.65
5143,ACC00005143,1175,Savings,Active,2023-08-31,0.0,4.58
5144,ACC00005144,735,Savings,Dormant,2025-09-28,0.0,3.55
5145,ACC00005145,6642,Savings,Active,2022-03-25,0.0,4.45
5146,ACC00005146,5526,Current,Active,2021-05-11,343600.0,2.8
5147,ACC00005147,5851,Loan,Active,2019-12-19,1177500.0,12.21
5148,ACC00005148,9117,Savings,Active,2020-10-14,0.0,4.62
5149,ACC00005149,2804,Savings,Active,2019-05-19,0.0,3.3
5150,ACC00005150,9356,Savings,Active,2018-06-08,0.0,2.72
5151,ACC00005151,8826,Loan,Active,2025-05-14,1930400.0,9.16
5152,ACC00005152,4248,Savings,Active,2021-06-22,0.0,3.64
5153,ACC00005153,1829,Current,Closed,2022-02-16,751000.0,4.74
5154,ACC00005154,8868,Savings,Dormant,2025-06-28,0.0,3.87
5155,ACC00005155,5135,Fixed Deposit,Active,2018-01-23,0.0,7.37
5156,ACC00005156,1339,Loan,Closed,2024-05-07,1168300.0,14.01
5157,ACC00005157,9966,Salary,Active,2020-03-24,0.0,4.63
5158,ACC00005158,9989,Current,Active,2025-09-10,1237500.0,3.39
5159,ACC00005159,1500,Savings,Active,2019-03-16,0.0,4.15
5160,ACC00005160,7268,Savings,Blocked,2024-07-26,0.0,4.28
5161,ACC00005161,2450,Current,Active,2023-08-24,780500.0,3.61
5162,ACC00005162,9942,Savings,Active,2023-09-27,0.0,4.13
5163,ACC00005163,2693,Salary,Active,2023-01-11,0.0,4.08
5164,ACC00005164,6038,Savings,Active,2024-01-09,0.0,4.24
5165,ACC00005165,85,Savings,Blocked,2020-08-06,0.0,3.4
5166,ACC00005166,3694,Current,Active,2022-04-04,88500.0,3.74
5167,ACC00005167,2263,Salary,Active,2023-04-11,0.0,3.54
5168,ACC00005168,1216,Savings,Active,2022-11-08,0.0,2.54
5169,ACC00005169,1692,Current,Active,2019-07-13,1032000.0,3.68
5170,ACC00005170,4435,Fixed Deposit,Active,2019-10-02,0.0,8.5
5171,ACC00005171,4653,Savings,Active,2024-07-13,0.0,4.92
5172,ACC00005172,2850,Savings,Active,2023-01-16,0.0,3.4
5173,ACC00005173,7919,Savings,Active,2021-11-03,0.0,3.53
5174,ACC00005174,3766,Savings,Active,2023-05-24,0.0,2.8
5175,ACC00005175,7056,Salary,Blocked,2024-11-11,0.0,4.55
5176,ACC00005176,6238,Savings,Active,2024-09-22,0.0,4.81
5177,ACC00005177,2395,Salary,Active,2018-10-22,0.0,3.71
5178,ACC00005178,3476,Savings,Blocked,2018-01-12,0.0,2.75
5179,ACC00005179,4214,Savings,Active,2025-08-31,0.0,2.59
5180,ACC00005180,7840,Current,Active,2023-05-29,58700.0,3.01
5181,ACC00005181,8597,Salary,Active,2024-07-05,0.0,3.53
5182,ACC00005182,4142,Savings,Active,2022-02-14,0.0,3.0
5183,ACC00005183,2549,Savings,Active,2022-10-19,0.0,2.73
5184,ACC00005184,6085,Salary,Active,2020-07-07,0.0,4.26
5185,ACC00005185,9090,Salary,Active,2020-05-14,0.0,3.93
5186,ACC00005186,6614,Loan,Blocked,2024-08-01,390000.0,8.55
5187,ACC00005187,7530,Savings,Active,2021-09-26,0.0,3.79
5188,ACC00005188,3274,Savings,Active,2023-01-25,0.0,4.79
5189,ACC00005189,7092,Savings,Active,2018-08-02,0.0,4.6
5190,ACC00005190,4072,Savings,Active,2019-02-05,0.0,2.91
5191,ACC00005191,1025,Savings,Active,2024-08-21,0.0,2.91
5192,ACC00005192,592,Loan,Active,2025-04-13,154800.0,8.35
5193,ACC00005193,3952,Salary,Active,2023-08-07,0.0,3.87
5194,ACC00005194,4797,Savings,Closed,2025-01-31,0.0,2.7
5195,ACC00005195,5530,Current,Active,2020-03-21,962000.0,3.53
5196,ACC00005196,2025,Savings,Active,2021-02-14,0.0,4.66
5197,ACC00005197,3199,Savings,Active,2023-07-24,0.0,4.41
5198,ACC00005198,2762,Salary,Active,2023-07-24,0.0,4.28
5199,ACC00005199,9592,Savings,Dormant,2019-11-28,0.0,3.25
5200,ACC00005200,21,Savings,Active,2022-01-28,0.0,4.21
5201,ACC00005201,3127,Savings,Blocked,2019-06-10,0.0,4.23
5202,ACC00005202,912,Salary,Active,2019-01-10,0.0,4.27
5203,ACC00005203,9253,Loan,Active,2021-05-31,1122200.0,12.59
5204,ACC00005204,4013,Savings,Active,2025-04-24,0.0,4.36
5205,ACC00005205,9511,Loan,Active,2018-01-16,1050600.0,8.02
5206,ACC00005206,8873,Current,Active,2022-11-19,1357700.0,4.78
5207,ACC00005207,6422,Current,Active,2019-10-27,946600.0,4.85
5208,ACC00005208,8849,Savings,Active,2019-01-05,0.0,3.19
5209,ACC00005209,4506,Loan,Dormant,2021-04-11,1526700.0,9.67
5210,ACC00005210,3173,Fixed Deposit,Blocked,2019-11-21,0.0,5.91
5211,ACC00005211,2854,Savings,Active,2021-05-19,0.0,2.57
5212,ACC00005212,1446,Fixed Deposit,Dormant,2023-12-09,0.0,6.87
5213,ACC00005213,3881,Current,Active,2025-12-09,154100.0,4.31
5214,ACC00005214,1130,Savings,Active,2024-05-25,0.0,3.31
5215,ACC00005215,8945,Salary,Dormant,2021-05-01,0.0,3.65
5216,ACC00005216,1859,Salary,Closed,2020-11-21,0.0,4.92
5217,ACC00005217,5748,Salary,Active,2020-03-07,0.0,4.84
5218,ACC00005218,1609,Fixed Deposit,Active,2020-03-01,0.0,5.51
5219,ACC00005219,3000,Salary,Active,2020-06-26,0.0,4.59
5220,ACC00005220,1427,Loan,Active,2024-12-05,1484900.0,12.29
5221,ACC00005221,8206,Savings,Active,2024-02-01,0.0,2.94
5222,ACC00005222,4584,Current,Active,2019-04-02,142300.0,3.77
5223,ACC00005223,4210,Loan,Active,2020-06-25,546600.0,9.74
5224,ACC00005224,9980,Current,Active,2024-10-05,1962600.0,3.93
5225,ACC00005225,5575,Savings,Active,2024-08-23,0.0,2.9
5226,ACC00005226,7415,Current,Active,2019-12-09,1160000.0,4.91
5227,ACC00005227,4985,Salary,Active,2024-11-19,0.0,4.59
5228,ACC00005228,766,Savings,Active,2018-01-06,0.0,3.93
5229,ACC00005229,7388,Savings,Active,2021-09-28,0.0,2.86
5230,ACC00005230,8586,Loan,Active,2018-04-19,949900.0,9.05
5231,ACC00005231,3417,Current,Active,2020-02-22,1761100.0,3.92
5232,ACC00005232,3606,Current,Active,2020-11-06,932300.0,3.19
5233,ACC00005233,4200,Savings,Active,2018-11-25,0.0,3.65
5234,ACC00005234,2554,Loan,Active,2022-12-31,1727900.0,12.71
5235,ACC00005235,1581,Savings,Active,2024-07-14,0.0,2.92
5236,ACC00005236,4582,Savings,Active,2022-11-03,0.0,4.09
5237,ACC00005237,1738,Savings,Active,2019-04-15,0.0,2.93
5238,ACC00005238,2559,Current,Active,2022-10-20,961100.0,3.11
5239,ACC00005239,9199,Loan,Active,2022-12-27,129400.0,12.08
5240,ACC00005240,5189,Savings,Dormant,2019-10-14,0.0,4.72
5241,ACC00005241,11,Salary,Active,2018-04-10,0.0,4.74
5242,ACC00005242,7579,Current,Dormant,2021-07-10,1740700.0,3.21
5243,ACC00005243,4891,Savings,Active,2020-06-04,0.0,3.1
5244,ACC00005244,4540,Savings,Active,2022-08-12,0.0,4.27
5245,ACC00005245,2468,Savings,Active,2025-04-04,0.0,3.91
5246,ACC00005246,4025,Savings,Active,2020-10-21,0.0,4.0
5247,ACC00005247,5532,Current,Active,2019-08-13,1981500.0,4.92
5248,ACC00005248,9735,Savings,Active,2020-03-27,0.0,4.68
5249,ACC00005249,4192,Savings,Active,2024-07-18,0.0,3.66
5250,ACC00005250,6086,Fixed Deposit,Active,2019-10-28,0.0,7.27
5251,ACC00005251,6671,Loan,Active,2020-07-09,1493000.0,12.94
5252,ACC00005252,6487,Savings,Active,2019-12-20,0.0,4.84
5253,ACC00005253,1624,Savings,Active,2020-07-13,0.0,3.44
5254,ACC00005254,3374,Fixed Deposit,Active,2022-05-07,0.0,7.8
5255,ACC00005255,3184,Fixed Deposit,Dormant,2022-03-15,0.0,7.64
5256,ACC00005256,6108,Savings,Active,2019-05-20,0.0,4.2
5257,ACC00005257,4632,Current,Active,2018-06-16,1377500.0,2.62
5258,ACC00005258,54,Loan,Active,2022-11-11,1291600.0,13.1
5259,ACC00005259,2741,Loan,Blocked,2021-05-30,1322600.0,11.51
5260,ACC00005260,9784,Current,Active,2022-11-10,831600.0,4.72
5261,ACC00005261,6422,Current,Active,2018-11-13,1457400.0,4.53
5262,ACC00005262,9450,Fixed Deposit,Active,2019-01-29,0.0,6.71
5263,ACC00005263,3832,Salary,Active,2024-12-12,0.0,4.5
5264,ACC00005264,8390,Fixed Deposit,Active,2025-01-13,0.0,6.28
5265,ACC00005265,6306,Current,Active,2019-04-09,931700.0,4.02
5266,ACC00005266,4275,Savings,Active,2020-02-05,0.0,3.35
5267,ACC00005267,7147,Savings,Active,2018-09-08,0.0,3.77
5268,ACC00005268,2799,Loan,Active,2024-10-07,618400.0,12.41
5269,ACC00005269,4665,Savings,Active,2023-01-17,0.0,3.75
5270,ACC00005270,4549,Savings,Active,2024-01-28,0.0,3.4
5271,ACC00005271,1185,Current,Active,2022-06-18,703900.0,3.15
5272,ACC00005272,8877,Fixed Deposit,Active,2023-08-23,0.0,8.36
5273,ACC00005273,9059,Salary,Active,2022-11-22,0.0,3.49
5274,ACC00005274,3479,Savings,Active,2022-04-27,0.0,3.99
5275,ACC00005275,9390,Savings,Active,2022-12-23,0.0,3.28
5276,ACC00005276,3967,Loan,Active,2025-06-11,1648000.0,11.41
5277,ACC00005277,9504,Savings,Active,2021-07-30,0.0,3.05
5278,ACC00005278,9780,Fixed Deposit,Active,2018-07-09,0.0,7.64
5279,ACC00005279,9077,Savings,Active,2025-11-12,0.0,4.15
5280,ACC00005280,3105,Savings,Closed,2024-09-01,0.0,3.52
5281,ACC00005281,4549,Savings,Active,2024-12-18,0.0,3.64
5282,ACC00005282,9962,Current,Active,2022-05-07,106900.0,3.54
5283,ACC00005283,6070,Fixed Deposit,Active,2020-05-16,0.0,8.47
5284,ACC00005284,8303,Salary,Active,2024-05-31,0.0,3.39
5285,ACC00005285,726,Salary,Closed,2025-05-12,0.0,2.63
5286,ACC00005286,6214,Loan,Active,2022-04-01,1434600.0,14.42
5287,ACC00005287,8695,Savings,Active,2022-02-16,0.0,3.16
5288,ACC00005288,3048,Salary,Active,2018-01-22,0.0,4.03
5289,ACC00005289,3844,Savings,Closed,2023-12-19,0.0,4.62
5290,ACC00005290,6025,Current,Active,2025-02-10,1275400.0,4.28
5291,ACC00005291,9566,Savings,Blocked,2021-11-01,0.0,3.3
5292,ACC00005292,2021,Savings,Active,2019-07-20,0.0,3.81
5293,ACC00005293,659,Salary,Closed,2023-05-14,0.0,3.64
5294,ACC00005294,7603,Fixed Deposit,Active,2025-11-28,0.0,5.71
5295,ACC00005295,3205,Current,Active,2021-08-14,955200.0,3.32
5296,ACC00005296,6544,Savings,Active,2022-09-18,0.0,3.5
5297,ACC00005297,9690,Salary,Closed,2024-02-15,0.0,2.78
5298,ACC00005298,1927,Savings,Active,2025-02-14,0.0,2.9
5299,ACC00005299,5634,Salary,Active,2022-08-18,0.0,3.79
5300,ACC00005300,3231,Fixed Deposit,Active,2020-11-09,0.0,7.31
5301,ACC00005301,8609,Savings,Active,2022-06-17,0.0,4.17
5302,ACC00005302,3057,Savings,Active,2023-09-01,0.0,4.06
5303,ACC00005303,3199,Savings,Active,2020-05-04,0.0,3.46
5304,ACC00005304,6843,Fixed Deposit,Active,2022-04-25,0.0,6.44
5305,ACC00005305,5855,Fixed Deposit,Active,2020-11-16,0.0,7.87
5306,ACC00005306,5971,Loan,Active,2023-04-19,204000.0,7.78
5307,ACC00005307,390,Savings,Closed,2025-04-12,0.0,4.4
5308,ACC00005308,6574,Salary,Active,2023-02-26,0.0,2.65
5309,ACC00005309,2856,Fixed Deposit,Dormant,2018-05-20,0.0,8.46
5310,ACC00005310,6911,Savings,Active,2018-04-20,0.0,3.99
5311,ACC00005311,3243,Savings,Closed,2024-04-22,0.0,4.93
5312,ACC00005312,9070,Salary,Active,2022-05-27,0.0,3.82
5313,ACC00005313,3018,Savings,Closed,2021-04-17,0.0,4.75
5314,ACC00005314,8716,Savings,Dormant,2018-04-08,0.0,3.45
5315,ACC00005315,2820,Salary,Active,2025-07-30,0.0,3.2
5316,ACC00005316,1139,Current,Active,2024-07-31,1215000.0,4.88
5317,ACC00005317,8241,Fixed Deposit,Active,2021-02-12,0.0,7.6
5318,ACC00005318,1797,Salary,Active,2024-04-08,0.0,4.34
5319,ACC00005319,381,Loan,Active,2018-10-08,483600.0,14.35
5320,ACC00005320,1902,Current,Dormant,2020-05-27,1510200.0,2.93
5321,ACC00005321,3943,Salary,Active,2024-11-26,0.0,3.48
5322,ACC00005322,1955,Savings,Active,2024-01-02,0.0,4.94
5323,ACC00005323,6277,Salary,Active,2024-10-05,0.0,3.05
5324,ACC00005324,7941,Current,Blocked,2019-05-01,647800.0,4.96
5325,ACC00005325,9416,Current,Active,2020-02-05,648800.0,4.69
5326,ACC00005326,5366,Loan,Active,2019-09-13,452500.0,7.56
5327,ACC00005327,6627,Savings,Active,2025-07-27,0.0,4.0
5328,ACC00005328,3639,Savings,Dormant,2023-04-13,0.0,2.83
5329,ACC00005329,2241,Savings,Active,2019-07-12,0.0,4.66
5330,ACC00005330,8207,Loan,Active,2025-11-10,1972200.0,8.39
5331,ACC00005331,590,Savings,Active,2024-07-21,0.0,3.65
5332,ACC00005332,7084,Loan,Active,2021-08-06,1084600.0,10.19
5333,ACC00005333,4253,Salary,Active,2024-04-26,0.0,2.87
5334,ACC00005334,9842,Savings,Active,2025-09-18,0.0,4.9
5335,ACC00005335,7682,Savings,Active,2024-06-19,0.0,3.74
5336,ACC00005336,2746,Current,Dormant,2020-05-17,756300.0,3.96
5337,ACC00005337,9543,Current,Blocked,2018-05-21,372400.0,4.78
5338,ACC00005338,5898,Savings,Active,2018-09-11,0.0,2.68
5339,ACC00005339,311,Savings,Dormant,2019-01-28,0.0,4.1
5340,ACC00005340,7622,Loan,Closed,2018-05-16,1152300.0,8.88
5341,ACC00005341,1549,Current,Active,2020-08-03,1338800.0,2.8
5342,ACC00005342,1160,Current,Active,2023-11-15,220200.0,3.7
5343,ACC00005343,9819,Savings,Active,2024-05-22,0.0,2.83
5344,ACC00005344,3516,Salary,Active,2019-08-16,0.0,3.62
5345,ACC00005345,1739,Current,Active,2025-05-07,287000.0,2.51
5346,ACC00005346,8409,Fixed Deposit,Active,2024-03-24,0.0,6.7
5347,ACC00005347,9098,Current,Active,2019-05-17,1210400.0,3.86
5348,ACC00005348,9037,Current,Active,2021-12-02,757500.0,4.89
5349,ACC00005349,2966,Savings,Dormant,2019-09-13,0.0,3.54
5350,ACC00005350,9192,Savings,Active,2020-11-11,0.0,4.82
5351,ACC00005351,8888,Savings,Active,2024-06-29,0.0,3.86
5352,ACC00005352,9390,Savings,Active,2024-02-05,0.0,2.52
5353,ACC00005353,1426,Salary,Active,2025-09-06,0.0,3.89
5354,ACC00005354,4681,Savings,Active,2021-05-09,0.0,3.45
5355,ACC00005355,1878,Salary,Active,2019-09-20,0.0,4.79
5356,ACC00005356,8509,Current,Active,2023-06-10,267100.0,4.71
5357,ACC00005357,2544,Savings,Active,2019-07-19,0.0,4.11
5358,ACC00005358,9652,Current,Active,2019-11-19,1503100.0,3.52
5359,ACC00005359,5056,Salary,Active,2018-07-06,0.0,4.76
5360,ACC00005360,2380,Savings,Active,2022-12-04,0.0,2.88
5361,ACC00005361,2280,Current,Active,2022-01-31,1224600.0,2.67
5362,ACC00005362,7441,Salary,Active,2018-10-28,0.0,3.93
5363,ACC00005363,3601,Savings,Active,2024-10-28,0.0,3.78
5364,ACC00005364,1331,Savings,Active,2023-10-31,0.0,4.76
5365,ACC00005365,440,Savings,Active,2021-01-22,0.0,3.06
5366,ACC00005366,7064,Salary,Active,2024-11-24,0.0,2.7
5367,ACC00005367,3917,Salary,Active,2024-09-24,0.0,4.21
5368,ACC00005368,2673,Loan,Active,2021-05-27,510900.0,7.96
5369,ACC00005369,2084,Current,Active,2025-03-23,1125700.0,3.57
5370,ACC00005370,9534,Salary,Closed,2019-07-23,0.0,4.37
5371,ACC00005371,3090,Current,Active,2019-06-09,1888900.0,4.75
5372,ACC00005372,1758,Savings,Active,2025-07-06,0.0,4.1
5373,ACC00005373,4475,Savings,Active,2019-05-27,0.0,2.62
5374,ACC00005374,3498,Fixed Deposit,Active,2025-06-19,0.0,7.71
5375,ACC00005375,8192,Current,Active,2018-04-06,72800.0,2.68
5376,ACC00005376,9701,Salary,Dormant,2023-04-02,0.0,2.52
5377,ACC00005377,3854,Current,Active,2025-12-09,847100.0,4.99
5378,ACC00005378,4362,Savings,Active,2023-06-19,0.0,2.83
5379,ACC00005379,2940,Savings,Closed,2024-08-11,0.0,4.14
5380,ACC00005380,918,Fixed Deposit,Active,2021-01-10,0.0,6.58
5381,ACC00005381,6493,Savings,Active,2018-05-05,0.0,4.26
5382,ACC00005382,7411,Savings,Closed,2022-05-12,0.0,2.97
5383,ACC00005383,5627,Savings,Active,2020-10-19,0.0,3.2
5384,ACC00005384,8357,Savings,Active,2022-09-06,0.0,4.76
5385,ACC00005385,2209,Fixed Deposit,Active,2018-01-14,0.0,6.97
5386,ACC00005386,7390,Current,Active,2018-02-25,630200.0,4.15
5387,ACC00005387,7271,Loan,Active,2019-02-06,1445300.0,8.45
5388,ACC00005388,3681,Savings,Active,2023-03-30,0.0,4.09
5389,ACC00005389,5568,Current,Active,2023-06-28,392900.0,3.95
5390,ACC00005390,6847,Savings,Active,2018-04-07,0.0,2.97
5391,ACC00005391,9379,Savings,Active,2020-01-21,0.0,4.94
5392,ACC00005392,7729,Savings,Active,2025-02-26,0.0,3.19
5393,ACC00005393,9721,Savings,Active,2021-08-25,0.0,2.62
5394,ACC00005394,8329,Loan,Active,2020-07-27,1985700.0,11.84
5395,ACC00005395,5097,Savings,Active,2021-01-22,0.0,3.87
5396,ACC00005396,3019,Savings,Active,2020-11-07,0.0,2.67
5397,ACC00005397,8877,Loan,Active,2019-01-22,1067800.0,9.41
5398,ACC00005398,2459,Current,Closed,2019-01-21,1497800.0,3.22
5399,ACC00005399,2976,Savings,Active,2019-01-07,0.0,2.7
5400,ACC00005400,9641,Salary,Closed,2023-12-27,0.0,3.68
5401,ACC00005401,6266,Fixed Deposit,Active,2019-05-29,0.0,7.09
5402,ACC00005402,1031,Savings,Dormant,2020-05-12,0.0,4.12
5403,ACC00005403,1366,Savings,Active,2019-04-28,0.0,3.22
5404,ACC00005404,3008,Current,Active,2018-04-07,1479700.0,3.36
5405,ACC00005405,7477,Current,Active,2020-06-17,1245900.0,4.61
5406,ACC00005406,1052,Savings,Active,2018-11-12,0.0,2.86
5407,ACC00005407,8762,Savings,Active,2023-01-22,0.0,4.53
5408,ACC00005408,773,Loan,Blocked,2021-02-26,943300.0,10.28
5409,ACC00005409,6750,Salary,Active,2020-02-01,0.0,3.06
5410,ACC00005410,1207,Loan,Active,2018-04-22,1505100.0,11.95
5411,ACC00005411,8672,Fixed Deposit,Blocked,2018-05-13,0.0,5.74
5412,ACC00005412,828,Current,Active,2020-01-20,1621300.0,4.09
5413,ACC00005413,4141,Savings,Active,2021-04-18,0.0,3.25
5414,ACC00005414,980,Savings,Active,2023-07-24,0.0,3.31
5415,ACC00005415,6009,Savings,Active,2024-12-03,0.0,2.71
5416,ACC00005416,5012,Fixed Deposit,Active,2023-02-06,0.0,7.61
5417,ACC00005417,1897,Fixed Deposit,Active,2020-01-11,0.0,7.96
5418,ACC00005418,4602,Fixed Deposit,Active,2018-11-10,0.0,7.51
5419,ACC00005419,4745,Fixed Deposit,Active,2025-01-21,0.0,6.75
5420,ACC00005420,7431,Savings,Dormant,2022-04-22,0.0,4.88
5421,ACC00005421,2183,Fixed Deposit,Active,2024-01-21,0.0,5.52
5422,ACC00005422,3802,Savings,Active,2025-02-27,0.0,3.71
5423,ACC00005423,5170,Savings,Active,2020-04-21,0.0,3.46
5424,ACC00005424,7903,Loan,Active,2021-08-28,324300.0,9.93
5425,ACC00005425,9836,Salary,Active,2019-07-26,0.0,3.64
5426,ACC00005426,6895,Salary,Active,2025-03-22,0.0,3.42
5427,ACC00005427,4451,Savings,Active,2024-07-16,0.0,2.68
5428,ACC00005428,2339,Salary,Active,2024-03-12,0.0,3.46
5429,ACC00005429,2239,Current,Active,2022-05-02,448100.0,2.57
5430,ACC00005430,2579,Current,Active,2018-05-29,554200.0,4.12
5431,ACC00005431,8018,Savings,Active,2021-03-27,0.0,4.87
5432,ACC00005432,6656,Savings,Active,2023-10-07,0.0,3.08
5433,ACC00005433,5388,Savings,Dormant,2018-07-09,0.0,3.79
5434,ACC00005434,7479,Current,Active,2022-05-31,1925400.0,4.01
5435,ACC00005435,9106,Loan,Active,2023-03-27,1117500.0,7.59
5436,ACC00005436,231,Savings,Closed,2019-02-06,0.0,3.25
5437,ACC00005437,8279,Salary,Active,2024-10-05,0.0,3.21
5438,ACC00005438,789,Savings,Active,2022-05-02,0.0,4.21
5439,ACC00005439,6171,Savings,Active,2019-02-10,0.0,4.31
5440,ACC00005440,7691,Savings,Active,2023-10-04,0.0,4.01
5441,ACC00005441,5440,Savings,Closed,2019-02-27,0.0,4.22
5442,ACC00005442,667,Savings,Active,2023-11-26,0.0,4.98
5443,ACC00005443,123,Loan,Active,2023-06-11,362000.0,10.23
5444,ACC00005444,4544,Savings,Active,2023-08-04,0.0,4.28
5445,ACC00005445,3620,Fixed Deposit,Blocked,2022-01-21,0.0,8.31
5446,ACC00005446,7927,Savings,Active,2022-02-09,0.0,4.47
5447,ACC00005447,62,Current,Active,2023-03-14,834500.0,4.06
5448,ACC00005448,2479,Loan,Blocked,2023-08-26,1887600.0,12.32
5449,ACC00005449,6370,Savings,Active,2021-10-09,0.0,3.57
5450,ACC00005450,8064,Current,Active,2025-11-17,1957200.0,4.09
5451,ACC00005451,218,Loan,Closed,2022-01-30,998500.0,10.16
5452,ACC00005452,3501,Fixed Deposit,Active,2024-11-10,0.0,7.27
5453,ACC00005453,79,Current,Active,2018-07-23,268500.0,4.25
5454,ACC00005454,536,Savings,Active,2023-06-22,0.0,3.96
5455,ACC00005455,8595,Current,Active,2019-02-23,1177200.0,4.25
5456,ACC00005456,9927,Fixed Deposit,Active,2021-12-10,0.0,7.98
5457,ACC00005457,1520,Salary,Dormant,2019-08-24,0.0,4.95
5458,ACC00005458,8286,Current,Active,2022-06-04,1374000.0,4.04
5459,ACC00005459,192,Savings,Active,2018-08-21,0.0,4.27
5460,ACC00005460,6836,Salary,Active,2023-07-27,0.0,4.43
5461,ACC00005461,3755,Savings,Active,2020-10-15,0.0,4.33
5462,ACC00005462,6505,Savings,Active,2022-11-08,0.0,4.88
5463,ACC00005463,5310,Savings,Active,2020-12-15,0.0,4.45
5464,ACC00005464,8186,Savings,Active,2020-04-30,0.0,2.74
5465,ACC00005465,4046,Fixed Deposit,Active,2020-05-12,0.0,6.51
5466,ACC00005466,3120,Savings,Active,2019-10-10,0.0,3.57
5467,ACC00005467,7488,Savings,Active,2025-09-17,0.0,4.71
5468,ACC00005468,5758,Savings,Active,2021-01-20,0.0,2.54
5469,ACC00005469,6557,Savings,Active,2021-04-09,0.0,3.03
5470,ACC00005470,6198,Current,Active,2019-01-04,1507500.0,4.87
5471,ACC00005471,9434,Loan,Active,2019-07-31,941600.0,11.03
5472,ACC00005472,486,Savings,Active,2019-04-22,0.0,3.18
5473,ACC00005473,6164,Current,Active,2018-10-24,1029100.0,4.21
5474,ACC00005474,5185,Salary,Active,2020-09-11,0.0,4.78
5475,ACC00005475,1443,Salary,Active,2021-11-18,0.0,4.24
5476,ACC00005476,7816,Current,Active,2024-10-04,272300.0,4.51
5477,ACC00005477,2696,Savings,Closed,2020-06-02,0.0,2.61
5478,ACC00005478,1986,Fixed Deposit,Active,2023-08-24,0.0,5.63
5479,ACC00005479,4636,Current,Active,2025-01-19,493700.0,3.62
5480,ACC00005480,5036,Current,Dormant,2023-04-08,1216100.0,4.2
5481,ACC00005481,4112,Fixed Deposit,Active,2018-01-18,0.0,5.66
5482,ACC00005482,2507,Current,Active,2024-04-03,191600.0,3.73
5483,ACC00005483,2033,Savings,Active,2021-12-17,0.0,4.24
5484,ACC00005484,7118,Savings,Dormant,2023-08-14,0.0,2.74
5485,ACC00005485,1148,Salary,Dormant,2025-05-24,0.0,3.47
5486,ACC00005486,2593,Loan,Closed,2023-10-03,484200.0,12.79
5487,ACC00005487,6664,Current,Active,2025-08-08,158600.0,4.79
5488,ACC00005488,6889,Savings,Active,2021-07-24,0.0,2.82
5489,ACC00005489,3876,Savings,Active,2024-09-10,0.0,4.13
5490,ACC00005490,6503,Savings,Active,2023-02-20,0.0,3.59
5491,ACC00005491,1749,Savings,Active,2024-07-10,0.0,3.34
5492,ACC00005492,5969,Current,Closed,2020-03-09,1656300.0,3.61
5493,ACC00005493,4647,Savings,Active,2025-01-08,0.0,4.6
5494,ACC00005494,3191,Savings,Active,2024-07-16,0.0,2.64
5495,ACC00005495,8629,Savings,Active,2024-05-01,0.0,3.97
5496,ACC00005496,9769,Current,Active,2023-08-06,758000.0,3.46
5497,ACC00005497,1513,Savings,Active,2020-12-04,0.0,4.39
5498,ACC00005498,9956,Savings,Active,2025-01-02,0.0,4.55
5499,ACC00005499,3108,Fixed Deposit,Active,2021-11-17,0.0,6.03
5500,ACC00005500,503,Savings,Active,2023-12-25,0.0,3.65
5501,ACC00005501,7429,Salary,Active,2018-07-25,0.0,3.53
5502,ACC00005502,9137,Savings,Active,2023-09-01,0.0,3.61
5503,ACC00005503,324,Current,Active,2023-05-30,1401700.0,4.59
5504,ACC00005504,1953,Fixed Deposit,Active,2019-05-31,0.0,6.32
5505,ACC00005505,4665,Current,Active,2020-07-27,1011000.0,2.7
5506,ACC00005506,7348,Savings,Active,2022-08-21,0.0,4.61
5507,ACC00005507,2371,Savings,Active,2022-01-23,0.0,3.84
5508,ACC00005508,2504,Savings,Active,2021-03-13,0.0,2.81
5509,ACC00005509,2583,Fixed Deposit,Blocked,2018-01-15,0.0,8.04
5510,ACC00005510,8475,Current,Active,2020-02-15,1470300.0,4.04
5511,ACC00005511,418,Current,Active,2024-07-05,1127600.0,4.19
5512,ACC00005512,4289,Current,Active,2021-07-18,525000.0,4.8
5513,ACC00005513,4617,Current,Active,2021-02-07,354000.0,4.39
5514,ACC00005514,5875,Savings,Dormant,2023-05-07,0.0,3.54
5515,ACC00005515,537,Fixed Deposit,Active,2019-04-01,0.0,6.43
5516,ACC00005516,7570,Loan,Active,2025-02-13,932800.0,12.87
5517,ACC00005517,1015,Current,Active,2020-05-09,1183600.0,4.62
5518,ACC00005518,4337,Current,Active,2023-06-20,744100.0,3.62
5519,ACC00005519,283,Loan,Active,2022-11-20,1857700.0,11.29
5520,ACC00005520,7689,Salary,Active,2024-12-11,0.0,3.27
5521,ACC00005521,4812,Salary,Active,2018-11-29,0.0,2.84
5522,ACC00005522,9912,Savings,Active,2018-08-02,0.0,3.09
5523,ACC00005523,7283,Current,Active,2022-09-02,394700.0,4.46
5524,ACC00005524,2095,Current,Dormant,2021-07-18,1274800.0,3.16
5525,ACC00005525,6994,Fixed Deposit,Active,2024-11-22,0.0,6.64
5526,ACC00005526,9870,Salary,Active,2025-01-22,0.0,2.61
5527,ACC00005527,9812,Loan,Active,2019-04-05,1775900.0,12.75
5528,ACC00005528,8891,Savings,Active,2019-09-16,0.0,3.97
5529,ACC00005529,9669,Current,Active,2020-01-27,1182600.0,2.86
5530,ACC00005530,3073,Savings,Active,2024-11-25,0.0,3.16
5531,ACC00005531,4295,Fixed Deposit,Active,2024-03-15,0.0,5.56
5532,ACC00005532,6509,Current,Active,2021-05-27,1552300.0,2.94
5533,ACC00005533,8788,Savings,Active,2024-03-28,0.0,4.95
5534,ACC00005534,6592,Savings,Active,2023-05-03,0.0,4.2
5535,ACC00005535,8028,Loan,Active,2019-04-23,1352500.0,9.34
5536,ACC00005536,6167,Salary,Active,2022-02-01,0.0,4.24
5537,ACC00005537,5768,Current,Active,2025-12-12,1822800.0,4.07
5538,ACC00005538,7376,Fixed Deposit,Active,2022-12-07,0.0,6.31
5539,ACC00005539,169,Savings,Closed,2022-05-16,0.0,3.15
5540,ACC00005540,944,Fixed Deposit,Closed,2019-01-21,0.0,5.9
5541,ACC00005541,6982,Salary,Active,2021-12-18,0.0,3.22
5542,ACC00005542,2507,Fixed Deposit,Active,2020-03-17,0.0,7.23
5543,ACC00005543,3405,Current,Active,2018-02-19,409500.0,3.59
5544,ACC00005544,4017,Salary,Active,2025-05-17,0.0,4.95
5545,ACC00005545,1410,Salary,Active,2021-11-20,0.0,2.84
5546,ACC00005546,9535,Fixed Deposit,Active,2018-08-14,0.0,6.56
5547,ACC00005547,8077,Salary,Dormant,2018-10-31,0.0,4.41
5548,ACC00005548,8915,Current,Active,2018-11-08,1270100.0,3.83
5549,ACC00005549,1953,Savings,Active,2018-07-29,0.0,4.41
5550,ACC00005550,4471,Loan,Active,2019-11-04,1974600.0,13.43
5551,ACC00005551,9497,Savings,Active,2019-10-11,0.0,4.33
5552,ACC00005552,5094,Salary,Blocked,2018-05-30,0.0,3.99
5553,ACC00005553,5661,Current,Active,2021-04-15,1894700.0,3.0
5554,ACC00005554,237,Loan,Active,2020-06-06,1087700.0,10.56
5555,ACC00005555,8873,Loan,Active,2021-05-16,1577600.0,8.94
5556,ACC00005556,8559,Savings,Active,2024-03-25,0.0,4.93
5557,ACC00005557,2647,Fixed Deposit,Active,2018-03-02,0.0,8.01
5558,ACC00005558,1027,Savings,Active,2019-05-12,0.0,3.74
5559,ACC00005559,6334,Savings,Active,2023-09-10,0.0,4.5
5560,ACC00005560,2834,Current,Blocked,2019-09-17,1678500.0,3.65
5561,ACC00005561,6729,Savings,Active,2021-05-30,0.0,3.68
5562,ACC00005562,2068,Savings,Active,2025-05-02,0.0,2.63
5563,ACC00005563,984,Savings,Active,2021-06-24,0.0,3.68
5564,ACC00005564,2257,Savings,Active,2018-01-21,0.0,4.75
5565,ACC00005565,4205,Loan,Dormant,2024-06-08,473800.0,11.34
5566,ACC00005566,4223,Savings,Active,2024-12-25,0.0,3.4
5567,ACC00005567,1990,Savings,Active,2025-11-21,0.0,3.21
5568,ACC00005568,7774,Savings,Active,2022-03-11,0.0,4.06
5569,ACC00005569,2118,Savings,Active,2023-02-28,0.0,4.7
5570,ACC00005570,5767,Savings,Dormant,2023-01-31,0.0,4.98
5571,ACC00005571,6937,Savings,Closed,2025-04-19,0.0,3.94
5572,ACC00005572,2243,Savings,Dormant,2023-11-03,0.0,4.72
5573,ACC00005573,6863,Fixed Deposit,Active,2018-05-25,0.0,8.38
5574,ACC00005574,580,Savings,Active,2024-01-08,0.0,3.13
5575,ACC00005575,8512,Savings,Closed,2018-02-19,0.0,3.71
5576,ACC00005576,4830,Fixed Deposit,Closed,2025-07-30,0.0,8.2
5577,ACC00005577,5319,Savings,Active,2024-11-05,0.0,4.46
5578,ACC00005578,9394,Current,Active,2021-09-05,1368300.0,4.66
5579,ACC00005579,7211,Fixed Deposit,Active,2020-12-07,0.0,7.5
5580,ACC00005580,9664,Savings,Blocked,2024-12-21,0.0,4.39
5581,ACC00005581,2570,Savings,Active,2018-01-13,0.0,3.02
5582,ACC00005582,9294,Savings,Active,2024-01-02,0.0,3.6
5583,ACC00005583,2963,Fixed Deposit,Dormant,2020-08-17,0.0,8.29
5584,ACC00005584,8225,Savings,Active,2019-08-09,0.0,3.1
5585,ACC00005585,6462,Salary,Active,2023-05-25,0.0,4.8
5586,ACC00005586,1141,Current,Active,2023-02-19,454400.0,2.54
5587,ACC00005587,7619,Current,Active,2021-10-06,158500.0,3.1
5588,ACC00005588,9758,Fixed Deposit,Active,2023-09-04,0.0,6.35
5589,ACC00005589,7003,Fixed Deposit,Dormant,2020-02-27,0.0,8.29
5590,ACC00005590,4644,Loan,Active,2019-07-25,223000.0,12.85
5591,ACC00005591,4470,Savings,Active,2025-08-16,0.0,2.76
5592,ACC00005592,4708,Savings,Active,2021-11-07,0.0,2.61
5593,ACC00005593,6288,Salary,Active,2021-01-12,0.0,3.49
5594,ACC00005594,593,Fixed Deposit,Dormant,2024-04-08,0.0,6.69
5595,ACC00005595,6163,Fixed Deposit,Active,2020-08-31,0.0,6.98
5596,ACC00005596,2211,Current,Dormant,2025-04-07,575000.0,3.43
5597,ACC00005597,5414,Savings,Active,2025-11-11,0.0,2.63
5598,ACC00005598,5306,Savings,Active,2020-11-01,0.0,3.23
5599,ACC00005599,8368,Savings,Active,2021-04-23,0.0,2.91
5600,ACC00005600,6335,Current,Active,2020-09-06,589400.0,3.16
5601,ACC00005601,3931,Savings,Blocked,2022-10-07,0.0,3.12
5602,ACC00005602,7219,Salary,Active,2024-06-18,0.0,4.76
5603,ACC00005603,834,Loan,Active,2018-12-21,1213100.0,12.01
5604,ACC00005604,9333,Salary,Active,2020-08-21,0.0,3.11
5605,ACC00005605,1905,Loan,Active,2024-12-20,107600.0,9.38
5606,ACC00005606,335,Salary,Active,2018-03-16,0.0,4.28
5607,ACC00005607,4216,Salary,Active,2022-09-10,0.0,3.87
5608,ACC00005608,3648,Current,Active,2021-03-24,1038800.0,2.54
5609,ACC00005609,9179,Loan,Dormant,2022-05-16,275600.0,9.31
5610,ACC00005610,4667,Savings,Active,2020-02-12,0.0,4.93
5611,ACC00005611,9558,Salary,Closed,2019-04-10,0.0,3.83
5612,ACC00005612,7951,Savings,Active,2025-08-12,0.0,2.53
5613,ACC00005613,4344,Fixed Deposit,Active,2023-06-24,0.0,7.28
5614,ACC00005614,5485,Savings,Active,2023-02-20,0.0,4.57
5615,ACC00005615,47,Savings,Active,2018-07-14,0.0,4.49
5616,ACC00005616,5326,Salary,Active,2023-12-20,0.0,3.62
5617,ACC00005617,4420,Current,Active,2019-08-18,1080500.0,4.52
5618,ACC00005618,9076,Savings,Active,2018-12-23,0.0,4.1
5619,ACC00005619,589,Salary,Active,2025-01-16,0.0,4.73
5620,ACC00005620,7429,Savings,Active,2019-05-30,0.0,3.91
5621,ACC00005621,1128,Salary,Closed,2025-11-26,0.0,4.91
5622,ACC00005622,1658,Loan,Blocked,2020-09-23,332500.0,11.89
5623,ACC00005623,7021,Savings,Active,2024-05-07,0.0,3.8
5624,ACC00005624,485,Fixed Deposit,Active,2018-08-29,0.0,8.17
5625,ACC00005625,4296,Current,Active,2024-12-02,907600.0,3.32
5626,ACC00005626,6968,Savings,Dormant,2023-04-23,0.0,3.14
5627,ACC00005627,1319,Loan,Active,2025-10-01,1287000.0,9.26
5628,ACC00005628,2515,Loan,Active,2018-04-17,934300.0,7.59
5629,ACC00005629,3150,Savings,Active,2023-05-22,0.0,4.38
5630,ACC00005630,7044,Salary,Active,2021-05-17,0.0,5.0
5631,ACC00005631,8943,Current,Closed,2021-04-20,660300.0,3.23
5632,ACC00005632,6277,Salary,Active,2018-11-07,0.0,4.01
5633,ACC00005633,2924,Loan,Blocked,2025-03-02,660200.0,9.82
5634,ACC00005634,6406,Loan,Active,2021-01-09,440400.0,10.8
5635,ACC00005635,7656,Savings,Active,2022-06-10,0.0,3.73
5636,ACC00005636,9062,Savings,Closed,2024-02-10,0.0,2.81
5637,ACC00005637,3689,Salary,Active,2024-08-11,0.0,2.85
5638,ACC00005638,9143,Salary,Closed,2022-10-26,0.0,3.7
5639,ACC00005639,8826,Savings,Closed,2019-03-23,0.0,3.87
5640,ACC00005640,5587,Loan,Active,2021-04-01,1753000.0,8.51
5641,ACC00005641,1514,Fixed Deposit,Active,2021-08-03,0.0,7.83
5642,ACC00005642,4818,Savings,Active,2022-04-04,0.0,3.43
5643,ACC00005643,8447,Current,Active,2018-12-18,102000.0,4.06
5644,ACC00005644,7957,Salary,Active,2021-10-27,0.0,3.66
5645,ACC00005645,1381,Fixed Deposit,Active,2019-08-19,0.0,7.73
5646,ACC00005646,9404,Loan,Active,2023-06-01,118400.0,7.78
5647,ACC00005647,2513,Salary,Active,2024-10-20,0.0,3.58
5648,ACC00005648,5791,Current,Active,2018-07-15,1684900.0,4.21
5649,ACC00005649,4821,Loan,Active,2023-04-14,1790300.0,11.55
5650,ACC00005650,6259,Current,Active,2022-06-19,1161800.0,3.07
5651,ACC00005651,9751,Savings,Active,2021-01-28,0.0,4.66
5652,ACC00005652,820,Savings,Active,2025-04-10,0.0,2.58
5653,ACC00005653,259,Savings,Active,2025-01-26,0.0,3.94
5654,ACC00005654,8340,Current,Active,2020-04-24,441800.0,3.06
5655,ACC00005655,3279,Salary,Active,2024-03-21,0.0,4.31
5656,ACC00005656,3694,Salary,Closed,2022-04-10,0.0,4.5
5657,ACC00005657,7928,Savings,Active,2024-03-13,0.0,3.38
5658,ACC00005658,912,Savings,Active,2018-07-04,0.0,3.76
5659,ACC00005659,3101,Fixed Deposit,Active,2024-10-03,0.0,5.88
5660,ACC00005660,8470,Savings,Blocked,2019-06-22,0.0,4.35
5661,ACC00005661,9116,Fixed Deposit,Active,2025-10-13,0.0,6.52
5662,ACC00005662,5583,Savings,Active,2025-06-16,0.0,2.82
5663,ACC00005663,5205,Current,Dormant,2019-06-28,879500.0,2.88
5664,ACC00005664,1978,Savings,Active,2019-02-15,0.0,3.19
5665,ACC00005665,9474,Savings,Active,2019-04-08,0.0,3.63
5666,ACC00005666,3608,Salary,Blocked,2021-11-06,0.0,4.58
5667,ACC00005667,5573,Fixed Deposit,Active,2024-08-02,0.0,6.29
5668,ACC00005668,780,Savings,Active,2023-05-08,0.0,4.74
5669,ACC00005669,2309,Loan,Active,2024-11-27,1982800.0,14.39
5670,ACC00005670,2574,Salary,Active,2021-01-17,0.0,3.25
5671,ACC00005671,7935,Current,Active,2021-08-02,649600.0,4.88
5672,ACC00005672,3249,Fixed Deposit,Active,2019-11-04,0.0,8.38
5673,ACC00005673,8164,Fixed Deposit,Active,2025-05-02,0.0,6.97
5674,ACC00005674,6458,Current,Active,2023-08-04,1129400.0,3.64
5675,ACC00005675,3428,Current,Active,2019-01-27,1859900.0,3.56
5676,ACC00005676,2665,Salary,Active,2024-06-30,0.0,2.79
5677,ACC00005677,3894,Current,Active,2018-01-14,539900.0,3.35
5678,ACC00005678,2029,Current,Active,2018-08-13,1162900.0,4.06
5679,ACC00005679,5977,Current,Active,2023-01-27,207600.0,4.12
5680,ACC00005680,507,Savings,Active,2021-10-24,0.0,3.27
5681,ACC00005681,2052,Salary,Closed,2020-11-10,0.0,3.19
5682,ACC00005682,5770,Savings,Active,2020-01-07,0.0,3.26
5683,ACC00005683,5164,Salary,Active,2025-02-01,0.0,3.63
5684,ACC00005684,5841,Salary,Closed,2025-03-17,0.0,3.79
5685,ACC00005685,961,Current,Active,2018-12-28,1517100.0,4.58
5686,ACC00005686,2947,Savings,Active,2020-09-16,0.0,4.05
5687,ACC00005687,62,Current,Blocked,2024-08-05,1753600.0,2.58
5688,ACC00005688,8542,Fixed Deposit,Blocked,2022-05-29,0.0,7.18
5689,ACC00005689,5,Savings,Active,2019-03-22,0.0,4.1
5690,ACC00005690,2092,Salary,Dormant,2018-01-28,0.0,4.73
5691,ACC00005691,6539,Savings,Blocked,2018-01-29,0.0,3.25
5692,ACC00005692,5621,Salary,Active,2018-08-23,0.0,4.95
5693,ACC00005693,5193,Savings,Dormant,2020-09-29,0.0,2.56
5694,ACC00005694,14,Fixed Deposit,Active,2023-05-23,0.0,6.32
5695,ACC00005695,5645,Savings,Active,2022-10-20,0.0,3.66
5696,ACC00005696,3968,Savings,Active,2024-02-13,0.0,3.65
5697,ACC00005697,7701,Fixed Deposit,Active,2025-12-22,0.0,7.43
5698,ACC00005698,7103,Loan,Active,2023-01-07,1612900.0,10.62
5699,ACC00005699,7319,Savings,Active,2022-04-04,0.0,4.64
5700,ACC00005700,2240,Current,Active,2020-03-01,344600.0,4.71
5701,ACC00005701,3713,Current,Active,2022-04-13,1545700.0,4.79
5702,ACC00005702,8799,Loan,Closed,2020-04-21,748000.0,11.48
5703,ACC00005703,2419,Current,Active,2019-09-23,1774100.0,4.03
5704,ACC00005704,2958,Current,Active,2019-04-25,800900.0,2.53
5705,ACC00005705,1852,Salary,Active,2022-04-19,0.0,2.83
5706,ACC00005706,939,Fixed Deposit,Blocked,2020-07-02,0.0,7.37
5707,ACC00005707,6149,Current,Blocked,2025-02-05,405800.0,2.78
5708,ACC00005708,2507,Savings,Active,2021-08-27,0.0,3.67
5709,ACC00005709,4585,Fixed Deposit,Active,2021-09-23,0.0,6.26
5710,ACC00005710,1057,Savings,Active,2018-10-13,0.0,3.16
5711,ACC00005711,2886,Loan,Active,2020-10-23,1749400.0,10.8
5712,ACC00005712,1802,Savings,Active,2021-03-19,0.0,3.03
5713,ACC00005713,5369,Loan,Active,2022-03-02,1531700.0,10.89
5714,ACC00005714,2004,Salary,Active,2020-06-30,0.0,4.37
5715,ACC00005715,5193,Fixed Deposit,Active,2025-05-20,0.0,7.32
5716,ACC00005716,7908,Loan,Active,2022-02-13,1670600.0,11.76
5717,ACC00005717,6126,Salary,Active,2023-02-15,0.0,3.86
5718,ACC00005718,7302,Fixed Deposit,Closed,2024-03-17,0.0,7.25
5719,ACC00005719,2433,Savings,Active,2020-11-28,0.0,4.21
5720,ACC00005720,6411,Savings,Active,2021-02-23,0.0,2.86
5721,ACC00005721,3435,Savings,Active,2024-11-19,0.0,2.62
5722,ACC00005722,1849,Savings,Dormant,2024-04-20,0.0,3.5
5723,ACC00005723,6396,Current,Active,2021-06-05,664800.0,3.33
5724,ACC00005724,3751,Salary,Active,2023-10-12,0.0,4.5
5725,ACC00005725,8757,Savings,Active,2020-05-18,0.0,3.18
5726,ACC00005726,4187,Salary,Active,2023-12-13,0.0,3.39
5727,ACC00005727,8965,Fixed Deposit,Active,2023-12-11,0.0,7.94
5728,ACC00005728,8550,Savings,Active,2025-06-13,0.0,2.7
5729,ACC00005729,6408,Fixed Deposit,Active,2022-02-21,0.0,8.1
5730,ACC00005730,3529,Savings,Active,2022-07-17,0.0,3.89
5731,ACC00005731,9101,Savings,Active,2018-10-08,0.0,3.64
5732,ACC00005732,9219,Fixed Deposit,Active,2020-11-20,0.0,5.74
5733,ACC00005733,1051,Fixed Deposit,Active,2023-01-26,0.0,6.01
5734,ACC00005734,8502,Savings,Active,2021-04-10,0.0,2.85
5735,ACC00005735,893,Savings,Active,2018-02-19,0.0,2.88
5736,ACC00005736,8760,Loan,Closed,2020-09-28,260600.0,11.18
5737,ACC00005737,628,Loan,Active,2021-07-02,1253100.0,9.3
5738,ACC00005738,9850,Current,Active,2023-04-20,1688400.0,3.52
5739,ACC00005739,9778,Fixed Deposit,Active,2021-05-06,0.0,6.06
5740,ACC00005740,1364,Savings,Active,2019-03-10,0.0,2.64
5741,ACC00005741,2331,Savings,Active,2024-12-29,0.0,4.5
5742,ACC00005742,6162,Loan,Active,2021-11-09,227100.0,13.29
5743,ACC00005743,4068,Current,Active,2022-07-06,228700.0,2.67
5744,ACC00005744,7567,Savings,Active,2022-09-24,0.0,4.98
5745,ACC00005745,1443,Current,Active,2025-07-27,538900.0,4.62
5746,ACC00005746,6324,Current,Active,2025-02-07,1085600.0,4.34
5747,ACC00005747,3112,Savings,Active,2023-07-30,0.0,3.46
5748,ACC00005748,9439,Salary,Active,2025-04-10,0.0,4.02
5749,ACC00005749,4087,Savings,Active,2022-07-12,0.0,4.59
5750,ACC00005750,9055,Savings,Closed,2023-09-25,0.0,3.43
5751,ACC00005751,5210,Savings,Active,2021-07-21,0.0,2.51
5752,ACC00005752,9627,Salary,Active,2024-02-12,0.0,2.84
5753,ACC00005753,623,Fixed Deposit,Blocked,2023-11-20,0.0,8.31
5754,ACC00005754,6040,Current,Active,2024-11-15,906000.0,3.46
5755,ACC00005755,5720,Savings,Active,2018-07-11,0.0,4.18
5756,ACC00005756,7123,Savings,Active,2021-10-21,0.0,3.2
5757,ACC00005757,2565,Savings,Active,2019-01-27,0.0,3.66
5758,ACC00005758,388,Savings,Active,2024-12-13,0.0,4.54
5759,ACC00005759,477,Current,Active,2024-05-23,1402700.0,4.84
5760,ACC00005760,8329,Salary,Active,2025-01-17,0.0,4.55
5761,ACC00005761,1655,Savings,Closed,2023-04-25,0.0,3.58
5762,ACC00005762,6707,Savings,Active,2024-07-02,0.0,4.94
5763,ACC00005763,936,Savings,Active,2025-11-10,0.0,2.75
5764,ACC00005764,8245,Savings,Active,2019-11-07,0.0,3.98
5765,ACC00005765,3272,Savings,Active,2025-04-24,0.0,3.67
5766,ACC00005766,6114,Savings,Active,2020-07-23,0.0,3.43
5767,ACC00005767,3822,Savings,Active,2024-01-11,0.0,4.25
5768,ACC00005768,2912,Current,Active,2024-01-21,1157300.0,4.14
5769,ACC00005769,7941,Current,Active,2018-07-26,533100.0,2.53
5770,ACC00005770,7712,Savings,Active,2023-05-10,0.0,3.38
5771,ACC00005771,1734,Savings,Active,2024-03-31,0.0,3.15
5772,ACC00005772,2023,Salary,Closed,2021-09-01,0.0,2.94
5773,ACC00005773,8345,Savings,Blocked,2018-10-09,0.0,3.48
5774,ACC00005774,2414,Savings,Active,2022-07-02,0.0,2.51
5775,ACC00005775,78,Current,Active,2024-05-25,1974900.0,4.18
5776,ACC00005776,4720,Current,Active,2022-11-27,430400.0,3.85
5777,ACC00005777,498,Savings,Active,2019-05-10,0.0,4.24
5778,ACC00005778,600,Current,Active,2025-12-21,1045200.0,4.18
5779,ACC00005779,8895,Salary,Active,2024-09-13,0.0,4.94
5780,ACC00005780,6089,Savings,Active,2020-08-18,0.0,4.88
5781,ACC00005781,36,Savings,Active,2020-05-26,0.0,4.07
5782,ACC00005782,5351,Savings,Dormant,2024-08-28,0.0,3.49
5783,ACC00005783,8945,Savings,Closed,2020-08-15,0.0,2.99
5784,ACC00005784,490,Savings,Active,2021-07-18,0.0,3.02
5785,ACC00005785,1319,Loan,Active,2018-06-12,1818400.0,9.27
5786,ACC00005786,9125,Salary,Active,2018-01-06,0.0,4.43
5787,ACC00005787,7210,Loan,Active,2019-10-09,1092700.0,8.07
5788,ACC00005788,5796,Savings,Active,2022-08-19,0.0,4.32
5789,ACC00005789,6978,Loan,Active,2022-01-29,624500.0,10.96
5790,ACC00005790,7667,Current,Active,2019-04-30,1022700.0,3.65
5791,ACC00005791,4662,Savings,Active,2024-05-29,0.0,4.99
5792,ACC00005792,6249,Fixed Deposit,Active,2018-01-07,0.0,5.53
5793,ACC00005793,1429,Current,Active,2023-01-19,1614000.0,4.15
5794,ACC00005794,6557,Savings,Active,2020-07-22,0.0,4.06
5795,ACC00005795,5299,Current,Active,2018-08-21,1677700.0,3.3
5796,ACC00005796,5978,Salary,Active,2021-04-07,0.0,4.05
5797,ACC00005797,807,Savings,Active,2018-08-27,0.0,3.09
5798,ACC00005798,325,Current,Active,2024-08-02,1730600.0,2.74
5799,ACC00005799,2172,Savings,Active,2019-03-19,0.0,4.8
5800,ACC00005800,3070,Current,Active,2023-08-22,985200.0,4.98
5801,ACC00005801,1532,Savings,Active,2021-03-23,0.0,4.83
5802,ACC00005802,8859,Current,Active,2018-07-30,1905700.0,4.17
5803,ACC00005803,8973,Loan,Active,2024-02-08,1540700.0,9.79
5804,ACC00005804,279,Salary,Active,2020-01-17,0.0,3.52
5805,ACC00005805,3649,Loan,Active,2021-06-25,388600.0,8.93
5806,ACC00005806,5340,Savings,Active,2019-03-06,0.0,3.88
5807,ACC00005807,3318,Savings,Closed,2024-01-19,0.0,4.71
5808,ACC00005808,2639,Salary,Active,2019-04-24,0.0,4.74
5809,ACC00005809,1000,Salary,Active,2022-07-08,0.0,3.49
5810,ACC00005810,7237,Savings,Active,2021-02-06,0.0,3.35
5811,ACC00005811,3930,Savings,Active,2022-01-03,0.0,4.92
5812,ACC00005812,495,Savings,Active,2018-12-03,0.0,2.63
5813,ACC00005813,5831,Salary,Active,2021-04-23,0.0,2.94
5814,ACC00005814,4977,Savings,Active,2018-02-04,0.0,2.73
5815,ACC00005815,5782,Savings,Active,2019-06-13,0.0,3.49
5816,ACC00005816,9973,Salary,Active,2023-10-04,0.0,3.57
5817,ACC00005817,4476,Savings,Active,2020-01-08,0.0,2.57
5818,ACC00005818,6145,Loan,Active,2019-11-05,1098400.0,10.74
5819,ACC00005819,5214,Salary,Active,2025-08-17,0.0,4.26
5820,ACC00005820,67,Current,Active,2025-12-14,1967800.0,4.02
5821,ACC00005821,8646,Salary,Closed,2024-09-03,0.0,2.88
5822,ACC00005822,5087,Savings,Blocked,2020-10-10,0.0,2.62
5823,ACC00005823,5125,Savings,Active,2019-05-05,0.0,4.49
5824,ACC00005824,2756,Current,Active,2021-04-28,668500.0,2.96
5825,ACC00005825,1355,Loan,Active,2022-03-14,315300.0,13.66
5826,ACC00005826,8254,Savings,Active,2023-11-20,0.0,4.29
5827,ACC00005827,939,Salary,Active,2024-10-28,0.0,3.65
5828,ACC00005828,8561,Loan,Active,2022-07-12,1451300.0,11.81
5829,ACC00005829,7545,Current,Active,2022-01-10,1589100.0,3.35
5830,ACC00005830,7604,Current,Active,2018-08-05,1724000.0,3.19
5831,ACC00005831,3611,Salary,Active,2019-04-10,0.0,2.76
5832,ACC00005832,7220,Savings,Active,2023-10-14,0.0,4.56
5833,ACC00005833,8960,Savings,Active,2019-09-20,0.0,3.48
5834,ACC00005834,2878,Savings,Dormant,2024-07-15,0.0,3.66
5835,ACC00005835,2240,Fixed Deposit,Active,2025-12-18,0.0,6.98
5836,ACC00005836,2664,Savings,Closed,2019-04-11,0.0,4.91
5837,ACC00005837,101,Current,Blocked,2024-09-13,1319800.0,3.18
5838,ACC00005838,4476,Savings,Active,2019-03-20,0.0,3.75
5839,ACC00005839,834,Current,Active,2019-03-17,947500.0,4.28
5840,ACC00005840,6515,Savings,Active,2021-01-03,0.0,4.99
5841,ACC00005841,9148,Current,Active,2019-06-11,1900500.0,4.92
5842,ACC00005842,8210,Savings,Active,2023-01-16,0.0,3.44
5843,ACC00005843,7695,Savings,Active,2024-01-06,0.0,4.19
5844,ACC00005844,2081,Savings,Active,2023-09-27,0.0,4.83
5845,ACC00005845,4829,Salary,Active,2024-04-04,0.0,4.42
5846,ACC00005846,2589,Current,Active,2024-09-28,976500.0,3.96
5847,ACC00005847,8129,Current,Active,2021-04-25,1032200.0,3.57
5848,ACC00005848,9758,Salary,Active,2018-03-19,0.0,4.54
5849,ACC00005849,5995,Salary,Active,2019-07-04,0.0,4.14
5850,ACC00005850,5941,Savings,Active,2019-12-24,0.0,3.6
5851,ACC00005851,586,Savings,Active,2022-02-28,0.0,2.64
5852,ACC00005852,8966,Savings,Active,2024-01-22,0.0,3.35
5853,ACC00005853,7981,Fixed Deposit,Active,2024-09-11,0.0,7.97
5854,ACC00005854,575,Savings,Active,2018-03-03,0.0,4.5
5855,ACC00005855,1153,Current,Active,2025-07-20,1836900.0,3.94
5856,ACC00005856,2569,Current,Dormant,2020-12-06,469000.0,4.59
5857,ACC00005857,4914,Current,Active,2023-08-05,218200.0,3.49
5858,ACC00005858,5611,Current,Active,2019-10-02,1883500.0,4.47
5859,ACC00005859,1401,Fixed Deposit,Active,2020-01-06,0.0,5.67
5860,ACC00005860,1962,Savings,Closed,2018-03-11,0.0,3.32
5861,ACC00005861,9730,Savings,Active,2025-10-25,0.0,3.6
5862,ACC00005862,6600,Savings,Active,2025-11-26,0.0,4.06
5863,ACC00005863,2654,Salary,Active,2019-05-26,0.0,4.41
5864,ACC00005864,9977,Savings,Closed,2021-09-22,0.0,2.83
5865,ACC00005865,4754,Current,Active,2023-09-13,645600.0,2.66
5866,ACC00005866,829,Fixed Deposit,Active,2018-02-16,0.0,7.56
5867,ACC00005867,2566,Savings,Closed,2020-09-30,0.0,4.38
5868,ACC00005868,7149,Savings,Blocked,2022-10-07,0.0,4.01
5869,ACC00005869,8819,Savings,Active,2018-02-06,0.0,4.79
5870,ACC00005870,7790,Savings,Active,2025-08-20,0.0,2.68
5871,ACC00005871,9206,Loan,Closed,2018-05-11,1835500.0,14.1
5872,ACC00005872,4877,Salary,Active,2025-12-02,0.0,3.65
5873,ACC00005873,2575,Current,Dormant,2022-12-07,254900.0,4.04
5874,ACC00005874,6742,Savings,Active,2025-06-01,0.0,3.82
5875,ACC00005875,4179,Savings,Active,2025-03-23,0.0,2.79
5876,ACC00005876,6350,Savings,Active,2019-04-12,0.0,4.51
5877,ACC00005877,8353,Salary,Active,2023-06-29,0.0,4.87
5878,ACC00005878,5953,Current,Active,2018-03-13,1882200.0,4.78
5879,ACC00005879,3985,Current,Active,2024-06-16,1453200.0,3.87
5880,ACC00005880,5586,Savings,Active,2022-05-19,0.0,4.33
5881,ACC00005881,6617,Current,Active,2025-08-01,1143300.0,3.29
5882,ACC00005882,5683,Savings,Active,2018-09-15,0.0,3.49
5883,ACC00005883,1596,Savings,Active,2025-03-09,0.0,3.65
5884,ACC00005884,5048,Fixed Deposit,Active,2021-09-01,0.0,5.64
5885,ACC00005885,4894,Fixed Deposit,Closed,2020-11-06,0.0,7.62
5886,ACC00005886,7257,Current,Active,2023-02-12,1709200.0,4.77
5887,ACC00005887,4642,Loan,Active,2021-01-25,1428900.0,11.51
5888,ACC00005888,5643,Salary,Active,2023-11-09,0.0,3.16
5889,ACC00005889,3279,Savings,Active,2021-08-30,0.0,4.0
5890,ACC00005890,5619,Loan,Active,2021-01-24,938400.0,12.03
5891,ACC00005891,1309,Savings,Active,2020-10-26,0.0,3.38
5892,ACC00005892,2782,Loan,Active,2022-05-06,555500.0,13.61
5893,ACC00005893,6667,Salary,Active,2020-08-03,0.0,4.02
5894,ACC00005894,385,Savings,Active,2019-12-08,0.0,4.36
5895,ACC00005895,5585,Savings,Active,2021-01-21,0.0,3.56
5896,ACC00005896,5067,Salary,Closed,2020-04-03,0.0,4.45
5897,ACC00005897,7884,Fixed Deposit,Active,2021-03-08,0.0,5.55
5898,ACC00005898,4830,Current,Active,2018-08-06,1614600.0,4.12
5899,ACC00005899,2619,Salary,Active,2020-05-17,0.0,4.36
5900,ACC00005900,9708,Current,Dormant,2020-10-27,1454800.0,2.89
5901,ACC00005901,4751,Savings,Active,2024-10-17,0.0,3.27
5902,ACC00005902,2761,Salary,Active,2020-10-19,0.0,3.0
5903,ACC00005903,2750,Fixed Deposit,Closed,2019-11-29,0.0,5.93
5904,ACC00005904,5409,Savings,Closed,2023-09-13,0.0,3.06
5905,ACC00005905,9216,Savings,Active,2018-05-10,0.0,3.35
5906,ACC00005906,8224,Savings,Active,2019-11-06,0.0,4.68
5907,ACC00005907,5199,Savings,Dormant,2021-12-05,0.0,4.53
5908,ACC00005908,9941,Salary,Active,2025-04-21,0.0,4.46
5909,ACC00005909,540,Current,Active,2025-06-06,573000.0,2.82
5910,ACC00005910,2938,Savings,Active,2022-12-13,0.0,4.34
5911,ACC00005911,4885,Savings,Active,2025-05-19,0.0,3.48
5912,ACC00005912,9432,Salary,Active,2023-12-11,0.0,2.77
5913,ACC00005913,7779,Savings,Active,2020-10-21,0.0,2.78
5914,ACC00005914,5094,Savings,Active,2024-11-17,0.0,2.69
5915,ACC00005915,6983,Savings,Active,2024-08-18,0.0,4.05
5916,ACC00005916,8214,Loan,Dormant,2022-05-29,159500.0,14.34
5917,ACC00005917,4121,Savings,Active,2019-08-21,0.0,3.05
5918,ACC00005918,9774,Salary,Dormant,2022-02-20,0.0,4.28
5919,ACC00005919,1066,Current,Dormant,2018-02-01,1228900.0,4.56
5920,ACC00005920,2593,Savings,Active,2024-05-20,0.0,3.71
5921,ACC00005921,2555,Savings,Active,2018-02-21,0.0,4.73
5922,ACC00005922,346,Salary,Closed,2019-09-07,0.0,3.77
5923,ACC00005923,4911,Savings,Active,2025-10-04,0.0,4.85
5924,ACC00005924,467,Current,Active,2025-12-12,1571400.0,2.58
5925,ACC00005925,3384,Savings,Active,2022-06-17,0.0,3.18
5926,ACC00005926,153,Savings,Active,2022-08-13,0.0,3.24
5927,ACC00005927,7482,Savings,Active,2024-08-10,0.0,3.31
5928,ACC00005928,4203,Savings,Active,2018-08-22,0.0,3.5
5929,ACC00005929,7370,Savings,Active,2024-04-13,0.0,3.61
5930,ACC00005930,2512,Current,Active,2019-02-02,1366300.0,2.72
5931,ACC00005931,2417,Savings,Active,2023-12-09,0.0,2.69
5932,ACC00005932,5038,Current,Blocked,2024-01-27,1228900.0,3.74
5933,ACC00005933,6248,Savings,Active,2024-03-06,0.0,3.15
5934,ACC00005934,5942,Current,Active,2024-02-24,938300.0,3.61
5935,ACC00005935,9793,Savings,Active,2023-11-21,0.0,3.47
5936,ACC00005936,6590,Savings,Active,2024-04-09,0.0,4.61
5937,ACC00005937,9012,Savings,Active,2025-10-28,0.0,3.16
5938,ACC00005938,5115,Savings,Active,2018-06-06,0.0,3.72
5939,ACC00005939,8339,Savings,Active,2022-02-21,0.0,4.11
5940,ACC00005940,4548,Current,Active,2023-09-28,1245500.0,4.77
5941,ACC00005941,1674,Savings,Blocked,2025-09-29,0.0,2.77
5942,ACC00005942,4728,Savings,Active,2021-12-14,0.0,3.45
5943,ACC00005943,171,Fixed Deposit,Active,2019-07-06,0.0,7.97
5944,ACC00005944,8573,Savings,Active,2023-12-03,0.0,4.12
5945,ACC00005945,2679,Current,Active,2021-11-30,1870500.0,4.18
5946,ACC00005946,3318,Loan,Active,2025-10-05,1051100.0,10.12
5947,ACC00005947,744,Fixed Deposit,Active,2019-08-01,0.0,7.62
5948,ACC00005948,9865,Fixed Deposit,Active,2018-02-13,0.0,7.55
5949,ACC00005949,4929,Savings,Active,2021-04-22,0.0,2.57
5950,ACC00005950,8883,Savings,Active,2020-09-06,0.0,3.26
5951,ACC00005951,7615,Current,Active,2024-04-15,1762600.0,3.34
5952,ACC00005952,5816,Savings,Active,2018-05-31,0.0,3.54
5953,ACC00005953,8913,Current,Dormant,2018-10-06,198800.0,3.12
5954,ACC00005954,4329,Current,Active,2021-04-24,1407200.0,4.97
5955,ACC00005955,7132,Fixed Deposit,Active,2024-07-18,0.0,6.69
5956,ACC00005956,6527,Current,Active,2019-05-11,1087900.0,4.74
5957,ACC00005957,9073,Savings,Closed,2024-01-30,0.0,3.28
5958,ACC00005958,558,Current,Active,2020-02-27,591900.0,2.74
5959,ACC00005959,5904,Salary,Active,2020-09-14,0.0,3.94
5960,ACC00005960,2607,Savings,Active,2024-07-28,0.0,2.9
5961,ACC00005961,4540,Current,Active,2020-09-14,602300.0,4.4
5962,ACC00005962,569,Current,Active,2023-04-17,1937800.0,3.88
5963,ACC00005963,5406,Loan,Active,2019-09-15,1432200.0,12.09
5964,ACC00005964,7917,Salary,Active,2024-04-25,0.0,4.1
5965,ACC00005965,4570,Savings,Active,2025-08-09,0.0,4.81
5966,ACC00005966,4101,Fixed Deposit,Active,2018-07-15,0.0,7.39
5967,ACC00005967,5775,Savings,Active,2019-11-19,0.0,2.84
5968,ACC00005968,8058,Current,Active,2025-11-12,1729300.0,4.17
5969,ACC00005969,7967,Savings,Active,2019-04-11,0.0,4.82
5970,ACC00005970,4523,Savings,Active,2019-12-16,0.0,4.04
5971,ACC00005971,4107,Loan,Blocked,2020-05-21,904500.0,9.9
5972,ACC00005972,9086,Savings,Closed,2023-07-26,0.0,2.62
5973,ACC00005973,2028,Savings,Active,2023-12-01,0.0,4.56
5974,ACC00005974,1792,Savings,Active,2019-05-31,0.0,4.69
5975,ACC00005975,2099,Savings,Dormant,2018-12-25,0.0,4.11
5976,ACC00005976,1420,Current,Active,2024-05-09,1112000.0,3.59
5977,ACC00005977,2421,Salary,Closed,2020-08-25,0.0,3.23
5978,ACC00005978,9171,Salary,Dormant,2021-02-24,0.0,2.8
5979,ACC00005979,5523,Current,Active,2022-03-24,1260500.0,4.91
5980,ACC00005980,9870,Fixed Deposit,Active,2021-09-02,0.0,7.86
5981,ACC00005981,3409,Savings,Active,2019-07-16,0.0,4.16
5982,ACC00005982,5735,Savings,Active,2024-02-21,0.0,2.55
5983,ACC00005983,5625,Salary,Active,2023-03-28,0.0,3.07
5984,ACC00005984,422,Current,Active,2025-02-17,1259000.0,4.93
5985,ACC00005985,7125,Current,Blocked,2021-03-12,797400.0,4.07
5986,ACC00005986,8372,Savings,Active,2022-09-12,0.0,4.05
5987,ACC00005987,9623,Fixed Deposit,Closed,2023-01-09,0.0,6.23
5988,ACC00005988,2625,Current,Active,2025-04-06,214000.0,2.56
5989,ACC00005989,1444,Savings,Dormant,2021-06-03,0.0,4.26
5990,ACC00005990,830,Savings,Active,2022-03-07,0.0,4.25
5991,ACC00005991,6594,Loan,Dormant,2020-04-29,1688100.0,7.86
5992,ACC00005992,3565,Salary,Active,2019-09-23,0.0,4.27
5993,ACC00005993,1803,Current,Closed,2021-02-04,1180400.0,3.43
5994,ACC00005994,2672,Current,Active,2020-11-15,511900.0,3.79
5995,ACC00005995,2186,Savings,Closed,2024-04-19,0.0,3.19
5996,ACC00005996,4100,Salary,Active,2019-12-09,0.0,4.12
5997,ACC00005997,7990,Loan,Active,2023-08-23,279000.0,11.61
5998,ACC00005998,6055,Fixed Deposit,Active,2022-12-08,0.0,6.54
5999,ACC00005999,466,Fixed Deposit,Active,2023-11-28,0.0,8.11
6000,ACC00006000,8192,Salary,Active,2018-06-28,0.0,3.12
6001,ACC00006001,4670,Savings,Active,2021-12-02,0.0,4.84
6002,ACC00006002,7197,Savings,Active,2023-04-26,0.0,4.54
6003,ACC00006003,9728,Fixed Deposit,Active,2018-12-12,0.0,5.96
6004,ACC00006004,7563,Salary,Blocked,2021-10-26,0.0,3.04
6005,ACC00006005,7892,Loan,Active,2023-06-28,1972500.0,10.22
6006,ACC00006006,7643,Savings,Active,2022-06-30,0.0,2.51
6007,ACC00006007,9587,Savings,Active,2024-07-26,0.0,3.9
6008,ACC00006008,6787,Fixed Deposit,Active,2024-02-06,0.0,6.83
6009,ACC00006009,5148,Savings,Active,2021-02-12,0.0,4.62
6010,ACC00006010,3188,Savings,Active,2020-03-21,0.0,4.08
6011,ACC00006011,5557,Loan,Active,2023-01-20,1079200.0,9.91
6012,ACC00006012,752,Current,Active,2024-02-14,1414700.0,4.17
6013,ACC00006013,9690,Savings,Active,2019-04-11,0.0,4.55
6014,ACC00006014,6692,Loan,Active,2020-04-21,1717100.0,8.16
6015,ACC00006015,2331,Savings,Active,2023-03-05,0.0,2.56
6016,ACC00006016,8590,Savings,Active,2023-04-22,0.0,3.89
6017,ACC00006017,3671,Current,Active,2022-07-07,1982900.0,3.54
6018,ACC00006018,2236,Salary,Active,2022-08-29,0.0,4.67
6019,ACC00006019,8614,Savings,Active,2022-05-16,0.0,4.12
6020,ACC00006020,1666,Current,Dormant,2023-06-28,1389400.0,3.41
6021,ACC00006021,2163,Savings,Active,2021-04-17,0.0,3.95
6022,ACC00006022,4559,Savings,Closed,2018-10-09,0.0,3.9
6023,ACC00006023,5954,Salary,Active,2024-03-13,0.0,3.69
6024,ACC00006024,4196,Savings,Active,2022-10-31,0.0,4.21
6025,ACC00006025,9692,Savings,Active,2023-04-25,0.0,3.26
6026,ACC00006026,8910,Savings,Active,2022-01-11,0.0,3.65
6027,ACC00006027,3102,Savings,Active,2024-04-20,0.0,4.93
6028,ACC00006028,904,Current,Active,2024-08-16,1415900.0,3.25
6029,ACC00006029,766,Loan,Active,2023-07-05,1766900.0,9.48
6030,ACC00006030,1812,Savings,Closed,2021-01-24,0.0,2.54
6031,ACC00006031,4175,Current,Active,2025-09-02,1925600.0,3.09
6032,ACC00006032,8383,Savings,Active,2018-03-10,0.0,2.64
6033,ACC00006033,4942,Loan,Active,2025-09-14,608800.0,7.5
6034,ACC00006034,3993,Salary,Active,2024-02-19,0.0,2.85
6035,ACC00006035,825,Salary,Dormant,2019-12-27,0.0,3.97
6036,ACC00006036,4924,Current,Blocked,2025-04-13,1840800.0,3.16
6037,ACC00006037,9748,Current,Active,2020-11-05,178100.0,2.86
6038,ACC00006038,4211,Savings,Active,2018-09-19,0.0,4.27
6039,ACC00006039,3354,Savings,Active,2023-01-22,0.0,4.97
6040,ACC00006040,7161,Savings,Active,2020-07-28,0.0,4.66
6041,ACC00006041,2528,Savings,Dormant,2019-07-05,0.0,4.52
6042,ACC00006042,3863,Savings,Dormant,2023-04-14,0.0,4.44
6043,ACC00006043,5646,Savings,Active,2021-01-02,0.0,3.4
6044,ACC00006044,734,Current,Active,2022-02-03,914200.0,2.94
6045,ACC00006045,7772,Current,Active,2019-04-02,626000.0,2.81
6046,ACC00006046,2598,Current,Active,2023-10-15,1694500.0,4.0
6047,ACC00006047,1209,Fixed Deposit,Active,2021-11-15,0.0,5.52
6048,ACC00006048,1566,Loan,Active,2023-11-06,1967300.0,12.87
6049,ACC00006049,3827,Loan,Active,2024-08-19,1067500.0,13.36
6050,ACC00006050,8952,Fixed Deposit,Active,2025-03-28,0.0,7.58
6051,ACC00006051,5687,Salary,Active,2018-11-27,0.0,3.28
6052,ACC00006052,5095,Salary,Active,2024-04-30,0.0,3.5
6053,ACC00006053,5474,Savings,Dormant,2022-03-21,0.0,3.31
6054,ACC00006054,3181,Salary,Active,2019-03-09,0.0,3.45
6055,ACC00006055,6722,Savings,Blocked,2024-07-15,0.0,4.36
6056,ACC00006056,8117,Salary,Active,2021-12-30,0.0,3.61
6057,ACC00006057,7838,Savings,Active,2024-08-07,0.0,4.02
6058,ACC00006058,6582,Salary,Active,2022-06-03,0.0,4.66
6059,ACC00006059,3415,Savings,Active,2022-07-04,0.0,4.28
6060,ACC00006060,8111,Savings,Active,2023-02-16,0.0,2.72
6061,ACC00006061,9581,Savings,Closed,2024-12-12,0.0,4.4
6062,ACC00006062,7505,Savings,Active,2020-10-07,0.0,4.93
6063,ACC00006063,5842,Savings,Blocked,2024-09-29,0.0,4.4
6064,ACC00006064,3744,Current,Active,2023-12-29,466900.0,4.17
6065,ACC00006065,5953,Fixed Deposit,Active,2021-12-21,0.0,6.28
6066,ACC00006066,142,Fixed Deposit,Active,2020-07-12,0.0,5.6
6067,ACC00006067,8258,Savings,Blocked,2025-06-02,0.0,3.94
6068,ACC00006068,7130,Savings,Active,2023-04-17,0.0,4.03
6069,ACC00006069,6071,Savings,Active,2023-07-11,0.0,2.73
6070,ACC00006070,4652,Salary,Active,2024-01-11,0.0,2.78
6071,ACC00006071,39,Savings,Active,2021-10-24,0.0,2.59
6072,ACC00006072,4523,Current,Dormant,2019-03-28,880400.0,3.76
6073,ACC00006073,3615,Fixed Deposit,Active,2022-04-13,0.0,8.3
6074,ACC00006074,8256,Salary,Active,2022-05-30,0.0,3.06
6075,ACC00006075,9474,Current,Active,2024-03-06,1457400.0,3.63
6076,ACC00006076,299,Current,Active,2022-11-20,1115000.0,3.13
6077,ACC00006077,5672,Savings,Active,2024-11-08,0.0,4.99
6078,ACC00006078,6230,Savings,Active,2022-05-05,0.0,4.0
6079,ACC00006079,2560,Savings,Active,2018-10-01,0.0,2.87
6080,ACC00006080,9324,Salary,Active,2021-12-13,0.0,3.61
6081,ACC00006081,7927,Fixed Deposit,Active,2025-10-10,0.0,7.91
6082,ACC00006082,9439,Fixed Deposit,Dormant,2021-07-17,0.0,5.9
6083,ACC00006083,9111,Savings,Active,2019-08-17,0.0,4.5
6084,ACC00006084,1434,Loan,Active,2020-01-16,1052500.0,10.43
6085,ACC00006085,747,Savings,Closed,2020-12-29,0.0,2.63
6086,ACC00006086,3317,Fixed Deposit,Closed,2025-04-20,0.0,7.13
6087,ACC00006087,4318,Current,Active,2021-03-31,274200.0,4.51
6088,ACC00006088,8521,Fixed Deposit,Active,2020-06-12,0.0,6.32
6089,ACC00006089,4778,Savings,Active,2019-10-27,0.0,4.24
6090,ACC00006090,8437,Savings,Dormant,2024-03-22,0.0,3.42
6091,ACC00006091,6688,Current,Active,2020-03-23,387800.0,4.68
6092,ACC00006092,4095,Savings,Active,2023-08-11,0.0,4.42
6093,ACC00006093,7548,Fixed Deposit,Active,2018-02-27,0.0,8.1
6094,ACC00006094,6860,Salary,Active,2021-04-14,0.0,4.32
6095,ACC00006095,91,Savings,Active,2022-01-02,0.0,3.28
6096,ACC00006096,8494,Savings,Active,2019-04-20,0.0,4.64
6097,ACC00006097,8730,Current,Blocked,2024-02-18,667200.0,3.92
6098,ACC00006098,107,Current,Active,2020-01-12,609800.0,2.58
6099,ACC00006099,3854,Savings,Active,2024-09-17,0.0,4.55
6100,ACC00006100,9422,Savings,Active,2021-09-15,0.0,2.66
6101,ACC00006101,395,Savings,Dormant,2018-07-03,0.0,2.52
6102,ACC00006102,3080,Savings,Active,2018-01-23,0.0,3.46
6103,ACC00006103,8871,Current,Active,2025-06-23,1570400.0,2.92
6104,ACC00006104,6159,Salary,Active,2023-10-07,0.0,3.08
6105,ACC00006105,7940,Salary,Active,2019-04-22,0.0,3.47
6106,ACC00006106,4289,Current,Active,2024-08-16,147100.0,2.68
6107,ACC00006107,6,Current,Active,2019-02-27,371400.0,3.41
6108,ACC00006108,7234,Loan,Dormant,2024-10-24,894500.0,9.24
6109,ACC00006109,1775,Loan,Active,2025-01-20,1737100.0,13.84
6110,ACC00006110,979,Fixed Deposit,Active,2021-12-13,0.0,5.82
6111,ACC00006111,7349,Loan,Active,2025-01-05,603700.0,14.35
6112,ACC00006112,2771,Savings,Active,2024-12-27,0.0,3.89
6113,ACC00006113,8137,Savings,Dormant,2024-01-03,0.0,3.53
6114,ACC00006114,6163,Loan,Active,2023-10-20,770200.0,8.82
6115,ACC00006115,525,Savings,Active,2021-12-24,0.0,2.83
6116,ACC00006116,9150,Fixed Deposit,Active,2018-04-08,0.0,5.86
6117,ACC00006117,8456,Savings,Dormant,2022-10-21,0.0,3.78
6118,ACC00006118,2425,Loan,Active,2018-01-19,370600.0,11.41
6119,ACC00006119,3902,Salary,Closed,2018-01-28,0.0,4.25
6120,ACC00006120,5212,Savings,Active,2020-01-30,0.0,4.31
6121,ACC00006121,3419,Savings,Active,2018-10-17,0.0,3.86
6122,ACC00006122,6712,Savings,Active,2019-06-01,0.0,3.12
6123,ACC00006123,5414,Salary,Active,2024-01-09,0.0,4.89
6124,ACC00006124,6506,Savings,Active,2020-09-05,0.0,4.51
6125,ACC00006125,6985,Loan,Active,2024-05-11,433100.0,14.42
6126,ACC00006126,7951,Current,Active,2025-01-23,798300.0,3.63
6127,ACC00006127,1598,Current,Active,2020-01-23,1402600.0,3.17
6128,ACC00006128,5309,Fixed Deposit,Active,2020-01-31,0.0,6.59
6129,ACC00006129,5538,Fixed Deposit,Active,2022-03-29,0.0,6.52
6130,ACC00006130,3609,Salary,Active,2018-12-14,0.0,3.71
6131,ACC00006131,3585,Loan,Active,2023-06-04,1698000.0,8.29
6132,ACC00006132,2507,Current,Active,2025-09-13,1724500.0,4.42
6133,ACC00006133,7439,Loan,Active,2025-09-16,478500.0,14.31
6134,ACC00006134,2522,Current,Dormant,2023-06-06,1937900.0,4.64
6135,ACC00006135,9775,Salary,Active,2022-04-04,0.0,3.98
6136,ACC00006136,5281,Savings,Active,2022-04-02,0.0,4.73
6137,ACC00006137,6961,Fixed Deposit,Active,2024-03-13,0.0,7.41
6138,ACC00006138,4963,Savings,Active,2021-05-16,0.0,4.38
6139,ACC00006139,1006,Salary,Active,2021-02-05,0.0,3.41
6140,ACC00006140,2459,Savings,Active,2024-05-09,0.0,3.91
6141,ACC00006141,724,Loan,Active,2023-08-05,102300.0,11.89
6142,ACC00006142,1292,Savings,Active,2022-08-09,0.0,3.25
6143,ACC00006143,6522,Current,Active,2024-05-06,1853300.0,4.1
6144,ACC00006144,762,Savings,Active,2021-02-28,0.0,4.85
6145,ACC00006145,6589,Current,Blocked,2024-04-29,78300.0,4.54
6146,ACC00006146,5076,Savings,Closed,2023-11-21,0.0,4.3
6147,ACC00006147,5335,Current,Active,2020-03-03,1891000.0,3.05
6148,ACC00006148,8655,Savings,Dormant,2020-06-07,0.0,3.71
6149,ACC00006149,3420,Savings,Dormant,2023-04-21,0.0,3.7
6150,ACC00006150,5512,Salary,Active,2025-07-26,0.0,4.16
6151,ACC00006151,4614,Current,Active,2025-11-26,1593400.0,3.32
6152,ACC00006152,4284,Current,Closed,2019-08-27,638100.0,3.79
6153,ACC00006153,3249,Loan,Active,2021-03-31,1861900.0,14.48
6154,ACC00006154,3214,Savings,Active,2018-06-26,0.0,2.69
6155,ACC00006155,9642,Current,Active,2024-08-15,1762100.0,3.02
6156,ACC00006156,3671,Current,Closed,2021-07-30,703600.0,4.33
6157,ACC00006157,1854,Savings,Active,2024-05-27,0.0,3.31
6158,ACC00006158,4519,Fixed Deposit,Blocked,2022-01-08,0.0,6.67
6159,ACC00006159,915,Current,Active,2023-03-29,1631800.0,4.03
6160,ACC00006160,9096,Fixed Deposit,Dormant,2025-03-13,0.0,7.25
6161,ACC00006161,2712,Fixed Deposit,Closed,2021-07-11,0.0,8.43
6162,ACC00006162,4981,Savings,Active,2021-07-17,0.0,4.29
6163,ACC00006163,3820,Loan,Dormant,2020-10-02,652600.0,9.78
6164,ACC00006164,4344,Salary,Active,2023-11-29,0.0,4.39
6165,ACC00006165,9613,Current,Active,2024-11-22,73800.0,4.0
6166,ACC00006166,9209,Fixed Deposit,Dormant,2018-07-11,0.0,6.61
6167,ACC00006167,4510,Savings,Active,2018-08-06,0.0,4.47
6168,ACC00006168,1165,Fixed Deposit,Active,2019-02-22,0.0,6.67
6169,ACC00006169,9941,Current,Active,2019-02-23,1789700.0,3.32
6170,ACC00006170,8531,Savings,Active,2018-06-06,0.0,4.24
6171,ACC00006171,492,Current,Active,2022-09-26,1185200.0,3.89
6172,ACC00006172,8230,Salary,Active,2018-04-08,0.0,2.71
6173,ACC00006173,3223,Savings,Active,2019-06-23,0.0,4.41
6174,ACC00006174,5166,Savings,Active,2024-07-08,0.0,4.57
6175,ACC00006175,2559,Loan,Active,2018-10-25,794600.0,9.57
6176,ACC00006176,9132,Loan,Dormant,2021-02-05,963600.0,7.75
6177,ACC00006177,6258,Current,Active,2025-01-06,1188700.0,3.93
6178,ACC00006178,2768,Current,Active,2019-01-11,1051600.0,3.71
6179,ACC00006179,9616,Savings,Closed,2022-01-01,0.0,4.3
6180,ACC00006180,6096,Savings,Dormant,2019-02-05,0.0,2.81
6181,ACC00006181,6159,Savings,Active,2025-01-19,0.0,2.51
6182,ACC00006182,9402,Savings,Dormant,2021-11-27,0.0,3.1
6183,ACC00006183,7186,Salary,Active,2025-03-08,0.0,2.52
6184,ACC00006184,3269,Savings,Active,2023-10-16,0.0,3.62
6185,ACC00006185,7454,Fixed Deposit,Active,2024-05-28,0.0,7.78
6186,ACC00006186,6303,Loan,Active,2018-01-08,209200.0,11.68
6187,ACC00006187,3737,Current,Active,2021-05-29,1135800.0,4.49
6188,ACC00006188,1387,Savings,Active,2025-07-17,0.0,4.72
6189,ACC00006189,863,Loan,Dormant,2018-02-02,410700.0,9.83
6190,ACC00006190,2039,Salary,Active,2025-03-30,0.0,2.53
6191,ACC00006191,2258,Savings,Active,2021-04-14,0.0,3.65
6192,ACC00006192,2544,Loan,Active,2019-02-21,1683000.0,14.31
6193,ACC00006193,929,Savings,Active,2024-05-08,0.0,2.69
6194,ACC00006194,5101,Current,Active,2018-08-09,1973400.0,3.24
6195,ACC00006195,2179,Salary,Active,2024-11-16,0.0,2.91
6196,ACC00006196,8628,Savings,Active,2022-09-28,0.0,4.62
6197,ACC00006197,7456,Savings,Active,2021-02-11,0.0,4.75
6198,ACC00006198,2213,Savings,Active,2023-05-24,0.0,4.68
6199,ACC00006199,9500,Loan,Active,2018-11-17,1285400.0,9.94
6200,ACC00006200,8361,Current,Active,2024-06-05,1204200.0,4.55
6201,ACC00006201,420,Savings,Active,2021-07-22,0.0,4.85
6202,ACC00006202,3977,Current,Active,2020-03-24,1426400.0,4.61
6203,ACC00006203,5905,Savings,Active,2020-06-08,0.0,4.11
6204,ACC00006204,7178,Savings,Active,2025-04-06,0.0,4.92
6205,ACC00006205,4842,Salary,Closed,2021-07-09,0.0,4.2
6206,ACC00006206,8331,Savings,Active,2024-06-26,0.0,4.74
6207,ACC00006207,8493,Current,Active,2018-10-15,1498500.0,3.73
6208,ACC00006208,2905,Savings,Active,2023-02-17,0.0,4.32
6209,ACC00006209,529,Savings,Active,2023-08-28,0.0,3.33
6210,ACC00006210,6336,Fixed Deposit,Active,2023-12-25,0.0,8.22
6211,ACC00006211,3706,Current,Active,2019-03-21,207300.0,4.49
6212,ACC00006212,6351,Fixed Deposit,Dormant,2022-11-18,0.0,5.51
6213,ACC00006213,107,Loan,Active,2023-12-18,1529900.0,11.85
6214,ACC00006214,5453,Savings,Active,2019-06-25,0.0,3.41
6215,ACC00006215,1862,Savings,Active,2018-05-25,0.0,3.77
6216,ACC00006216,8234,Loan,Closed,2019-04-22,354000.0,8.19
6217,ACC00006217,6868,Savings,Dormant,2019-01-04,0.0,2.65
6218,ACC00006218,5955,Savings,Active,2020-06-13,0.0,2.8
6219,ACC00006219,8323,Fixed Deposit,Active,2024-04-11,0.0,6.47
6220,ACC00006220,9026,Savings,Active,2025-07-03,0.0,3.33
6221,ACC00006221,6649,Salary,Active,2025-06-14,0.0,2.88
6222,ACC00006222,8165,Fixed Deposit,Active,2025-01-14,0.0,6.98
6223,ACC00006223,7630,Current,Active,2024-12-02,373800.0,3.1
6224,ACC00006224,4999,Current,Active,2023-03-04,268600.0,3.41
6225,ACC00006225,1644,Savings,Active,2020-12-07,0.0,4.14
6226,ACC00006226,6788,Current,Active,2023-10-04,461700.0,4.08
6227,ACC00006227,9394,Savings,Dormant,2020-04-10,0.0,2.56
6228,ACC00006228,789,Savings,Active,2019-11-28,0.0,4.18
6229,ACC00006229,1241,Current,Active,2018-10-05,1451800.0,4.99
6230,ACC00006230,4489,Savings,Active,2024-10-16,0.0,2.71
6231,ACC00006231,6156,Current,Active,2020-04-22,881700.0,4.18
6232,ACC00006232,2360,Loan,Active,2022-11-27,1854800.0,7.79
6233,ACC00006233,4613,Current,Active,2021-09-08,200000.0,2.91
6234,ACC00006234,8127,Salary,Active,2025-07-26,0.0,4.6
6235,ACC00006235,3549,Salary,Closed,2021-09-10,0.0,3.61
6236,ACC00006236,1819,Loan,Closed,2021-08-12,1296400.0,8.04
6237,ACC00006237,1639,Savings,Active,2020-08-07,0.0,4.91
6238,ACC00006238,1300,Savings,Blocked,2020-10-28,0.0,3.62
6239,ACC00006239,8832,Salary,Active,2023-10-21,0.0,3.48
6240,ACC00006240,285,Fixed Deposit,Active,2019-06-21,0.0,6.81
6241,ACC00006241,9463,Salary,Active,2023-02-13,0.0,4.45
6242,ACC00006242,6436,Savings,Active,2018-09-19,0.0,4.97
6243,ACC00006243,8840,Salary,Active,2018-06-18,0.0,4.15
6244,ACC00006244,3230,Current,Active,2024-05-23,544900.0,3.44
6245,ACC00006245,7357,Current,Closed,2022-08-13,1938300.0,2.55
6246,ACC00006246,3324,Current,Active,2023-11-17,1544100.0,3.76
6247,ACC00006247,7162,Current,Active,2024-10-19,1933400.0,4.08
6248,ACC00006248,9683,Savings,Active,2021-11-02,0.0,3.46
6249,ACC00006249,1015,Savings,Active,2020-09-05,0.0,4.94
6250,ACC00006250,5806,Current,Dormant,2018-12-25,1834900.0,2.73
6251,ACC00006251,2834,Savings,Active,2021-09-18,0.0,3.81
6252,ACC00006252,2641,Salary,Closed,2023-01-22,0.0,3.3
6253,ACC00006253,8298,Salary,Active,2018-01-22,0.0,3.67
6254,ACC00006254,2591,Savings,Active,2022-02-23,0.0,2.61
6255,ACC00006255,7544,Savings,Active,2019-02-09,0.0,4.91
6256,ACC00006256,6375,Savings,Active,2020-10-23,0.0,3.56
6257,ACC00006257,4053,Savings,Active,2024-11-10,0.0,2.64
6258,ACC00006258,2231,Savings,Active,2024-08-09,0.0,4.97
6259,ACC00006259,926,Salary,Active,2018-07-16,0.0,4.96
6260,ACC00006260,2706,Savings,Active,2022-10-19,0.0,3.83
6261,ACC00006261,2993,Current,Active,2019-05-09,564500.0,4.24
6262,ACC00006262,4362,Savings,Active,2022-06-25,0.0,2.59
6263,ACC00006263,5660,Current,Active,2025-01-09,1343900.0,3.02
6264,ACC00006264,1377,Loan,Dormant,2018-10-12,1620800.0,11.43
6265,ACC00006265,4583,Salary,Active,2022-03-17,0.0,4.06
6266,ACC00006266,914,Current,Active,2019-08-07,723600.0,4.71
6267,ACC00006267,5995,Current,Active,2020-12-25,956900.0,3.19
6268,ACC00006268,2953,Loan,Active,2025-01-11,611600.0,8.65
6269,ACC00006269,7388,Savings,Active,2021-08-15,0.0,2.66
6270,ACC00006270,7868,Salary,Active,2018-03-18,0.0,3.58
6271,ACC00006271,2714,Current,Active,2023-12-07,478000.0,2.75
6272,ACC00006272,5105,Current,Closed,2023-05-03,1054300.0,3.63
6273,ACC00006273,6932,Savings,Closed,2024-08-05,0.0,4.45
6274,ACC00006274,1040,Salary,Closed,2022-04-26,0.0,3.11
6275,ACC00006275,6816,Salary,Active,2021-03-12,0.0,3.96
6276,ACC00006276,7798,Salary,Active,2024-02-14,0.0,2.8
6277,ACC00006277,8715,Salary,Active,2022-05-27,0.0,3.34
6278,ACC00006278,4414,Fixed Deposit,Active,2023-04-11,0.0,5.91
6279,ACC00006279,9882,Loan,Active,2022-03-04,1647300.0,12.6
6280,ACC00006280,1143,Savings,Dormant,2020-05-05,0.0,4.91
6281,ACC00006281,742,Fixed Deposit,Active,2024-01-16,0.0,7.54
6282,ACC00006282,4876,Savings,Active,2022-02-08,0.0,4.41
6283,ACC00006283,313,Savings,Active,2019-06-16,0.0,4.68
6284,ACC00006284,3145,Savings,Closed,2024-09-14,0.0,3.52
6285,ACC00006285,6472,Current,Active,2018-08-25,824600.0,3.9
6286,ACC00006286,8799,Current,Active,2020-11-01,509000.0,3.69
6287,ACC00006287,1632,Fixed Deposit,Active,2021-02-18,0.0,7.55
6288,ACC00006288,6263,Savings,Active,2021-02-27,0.0,3.74
6289,ACC00006289,22,Fixed Deposit,Active,2021-04-16,0.0,6.77
6290,ACC00006290,2405,Loan,Active,2019-07-10,410700.0,10.43
6291,ACC00006291,2626,Savings,Active,2023-04-02,0.0,4.07
6292,ACC00006292,954,Savings,Active,2022-08-09,0.0,3.13
6293,ACC00006293,7099,Savings,Active,2019-11-27,0.0,3.76
6294,ACC00006294,3909,Loan,Active,2021-11-16,419700.0,11.61
6295,ACC00006295,4615,Fixed Deposit,Active,2023-11-10,0.0,7.16
6296,ACC00006296,3660,Current,Active,2021-04-01,356300.0,3.51
6297,ACC00006297,8395,Savings,Active,2022-10-19,0.0,2.63
6298,ACC00006298,7726,Savings,Closed,2025-05-25,0.0,3.48
6299,ACC00006299,4092,Fixed Deposit,Active,2019-04-28,0.0,7.84
6300,ACC00006300,1831,Savings,Dormant,2024-12-06,0.0,2.93
6301,ACC00006301,8387,Salary,Closed,2021-10-21,0.0,3.28
6302,ACC00006302,4055,Current,Active,2025-10-04,1076300.0,4.12
6303,ACC00006303,6467,Savings,Active,2021-10-16,0.0,4.76
6304,ACC00006304,5732,Current,Active,2025-10-08,71100.0,4.83
6305,ACC00006305,5878,Salary,Dormant,2021-06-27,0.0,4.14
6306,ACC00006306,1639,Savings,Active,2024-06-23,0.0,3.62
6307,ACC00006307,8408,Fixed Deposit,Blocked,2025-05-14,0.0,6.49
6308,ACC00006308,2782,Current,Closed,2018-11-10,791000.0,3.44
6309,ACC00006309,676,Savings,Closed,2023-03-18,0.0,3.14
6310,ACC00006310,2947,Current,Active,2023-06-10,910000.0,3.37
6311,ACC00006311,5574,Savings,Active,2018-11-13,0.0,2.98
6312,ACC00006312,5984,Fixed Deposit,Active,2023-02-08,0.0,8.38
6313,ACC00006313,3142,Loan,Dormant,2023-01-30,588100.0,10.5
6314,ACC00006314,6763,Salary,Active,2019-11-25,0.0,4.5
6315,ACC00006315,7236,Savings,Closed,2018-03-26,0.0,4.48
6316,ACC00006316,3213,Fixed Deposit,Closed,2019-05-02,0.0,5.61
6317,ACC00006317,1259,Savings,Active,2021-11-30,0.0,3.69
6318,ACC00006318,963,Savings,Active,2024-05-20,0.0,4.82
6319,ACC00006319,5475,Loan,Dormant,2023-06-18,986000.0,14.33
6320,ACC00006320,4588,Current,Active,2024-12-27,904200.0,4.94
6321,ACC00006321,5144,Savings,Active,2018-03-18,0.0,4.71
6322,ACC00006322,7832,Savings,Active,2021-10-14,0.0,4.09
6323,ACC00006323,7481,Salary,Active,2022-04-02,0.0,3.13
6324,ACC00006324,6510,Salary,Active,2022-01-15,0.0,3.69
6325,ACC00006325,3302,Savings,Active,2018-08-23,0.0,3.76
6326,ACC00006326,2885,Savings,Active,2021-08-22,0.0,3.13
6327,ACC00006327,7487,Savings,Active,2020-05-01,0.0,4.69
6328,ACC00006328,8692,Salary,Active,2025-07-31,0.0,3.53
6329,ACC00006329,6018,Savings,Active,2025-02-13,0.0,4.05
6330,ACC00006330,5320,Fixed Deposit,Active,2024-11-09,0.0,5.94
6331,ACC00006331,248,Savings,Active,2020-10-07,0.0,4.3
6332,ACC00006332,9440,Savings,Active,2023-02-20,0.0,3.98
6333,ACC00006333,3310,Savings,Active,2025-12-21,0.0,3.57
6334,ACC00006334,8177,Savings,Active,2019-11-24,0.0,3.52
6335,ACC00006335,7046,Current,Active,2023-03-05,846600.0,3.29
6336,ACC00006336,9920,Savings,Active,2020-10-12,0.0,3.36
6337,ACC00006337,3825,Savings,Active,2022-11-28,0.0,4.82
6338,ACC00006338,7656,Salary,Closed,2021-03-28,0.0,3.15
6339,ACC00006339,5763,Savings,Active,2021-03-17,0.0,4.77
6340,ACC00006340,2607,Loan,Active,2025-03-16,868500.0,10.3
6341,ACC00006341,9957,Savings,Active,2019-05-09,0.0,3.27
6342,ACC00006342,3547,Savings,Active,2020-03-16,0.0,4.87
6343,ACC00006343,9568,Current,Active,2019-07-22,1681500.0,4.97
6344,ACC00006344,8016,Fixed Deposit,Blocked,2022-09-06,0.0,8.1
6345,ACC00006345,7952,Savings,Active,2020-03-16,0.0,3.09
6346,ACC00006346,9476,Salary,Active,2025-08-09,0.0,3.5
6347,ACC00006347,3569,Savings,Dormant,2021-01-03,0.0,4.89
6348,ACC00006348,2955,Savings,Active,2024-11-22,0.0,3.57
6349,ACC00006349,5144,Savings,Active,2019-12-26,0.0,3.29
6350,ACC00006350,5279,Savings,Active,2022-05-15,0.0,4.37
6351,ACC00006351,5464,Savings,Active,2025-03-04,0.0,3.85
6352,ACC00006352,1400,Current,Active,2018-01-18,1926300.0,4.01
6353,ACC00006353,8192,Fixed Deposit,Active,2025-05-30,0.0,6.34
6354,ACC00006354,5476,Current,Active,2024-07-05,1950300.0,4.8
6355,ACC00006355,4256,Savings,Active,2022-04-10,0.0,3.78
6356,ACC00006356,3151,Salary,Active,2022-01-01,0.0,3.56
6357,ACC00006357,5590,Current,Active,2022-08-14,707300.0,4.88
6358,ACC00006358,3554,Savings,Active,2024-09-30,0.0,2.62
6359,ACC00006359,7913,Savings,Closed,2023-03-10,0.0,4.56
6360,ACC00006360,2666,Savings,Active,2019-04-08,0.0,3.59
6361,ACC00006361,9090,Current,Active,2024-11-30,1252900.0,4.62
6362,ACC00006362,3062,Fixed Deposit,Active,2023-03-12,0.0,6.84
6363,ACC00006363,2866,Savings,Closed,2022-08-04,0.0,2.68
6364,ACC00006364,1951,Savings,Active,2019-01-25,0.0,2.91
6365,ACC00006365,153,Savings,Closed,2019-03-11,0.0,3.27
6366,ACC00006366,2295,Savings,Active,2024-10-14,0.0,2.78
6367,ACC00006367,3885,Loan,Active,2023-07-20,1787200.0,8.75
6368,ACC00006368,282,Current,Active,2018-07-20,1454700.0,3.08
6369,ACC00006369,2244,Fixed Deposit,Active,2019-08-01,0.0,6.89
6370,ACC00006370,4125,Savings,Dormant,2020-08-16,0.0,3.25
6371,ACC00006371,2127,Loan,Active,2019-11-08,293800.0,11.97
6372,ACC00006372,1917,Salary,Closed,2022-09-19,0.0,4.74
6373,ACC00006373,5473,Savings,Active,2021-04-04,0.0,4.05
6374,ACC00006374,1616,Salary,Active,2021-07-26,0.0,4.72
6375,ACC00006375,9058,Fixed Deposit,Active,2022-05-26,0.0,7.96
6376,ACC00006376,6077,Savings,Active,2018-03-10,0.0,3.24
6377,ACC00006377,8229,Fixed Deposit,Active,2018-03-16,0.0,7.19
6378,ACC00006378,4170,Savings,Active,2018-07-08,0.0,3.58
6379,ACC00006379,1145,Salary,Closed,2023-05-08,0.0,3.01
6380,ACC00006380,1567,Savings,Active,2018-06-10,0.0,3.37
6381,ACC00006381,9978,Salary,Active,2021-02-18,0.0,4.92
6382,ACC00006382,8482,Fixed Deposit,Active,2020-06-01,0.0,8.42
6383,ACC00006383,4661,Current,Active,2023-07-11,1282700.0,4.66
6384,ACC00006384,5459,Salary,Active,2025-07-04,0.0,4.39
6385,ACC00006385,9829,Current,Closed,2024-07-14,224700.0,4.8
6386,ACC00006386,4629,Fixed Deposit,Active,2024-10-31,0.0,6.8
6387,ACC00006387,9624,Savings,Active,2023-02-28,0.0,4.75
6388,ACC00006388,3680,Savings,Active,2018-08-07,0.0,2.72
6389,ACC00006389,5952,Salary,Active,2025-10-06,0.0,3.51
6390,ACC00006390,3301,Salary,Closed,2022-11-05,0.0,4.82
6391,ACC00006391,8977,Savings,Active,2020-09-21,0.0,3.03
6392,ACC00006392,4910,Salary,Active,2018-03-17,0.0,3.01
6393,ACC00006393,2276,Savings,Active,2020-09-22,0.0,4.91
6394,ACC00006394,7218,Loan,Active,2023-01-09,409300.0,14.45
6395,ACC00006395,9394,Fixed Deposit,Active,2025-08-27,0.0,8.27
6396,ACC00006396,8491,Savings,Active,2019-07-16,0.0,4.04
6397,ACC00006397,529,Current,Active,2024-05-05,877400.0,4.08
6398,ACC00006398,2782,Fixed Deposit,Active,2025-09-09,0.0,6.95
6399,ACC00006399,5042,Current,Active,2018-06-18,202500.0,2.59
6400,ACC00006400,1947,Loan,Active,2022-01-11,1983800.0,8.23
6401,ACC00006401,3624,Savings,Active,2023-05-07,0.0,3.79
6402,ACC00006402,4752,Fixed Deposit,Blocked,2022-10-08,0.0,6.87
6403,ACC00006403,77,Savings,Active,2019-08-16,0.0,3.77
6404,ACC00006404,4559,Current,Active,2019-11-11,529400.0,4.44
6405,ACC00006405,1562,Loan,Active,2022-06-04,677500.0,11.38
6406,ACC00006406,2525,Salary,Closed,2025-12-01,0.0,4.75
6407,ACC00006407,1729,Savings,Active,2023-10-25,0.0,4.85
6408,ACC00006408,4001,Salary,Active,2019-04-04,0.0,3.05
6409,ACC00006409,6460,Savings,Active,2022-10-18,0.0,4.96
6410,ACC00006410,124,Salary,Active,2023-03-02,0.0,3.98
6411,ACC00006411,5555,Savings,Active,2020-12-12,0.0,4.26
6412,ACC00006412,4416,Current,Dormant,2018-04-05,776500.0,4.17
6413,ACC00006413,6128,Savings,Active,2024-11-26,0.0,4.65
6414,ACC00006414,1405,Savings,Active,2025-06-16,0.0,4.17
6415,ACC00006415,9921,Savings,Active,2024-04-11,0.0,4.55
6416,ACC00006416,7314,Salary,Dormant,2018-08-25,0.0,3.41
6417,ACC00006417,2528,Fixed Deposit,Active,2020-03-30,0.0,6.96
6418,ACC00006418,7647,Current,Active,2020-05-04,966900.0,3.8
6419,ACC00006419,4797,Savings,Dormant,2021-10-29,0.0,3.16
6420,ACC00006420,2176,Fixed Deposit,Dormant,2024-07-11,0.0,8.37
6421,ACC00006421,7933,Fixed Deposit,Dormant,2021-03-05,0.0,7.4
6422,ACC00006422,3282,Savings,Active,2020-09-17,0.0,4.91
6423,ACC00006423,2881,Savings,Closed,2023-06-27,0.0,4.71
6424,ACC00006424,6589,Current,Active,2025-08-15,1107600.0,2.99
6425,ACC00006425,6124,Fixed Deposit,Active,2020-02-19,0.0,5.56
6426,ACC00006426,7499,Salary,Active,2023-08-07,0.0,3.46
6427,ACC00006427,894,Savings,Dormant,2025-04-14,0.0,2.79
6428,ACC00006428,6336,Current,Blocked,2022-06-05,816400.0,4.23
6429,ACC00006429,8478,Savings,Dormant,2025-12-19,0.0,4.39
6430,ACC00006430,745,Savings,Active,2018-09-11,0.0,3.27
6431,ACC00006431,1662,Fixed Deposit,Active,2025-03-11,0.0,8.31
6432,ACC00006432,604,Savings,Active,2021-07-04,0.0,4.21
6433,ACC00006433,2007,Salary,Active,2022-12-13,0.0,4.33
6434,ACC00006434,6731,Savings,Dormant,2023-07-26,0.0,4.88
6435,ACC00006435,7799,Savings,Active,2025-10-21,0.0,4.24
6436,ACC00006436,4166,Savings,Active,2018-03-06,0.0,4.13
6437,ACC00006437,6166,Current,Active,2023-02-05,1794400.0,3.89
6438,ACC00006438,2348,Loan,Active,2021-02-19,1734500.0,11.14
6439,ACC00006439,6207,Current,Active,2025-04-20,437200.0,4.12
6440,ACC00006440,6834,Savings,Active,2020-05-21,0.0,4.21
6441,ACC00006441,3066,Loan,Dormant,2023-08-04,1476500.0,10.55
6442,ACC00006442,3447,Savings,Active,2018-12-16,0.0,4.97
6443,ACC00006443,7997,Savings,Active,2022-07-19,0.0,2.88
6444,ACC00006444,9236,Salary,Active,2025-11-25,0.0,4.48
6445,ACC00006445,9163,Loan,Active,2023-01-16,526400.0,8.46
6446,ACC00006446,8642,Salary,Active,2024-09-22,0.0,4.67
6447,ACC00006447,7788,Savings,Active,2022-06-30,0.0,3.19
6448,ACC00006448,3727,Savings,Active,2019-09-14,0.0,3.8
6449,ACC00006449,4087,Current,Active,2020-01-21,541600.0,4.59
6450,ACC00006450,6566,Salary,Dormant,2025-05-11,0.0,2.55
6451,ACC00006451,2319,Savings,Active,2020-06-19,0.0,4.85
6452,ACC00006452,6106,Fixed Deposit,Active,2025-11-21,0.0,8.31
6453,ACC00006453,4531,Salary,Closed,2023-03-09,0.0,3.13
6454,ACC00006454,33,Current,Active,2018-11-14,146800.0,4.44
6455,ACC00006455,4709,Savings,Blocked,2020-05-12,0.0,2.5
6456,ACC00006456,9597,Savings,Active,2018-12-28,0.0,3.79
6457,ACC00006457,7332,Savings,Active,2024-06-01,0.0,3.13
6458,ACC00006458,5478,Current,Active,2020-05-31,1181000.0,4.21
6459,ACC00006459,331,Salary,Active,2025-04-07,0.0,3.09
6460,ACC00006460,4087,Savings,Closed,2025-02-25,0.0,2.77
6461,ACC00006461,4921,Fixed Deposit,Closed,2018-08-25,0.0,6.5
6462,ACC00006462,8512,Fixed Deposit,Dormant,2025-02-11,0.0,7.18
6463,ACC00006463,8393,Savings,Active,2025-03-27,0.0,4.15
6464,ACC00006464,2977,Savings,Active,2020-10-24,0.0,3.4
6465,ACC00006465,6893,Savings,Active,2024-09-06,0.0,3.06
6466,ACC00006466,9249,Current,Active,2022-05-26,200700.0,3.77
6467,ACC00006467,914,Salary,Dormant,2020-12-01,0.0,4.87
6468,ACC00006468,1118,Current,Active,2019-05-15,810300.0,4.57
6469,ACC00006469,317,Current,Active,2025-05-16,243800.0,3.81
6470,ACC00006470,4432,Savings,Active,2025-12-28,0.0,3.41
6471,ACC00006471,9240,Savings,Active,2021-06-03,0.0,4.82
6472,ACC00006472,9921,Savings,Active,2022-09-22,0.0,3.34
6473,ACC00006473,3915,Savings,Active,2018-10-24,0.0,2.82
6474,ACC00006474,7430,Savings,Active,2024-11-20,0.0,4.28
6475,ACC00006475,4172,Current,Active,2025-02-01,606500.0,4.1
6476,ACC00006476,4378,Current,Active,2024-03-01,1271400.0,3.31
6477,ACC00006477,1875,Savings,Blocked,2022-12-25,0.0,3.11
6478,ACC00006478,961,Current,Active,2020-05-21,1356200.0,3.76
6479,ACC00006479,3317,Current,Closed,2018-10-21,63600.0,3.78
6480,ACC00006480,5460,Fixed Deposit,Dormant,2024-01-13,0.0,7.4
6481,ACC00006481,7676,Savings,Active,2019-08-10,0.0,3.43
6482,ACC00006482,4903,Savings,Active,2025-09-25,0.0,3.25
6483,ACC00006483,6986,Savings,Active,2018-08-18,0.0,3.06
6484,ACC00006484,8112,Savings,Closed,2018-05-21,0.0,4.01
6485,ACC00006485,8444,Savings,Active,2018-05-30,0.0,3.25
6486,ACC00006486,8175,Loan,Active,2023-12-14,394700.0,9.84
6487,ACC00006487,5326,Fixed Deposit,Active,2018-12-06,0.0,5.99
6488,ACC00006488,3588,Current,Active,2020-03-20,986800.0,2.85
6489,ACC00006489,3101,Savings,Active,2024-04-22,0.0,4.93
6490,ACC00006490,1591,Savings,Active,2021-10-12,0.0,3.73
6491,ACC00006491,2794,Savings,Active,2023-07-06,0.0,3.15
6492,ACC00006492,615,Salary,Active,2024-01-22,0.0,3.75
6493,ACC00006493,5559,Savings,Active,2019-05-15,0.0,4.66
6494,ACC00006494,9206,Savings,Active,2019-09-08,0.0,4.81
6495,ACC00006495,8438,Savings,Active,2021-07-14,0.0,3.88
6496,ACC00006496,8113,Current,Active,2019-12-19,1420100.0,4.68
6497,ACC00006497,409,Salary,Active,2018-09-10,0.0,4.1
6498,ACC00006498,6649,Current,Active,2019-12-28,1667800.0,3.28
6499,ACC00006499,3851,Savings,Closed,2025-05-27,0.0,4.8
6500,ACC00006500,3457,Salary,Active,2020-01-05,0.0,3.92
6501,ACC00006501,1478,Salary,Active,2023-06-28,0.0,2.51
6502,ACC00006502,2406,Savings,Active,2019-05-23,0.0,3.09
6503,ACC00006503,2441,Salary,Dormant,2018-04-13,0.0,2.89
6504,ACC00006504,98,Salary,Closed,2020-05-05,0.0,3.57
6505,ACC00006505,3121,Savings,Active,2018-09-09,0.0,3.97
6506,ACC00006506,1986,Fixed Deposit,Active,2024-11-27,0.0,7.56
6507,ACC00006507,4007,Salary,Closed,2023-03-21,0.0,4.8
6508,ACC00006508,5363,Current,Active,2025-12-27,562200.0,4.9
6509,ACC00006509,1396,Salary,Active,2021-07-12,0.0,2.9
6510,ACC00006510,4931,Savings,Active,2023-03-03,0.0,3.1
6511,ACC00006511,8619,Current,Active,2020-10-04,998400.0,3.64
6512,ACC00006512,7504,Savings,Active,2018-10-23,0.0,3.56
6513,ACC00006513,9769,Current,Active,2019-12-11,1960900.0,4.47
6514,ACC00006514,8798,Current,Active,2024-04-06,442100.0,4.9
6515,ACC00006515,8339,Savings,Active,2024-09-19,0.0,4.36
6516,ACC00006516,8492,Savings,Active,2019-09-13,0.0,2.94
6517,ACC00006517,5146,Current,Active,2023-03-08,744600.0,4.51
6518,ACC00006518,2966,Savings,Active,2024-01-09,0.0,4.62
6519,ACC00006519,5766,Savings,Active,2022-03-11,0.0,4.3
6520,ACC00006520,8741,Fixed Deposit,Active,2024-02-09,0.0,6.7
6521,ACC00006521,3013,Loan,Dormant,2020-02-09,1294600.0,11.35
6522,ACC00006522,4075,Savings,Active,2019-12-13,0.0,2.91
6523,ACC00006523,4302,Loan,Active,2020-08-03,92500.0,12.35
6524,ACC00006524,9673,Savings,Active,2020-05-27,0.0,3.78
6525,ACC00006525,6312,Savings,Active,2024-07-01,0.0,3.35
6526,ACC00006526,376,Savings,Active,2023-05-03,0.0,2.97
6527,ACC00006527,5323,Salary,Active,2024-04-21,0.0,3.35
6528,ACC00006528,9098,Salary,Dormant,2021-06-05,0.0,4.86
6529,ACC00006529,8061,Savings,Active,2019-02-11,0.0,3.5
6530,ACC00006530,1183,Loan,Dormant,2020-03-18,1165600.0,9.21
6531,ACC00006531,6649,Savings,Active,2018-12-19,0.0,3.63
6532,ACC00006532,8848,Current,Closed,2019-04-09,1257400.0,4.74
6533,ACC00006533,5477,Salary,Active,2025-10-14,0.0,4.64
6534,ACC00006534,4395,Fixed Deposit,Dormant,2024-01-09,0.0,6.25
6535,ACC00006535,8315,Savings,Closed,2021-10-18,0.0,3.7
6536,ACC00006536,3339,Savings,Closed,2025-11-04,0.0,3.79
6537,ACC00006537,1655,Fixed Deposit,Active,2021-11-12,0.0,8.16
6538,ACC00006538,1448,Savings,Active,2025-04-29,0.0,4.91
6539,ACC00006539,8083,Savings,Dormant,2020-11-02,0.0,3.14
6540,ACC00006540,9793,Savings,Active,2025-06-24,0.0,3.5
6541,ACC00006541,3258,Salary,Active,2021-01-20,0.0,2.63
6542,ACC00006542,8347,Savings,Closed,2020-01-04,0.0,4.11
6543,ACC00006543,6101,Salary,Active,2020-02-29,0.0,3.21
6544,ACC00006544,2217,Savings,Dormant,2025-12-20,0.0,3.96
6545,ACC00006545,9102,Salary,Active,2023-08-17,0.0,4.56
6546,ACC00006546,7929,Salary,Active,2024-03-02,0.0,2.62
6547,ACC00006547,4436,Salary,Active,2024-09-26,0.0,3.42
6548,ACC00006548,5989,Current,Active,2019-07-04,1302700.0,2.99
6549,ACC00006549,8415,Loan,Active,2021-07-27,588200.0,8.0
6550,ACC00006550,3538,Savings,Active,2022-07-13,0.0,3.63
6551,ACC00006551,8182,Savings,Active,2024-06-26,0.0,4.81
6552,ACC00006552,1037,Current,Active,2018-08-29,1375200.0,3.23
6553,ACC00006553,8908,Savings,Closed,2024-12-27,0.0,2.85
6554,ACC00006554,214,Savings,Active,2019-03-12,0.0,2.85
6555,ACC00006555,15,Savings,Active,2020-06-19,0.0,4.4
6556,ACC00006556,4523,Savings,Active,2021-11-19,0.0,3.66
6557,ACC00006557,9773,Loan,Active,2025-01-24,154200.0,10.98
6558,ACC00006558,2933,Savings,Active,2022-04-13,0.0,3.58
6559,ACC00006559,1832,Savings,Active,2018-05-21,0.0,4.94
6560,ACC00006560,2344,Savings,Active,2023-07-13,0.0,4.0
6561,ACC00006561,3325,Savings,Active,2023-03-28,0.0,4.64
6562,ACC00006562,9008,Savings,Active,2019-11-05,0.0,4.11
6563,ACC00006563,8877,Savings,Active,2025-08-14,0.0,3.39
6564,ACC00006564,3824,Savings,Active,2023-05-04,0.0,2.64
6565,ACC00006565,7354,Loan,Active,2023-05-16,1025200.0,8.9
6566,ACC00006566,4594,Salary,Active,2022-12-23,0.0,3.1
6567,ACC00006567,2195,Savings,Dormant,2024-02-06,0.0,3.68
6568,ACC00006568,3192,Current,Active,2018-02-28,113700.0,3.73
6569,ACC00006569,6320,Fixed Deposit,Active,2020-09-17,0.0,5.67
6570,ACC00006570,9244,Loan,Active,2019-02-21,1731500.0,10.88
6571,ACC00006571,1452,Savings,Active,2022-05-29,0.0,4.2
6572,ACC00006572,2007,Savings,Active,2019-08-03,0.0,4.86
6573,ACC00006573,4118,Loan,Active,2019-04-28,220400.0,13.2
6574,ACC00006574,6626,Fixed Deposit,Active,2019-07-01,0.0,7.79
6575,ACC00006575,496,Savings,Active,2018-09-09,0.0,3.75
6576,ACC00006576,2079,Savings,Active,2019-07-13,0.0,4.22
6577,ACC00006577,9307,Fixed Deposit,Active,2024-07-08,0.0,8.22
6578,ACC00006578,3333,Savings,Active,2019-05-10,0.0,4.38
6579,ACC00006579,9216,Current,Active,2022-08-18,620600.0,2.89
6580,ACC00006580,7581,Loan,Active,2022-07-04,1056500.0,9.88
6581,ACC00006581,127,Savings,Active,2020-04-30,0.0,3.37
6582,ACC00006582,1874,Savings,Active,2020-01-08,0.0,2.6
6583,ACC00006583,2141,Salary,Active,2020-10-12,0.0,3.47
6584,ACC00006584,6850,Current,Active,2023-11-26,276400.0,2.59
6585,ACC00006585,7438,Savings,Active,2018-12-14,0.0,3.35
6586,ACC00006586,6103,Savings,Active,2018-10-03,0.0,2.81
6587,ACC00006587,4539,Loan,Active,2021-07-25,1106700.0,9.87
6588,ACC00006588,5685,Savings,Active,2023-05-30,0.0,4.18
6589,ACC00006589,6119,Current,Active,2025-03-11,1652500.0,2.71
6590,ACC00006590,4325,Savings,Active,2025-10-26,0.0,4.28
6591,ACC00006591,2353,Loan,Blocked,2020-07-11,1032300.0,12.45
6592,ACC00006592,9728,Current,Active,2021-05-16,106500.0,4.92
6593,ACC00006593,7036,Current,Active,2020-03-10,833500.0,2.55
6594,ACC00006594,1409,Fixed Deposit,Active,2022-08-10,0.0,7.53
6595,ACC00006595,899,Salary,Active,2022-08-09,0.0,3.99
6596,ACC00006596,6611,Savings,Active,2018-09-16,0.0,2.62
6597,ACC00006597,6350,Loan,Active,2018-03-29,179800.0,9.17
6598,ACC00006598,9120,Loan,Active,2018-09-03,1938000.0,9.83
6599,ACC00006599,279,Savings,Active,2022-07-20,0.0,5.0
6600,ACC00006600,4075,Savings,Active,2022-08-19,0.0,4.71
6601,ACC00006601,4075,Savings,Active,2023-08-14,0.0,4.64
6602,ACC00006602,7631,Savings,Active,2024-12-17,0.0,4.57
6603,ACC00006603,8420,Salary,Active,2019-03-25,0.0,4.86
6604,ACC00006604,7147,Savings,Active,2025-08-10,0.0,3.6
6605,ACC00006605,6934,Savings,Active,2025-10-04,0.0,4.56
6606,ACC00006606,6719,Current,Active,2018-02-06,765500.0,3.78
6607,ACC00006607,624,Savings,Dormant,2021-09-25,0.0,4.04
6608,ACC00006608,9104,Savings,Active,2021-08-02,0.0,2.66
6609,ACC00006609,6031,Current,Active,2018-08-28,296100.0,2.74
6610,ACC00006610,2634,Current,Closed,2024-03-23,1948700.0,3.12
6611,ACC00006611,9703,Current,Active,2018-11-21,646100.0,4.47
6612,ACC00006612,9861,Savings,Active,2025-07-02,0.0,3.06
6613,ACC00006613,4587,Savings,Active,2021-05-17,0.0,4.39
6614,ACC00006614,1141,Savings,Active,2020-08-17,0.0,3.87
6615,ACC00006615,9041,Salary,Active,2018-03-25,0.0,4.83
6616,ACC00006616,5086,Current,Active,2023-01-04,173900.0,3.73
6617,ACC00006617,7087,Savings,Active,2019-10-19,0.0,3.51
6618,ACC00006618,4085,Current,Dormant,2023-04-16,811800.0,2.62
6619,ACC00006619,6294,Savings,Active,2018-03-25,0.0,3.96
6620,ACC00006620,9247,Savings,Active,2018-09-24,0.0,2.87
6621,ACC00006621,9373,Savings,Active,2025-12-20,0.0,4.29
6622,ACC00006622,6289,Loan,Dormant,2018-01-24,127300.0,9.09
6623,ACC00006623,1042,Loan,Active,2025-05-04,1265700.0,12.06
6624,ACC00006624,1957,Fixed Deposit,Active,2023-09-05,0.0,8.47
6625,ACC00006625,3644,Savings,Active,2021-04-20,0.0,4.22
6626,ACC00006626,5405,Fixed Deposit,Active,2022-02-20,0.0,6.92
6627,ACC00006627,6889,Fixed Deposit,Active,2019-02-03,0.0,6.12
6628,ACC00006628,9435,Savings,Active,2022-08-02,0.0,3.41
6629,ACC00006629,2666,Current,Active,2023-09-20,442800.0,4.44
6630,ACC00006630,4441,Savings,Active,2020-12-21,0.0,4.69
6631,ACC00006631,7419,Current,Closed,2020-03-13,884000.0,3.11
6632,ACC00006632,6550,Fixed Deposit,Dormant,2021-12-21,0.0,7.84
6633,ACC00006633,8758,Current,Active,2020-08-09,1658400.0,3.53
6634,ACC00006634,973,Savings,Blocked,2019-09-23,0.0,3.95
6635,ACC00006635,8529,Savings,Active,2019-10-01,0.0,3.21
6636,ACC00006636,1639,Savings,Dormant,2025-06-13,0.0,2.84
6637,ACC00006637,1972,Loan,Active,2019-03-14,111900.0,8.1
6638,ACC00006638,1153,Loan,Active,2024-01-01,1161700.0,10.76
6639,ACC00006639,8426,Current,Active,2019-08-12,1422700.0,3.0
6640,ACC00006640,2927,Savings,Active,2020-03-29,0.0,4.46
6641,ACC00006641,5421,Savings,Blocked,2021-03-18,0.0,3.59
6642,ACC00006642,5905,Savings,Active,2019-02-06,0.0,4.88
6643,ACC00006643,1652,Savings,Active,2025-05-25,0.0,3.55
6644,ACC00006644,9609,Salary,Active,2018-10-02,0.0,4.1
6645,ACC00006645,2650,Current,Active,2023-02-07,191100.0,2.53
6646,ACC00006646,6241,Savings,Active,2024-03-19,0.0,3.12
6647,ACC00006647,5196,Savings,Dormant,2018-04-28,0.0,4.22
6648,ACC00006648,7915,Savings,Active,2022-01-22,0.0,4.73
6649,ACC00006649,6763,Savings,Active,2025-03-13,0.0,4.74
6650,ACC00006650,655,Savings,Closed,2018-04-02,0.0,3.13
6651,ACC00006651,2510,Savings,Active,2021-08-23,0.0,4.0
6652,ACC00006652,1183,Savings,Active,2018-06-15,0.0,2.63
6653,ACC00006653,9826,Loan,Active,2021-12-12,1950000.0,7.79
6654,ACC00006654,1410,Fixed Deposit,Active,2024-07-06,0.0,6.97
6655,ACC00006655,4710,Current,Closed,2020-11-13,1622900.0,3.33
6656,ACC00006656,2426,Current,Dormant,2025-08-05,59900.0,4.88
6657,ACC00006657,8833,Current,Active,2024-02-07,541000.0,3.26
6658,ACC00006658,1005,Savings,Active,2018-06-17,0.0,4.75
6659,ACC00006659,368,Salary,Active,2022-09-26,0.0,4.92
6660,ACC00006660,5641,Savings,Active,2021-05-21,0.0,4.85
6661,ACC00006661,263,Current,Active,2024-11-01,1331000.0,2.9
6662,ACC00006662,1582,Savings,Active,2022-06-14,0.0,3.95
6663,ACC00006663,2981,Savings,Active,2022-05-28,0.0,3.42
6664,ACC00006664,7802,Savings,Active,2023-05-14,0.0,2.61
6665,ACC00006665,4785,Current,Active,2023-05-26,1412000.0,3.85
6666,ACC00006666,8968,Savings,Active,2019-05-25,0.0,4.46
6667,ACC00006667,375,Savings,Active,2023-01-15,0.0,4.76
6668,ACC00006668,5620,Savings,Active,2020-03-23,0.0,3.84
6669,ACC00006669,2093,Savings,Active,2018-04-24,0.0,4.23
6670,ACC00006670,9458,Savings,Active,2023-12-16,0.0,2.9
6671,ACC00006671,2981,Savings,Active,2024-09-28,0.0,2.89
6672,ACC00006672,5428,Current,Active,2023-05-13,502300.0,4.43
6673,ACC00006673,1757,Loan,Active,2025-09-25,1188000.0,10.25
6674,ACC00006674,5843,Salary,Active,2019-10-15,0.0,4.02
6675,ACC00006675,6943,Loan,Closed,2018-07-16,1780800.0,10.31
6676,ACC00006676,8103,Loan,Active,2022-03-16,1846500.0,10.81
6677,ACC00006677,9949,Current,Active,2024-11-27,1247100.0,4.99
6678,ACC00006678,2867,Savings,Active,2020-07-03,0.0,4.19
6679,ACC00006679,2871,Loan,Active,2020-11-04,1960300.0,9.91
6680,ACC00006680,9593,Current,Active,2018-03-24,1256900.0,2.75
6681,ACC00006681,6666,Savings,Active,2021-10-04,0.0,3.83
6682,ACC00006682,7481,Savings,Active,2018-06-05,0.0,4.82
6683,ACC00006683,9356,Savings,Dormant,2021-05-14,0.0,4.26
6684,ACC00006684,4731,Savings,Closed,2021-12-28,0.0,3.58
6685,ACC00006685,7306,Savings,Active,2024-12-20,0.0,3.68
6686,ACC00006686,579,Current,Active,2021-01-06,88900.0,3.44
6687,ACC00006687,4232,Current,Dormant,2019-06-15,347600.0,2.65
6688,ACC00006688,6469,Fixed Deposit,Active,2025-07-30,0.0,7.19
6689,ACC00006689,1636,Savings,Active,2023-01-02,0.0,4.56
6690,ACC00006690,7318,Fixed Deposit,Active,2024-09-30,0.0,8.31
6691,ACC00006691,5764,Current,Closed,2019-11-08,1884300.0,4.6
6692,ACC00006692,5008,Loan,Active,2024-02-03,586000.0,13.93
6693,ACC00006693,8101,Fixed Deposit,Active,2018-12-06,0.0,6.62
6694,ACC00006694,574,Current,Active,2019-10-26,1912600.0,3.57
6695,ACC00006695,2172,Salary,Active,2022-08-25,0.0,3.54
6696,ACC00006696,3634,Loan,Active,2021-09-01,1525600.0,8.34
6697,ACC00006697,7707,Current,Active,2018-03-05,97300.0,4.66
6698,ACC00006698,4788,Savings,Active,2024-07-19,0.0,2.62
6699,ACC00006699,2504,Savings,Active,2019-07-22,0.0,4.17
6700,ACC00006700,2410,Savings,Active,2022-07-18,0.0,2.52
6701,ACC00006701,1250,Current,Active,2020-02-24,847100.0,4.18
6702,ACC00006702,3614,Savings,Active,2021-08-14,0.0,4.28
6703,ACC00006703,9433,Current,Active,2020-10-20,576000.0,3.68
6704,ACC00006704,6438,Savings,Closed,2023-05-16,0.0,2.75
6705,ACC00006705,3599,Savings,Active,2023-03-25,0.0,3.67
6706,ACC00006706,8092,Salary,Active,2023-03-12,0.0,4.09
6707,ACC00006707,8265,Savings,Active,2025-11-02,0.0,4.48
6708,ACC00006708,6277,Savings,Active,2018-11-30,0.0,4.42
6709,ACC00006709,485,Salary,Active,2025-03-24,0.0,4.6
6710,ACC00006710,8615,Salary,Active,2024-10-08,0.0,3.15
6711,ACC00006711,2408,Savings,Active,2019-03-31,0.0,4.08
6712,ACC00006712,2428,Loan,Active,2022-08-22,175900.0,7.97
6713,ACC00006713,6456,Savings,Active,2021-07-07,0.0,3.3
6714,ACC00006714,7185,Savings,Active,2023-12-08,0.0,3.78
6715,ACC00006715,4243,Savings,Active,2019-06-21,0.0,3.06
6716,ACC00006716,386,Salary,Blocked,2019-02-18,0.0,3.6
6717,ACC00006717,2128,Savings,Dormant,2021-05-02,0.0,3.36
6718,ACC00006718,2336,Savings,Active,2020-07-31,0.0,2.84
6719,ACC00006719,4518,Current,Active,2023-10-31,393700.0,3.05
6720,ACC00006720,4596,Fixed Deposit,Active,2018-09-01,0.0,5.81
6721,ACC00006721,5986,Savings,Closed,2018-12-30,0.0,2.96
6722,ACC00006722,5359,Savings,Closed,2020-09-10,0.0,3.47
6723,ACC00006723,6628,Savings,Active,2023-06-23,0.0,4.28
6724,ACC00006724,2782,Savings,Closed,2022-08-22,0.0,3.44
6725,ACC00006725,2943,Loan,Active,2020-01-18,375900.0,8.07
6726,ACC00006726,7237,Savings,Active,2019-05-06,0.0,3.89
6727,ACC00006727,8264,Current,Active,2018-02-04,355400.0,4.2
6728,ACC00006728,4758,Fixed Deposit,Active,2020-04-27,0.0,8.28
6729,ACC00006729,8049,Fixed Deposit,Active,2022-02-03,0.0,6.54
6730,ACC00006730,8449,Savings,Active,2019-08-13,0.0,2.53
6731,ACC00006731,1611,Savings,Active,2022-05-06,0.0,4.73
6732,ACC00006732,9510,Salary,Active,2022-12-30,0.0,3.41
6733,ACC00006733,1719,Savings,Active,2019-09-10,0.0,4.59
6734,ACC00006734,1280,Savings,Active,2023-10-23,0.0,4.83
6735,ACC00006735,1854,Savings,Active,2022-10-05,0.0,3.78
6736,ACC00006736,9490,Savings,Active,2024-05-13,0.0,4.38
6737,ACC00006737,9042,Current,Active,2018-08-08,1162300.0,4.33
6738,ACC00006738,3143,Savings,Active,2024-04-12,0.0,3.1
6739,ACC00006739,7386,Salary,Active,2021-05-04,0.0,2.57
6740,ACC00006740,4592,Fixed Deposit,Active,2021-11-16,0.0,7.41
6741,ACC00006741,886,Savings,Active,2024-01-18,0.0,3.03
6742,ACC00006742,7862,Salary,Closed,2022-09-05,0.0,3.05
6743,ACC00006743,947,Salary,Active,2020-12-13,0.0,4.6
6744,ACC00006744,8588,Savings,Active,2021-10-18,0.0,4.9
6745,ACC00006745,4562,Savings,Active,2020-11-21,0.0,4.3
6746,ACC00006746,5666,Fixed Deposit,Dormant,2018-04-09,0.0,7.14
6747,ACC00006747,8407,Savings,Active,2019-06-29,0.0,3.48
6748,ACC00006748,1981,Savings,Active,2024-04-21,0.0,4.65
6749,ACC00006749,5961,Savings,Active,2018-10-20,0.0,3.49
6750,ACC00006750,6951,Loan,Active,2024-10-09,1575900.0,10.32
6751,ACC00006751,3020,Current,Active,2024-10-04,1702900.0,4.75
6752,ACC00006752,3877,Salary,Active,2025-03-26,0.0,2.69
6753,ACC00006753,8588,Savings,Active,2018-10-12,0.0,2.51
6754,ACC00006754,9036,Current,Active,2020-06-09,1466500.0,2.92
6755,ACC00006755,1665,Fixed Deposit,Active,2020-06-06,0.0,6.12
6756,ACC00006756,7873,Savings,Active,2019-08-08,0.0,3.62
6757,ACC00006757,5940,Salary,Active,2023-05-26,0.0,4.55
6758,ACC00006758,5758,Current,Active,2019-08-11,478700.0,3.35
6759,ACC00006759,9445,Savings,Closed,2024-01-31,0.0,2.92
6760,ACC00006760,5245,Savings,Active,2018-04-05,0.0,3.21
6761,ACC00006761,6377,Salary,Active,2018-08-13,0.0,3.37
6762,ACC00006762,6018,Salary,Active,2019-04-26,0.0,3.55
6763,ACC00006763,8397,Fixed Deposit,Active,2024-06-08,0.0,7.64
6764,ACC00006764,8452,Current,Active,2022-04-09,1699700.0,3.43
6765,ACC00006765,7571,Savings,Dormant,2022-07-17,0.0,3.39
6766,ACC00006766,5293,Fixed Deposit,Active,2024-06-26,0.0,6.22
6767,ACC00006767,5281,Savings,Active,2024-07-30,0.0,4.45
6768,ACC00006768,1297,Current,Active,2022-10-16,452800.0,2.76
6769,ACC00006769,9913,Salary,Active,2018-05-20,0.0,2.9
6770,ACC00006770,4872,Loan,Active,2019-01-23,881700.0,13.57
6771,ACC00006771,5236,Fixed Deposit,Dormant,2021-12-16,0.0,6.19
6772,ACC00006772,1648,Salary,Active,2020-10-17,0.0,4.4
6773,ACC00006773,6042,Savings,Closed,2020-07-24,0.0,4.33
6774,ACC00006774,8489,Salary,Active,2021-09-19,0.0,4.91
6775,ACC00006775,2445,Savings,Active,2021-12-08,0.0,3.72
6776,ACC00006776,7891,Fixed Deposit,Active,2022-05-23,0.0,6.19
6777,ACC00006777,4248,Savings,Active,2018-11-04,0.0,4.16
6778,ACC00006778,1737,Savings,Active,2024-08-29,0.0,3.92
6779,ACC00006779,6590,Salary,Active,2020-01-19,0.0,2.69
6780,ACC00006780,8800,Savings,Active,2020-07-14,0.0,3.0
6781,ACC00006781,9281,Savings,Active,2022-11-21,0.0,4.24
6782,ACC00006782,1439,Savings,Active,2018-08-09,0.0,4.47
6783,ACC00006783,2194,Savings,Active,2023-12-11,0.0,3.84
6784,ACC00006784,3582,Fixed Deposit,Active,2022-09-10,0.0,8.49
6785,ACC00006785,577,Savings,Active,2018-07-15,0.0,4.81
6786,ACC00006786,3442,Savings,Active,2020-08-31,0.0,4.9
6787,ACC00006787,4915,Savings,Active,2020-06-19,0.0,2.76
6788,ACC00006788,532,Savings,Active,2018-04-08,0.0,4.31
6789,ACC00006789,8542,Savings,Active,2025-05-25,0.0,4.5
6790,ACC00006790,7220,Savings,Closed,2020-06-21,0.0,3.13
6791,ACC00006791,4861,Salary,Active,2021-09-14,0.0,3.69
6792,ACC00006792,4217,Fixed Deposit,Active,2025-03-17,0.0,7.66
6793,ACC00006793,4158,Savings,Active,2021-05-03,0.0,4.71
6794,ACC00006794,9227,Salary,Active,2018-03-14,0.0,4.83
6795,ACC00006795,554,Loan,Dormant,2025-03-22,1675500.0,8.88
6796,ACC00006796,1273,Savings,Active,2023-10-11,0.0,2.64
6797,ACC00006797,89,Fixed Deposit,Active,2021-06-23,0.0,6.81
6798,ACC00006798,5623,Savings,Active,2021-08-07,0.0,3.31
6799,ACC00006799,6317,Fixed Deposit,Dormant,2022-08-17,0.0,8.32
6800,ACC00006800,6118,Savings,Active,2022-01-30,0.0,3.07
6801,ACC00006801,4537,Fixed Deposit,Blocked,2024-02-23,0.0,6.11
6802,ACC00006802,8871,Savings,Active,2023-08-31,0.0,4.59
6803,ACC00006803,6696,Savings,Active,2018-08-15,0.0,4.18
6804,ACC00006804,3297,Current,Active,2019-11-11,1127900.0,2.94
6805,ACC00006805,6535,Savings,Active,2024-08-21,0.0,3.01
6806,ACC00006806,8658,Fixed Deposit,Closed,2023-03-23,0.0,5.92
6807,ACC00006807,8556,Fixed Deposit,Active,2019-06-14,0.0,7.32
6808,ACC00006808,3240,Salary,Active,2020-04-05,0.0,3.25
6809,ACC00006809,8611,Current,Active,2022-04-05,892200.0,3.55
6810,ACC00006810,5834,Loan,Active,2021-08-07,1327000.0,13.17
6811,ACC00006811,7895,Current,Active,2022-01-11,432600.0,3.43
6812,ACC00006812,526,Savings,Closed,2024-01-24,0.0,4.91
6813,ACC00006813,6867,Current,Active,2021-12-31,844900.0,4.84
6814,ACC00006814,6131,Current,Active,2020-08-04,595000.0,3.39
6815,ACC00006815,222,Salary,Dormant,2024-10-07,0.0,4.41
6816,ACC00006816,6281,Savings,Dormant,2020-08-05,0.0,3.08
6817,ACC00006817,6213,Salary,Active,2025-01-06,0.0,4.36
6818,ACC00006818,4903,Savings,Active,2021-03-06,0.0,4.3
6819,ACC00006819,3693,Current,Active,2024-01-10,581400.0,3.04
6820,ACC00006820,3808,Loan,Active,2025-01-23,1590200.0,9.55
6821,ACC00006821,8872,Savings,Active,2019-06-05,0.0,2.54
6822,ACC00006822,156,Current,Active,2019-06-11,1466300.0,4.26
6823,ACC00006823,6641,Salary,Closed,2019-02-18,0.0,2.81
6824,ACC00006824,8388,Savings,Active,2021-12-31,0.0,3.47
6825,ACC00006825,6821,Savings,Active,2019-09-04,0.0,2.95
6826,ACC00006826,4572,Savings,Active,2024-01-08,0.0,2.93
6827,ACC00006827,6373,Fixed Deposit,Dormant,2019-08-18,0.0,6.9
6828,ACC00006828,7576,Salary,Active,2021-10-05,0.0,4.85
6829,ACC00006829,5026,Savings,Active,2022-03-31,0.0,3.86
6830,ACC00006830,491,Savings,Active,2023-01-16,0.0,3.17
6831,ACC00006831,6165,Savings,Active,2022-09-02,0.0,4.71
6832,ACC00006832,7111,Savings,Active,2022-12-28,0.0,3.43
6833,ACC00006833,7592,Savings,Active,2023-04-17,0.0,2.62
6834,ACC00006834,6252,Savings,Active,2022-08-16,0.0,4.35
6835,ACC00006835,3422,Savings,Active,2022-03-10,0.0,2.93
6836,ACC00006836,6452,Salary,Active,2023-04-24,0.0,4.43
6837,ACC00006837,8771,Salary,Closed,2021-08-04,0.0,4.42
6838,ACC00006838,6561,Salary,Active,2025-03-25,0.0,3.85
6839,ACC00006839,4107,Fixed Deposit,Active,2021-10-19,0.0,7.33
6840,ACC00006840,9559,Fixed Deposit,Active,2025-11-04,0.0,7.63
6841,ACC00006841,3497,Current,Active,2023-08-14,1525200.0,2.66
6842,ACC00006842,7513,Savings,Dormant,2024-05-09,0.0,2.7
6843,ACC00006843,7400,Savings,Active,2021-05-03,0.0,3.16
6844,ACC00006844,5425,Savings,Dormant,2020-04-11,0.0,3.36
6845,ACC00006845,8380,Salary,Active,2024-06-04,0.0,4.89
6846,ACC00006846,1504,Current,Active,2022-07-13,1421400.0,4.98
6847,ACC00006847,4112,Salary,Active,2020-05-27,0.0,2.69
6848,ACC00006848,2772,Savings,Active,2022-02-23,0.0,3.1
6849,ACC00006849,9224,Savings,Active,2022-11-20,0.0,2.53
6850,ACC00006850,1348,Savings,Active,2021-06-05,0.0,4.04
6851,ACC00006851,9118,Current,Active,2020-12-28,659100.0,4.28
6852,ACC00006852,309,Loan,Active,2018-11-08,1792100.0,10.45
6853,ACC00006853,3567,Current,Active,2018-11-28,1534900.0,2.85
6854,ACC00006854,7617,Savings,Active,2022-11-14,0.0,2.6
6855,ACC00006855,5787,Current,Blocked,2022-03-17,1604100.0,4.22
6856,ACC00006856,2527,Salary,Active,2023-09-29,0.0,3.64
6857,ACC00006857,9997,Current,Active,2022-01-03,561200.0,4.53
6858,ACC00006858,8406,Savings,Active,2018-11-27,0.0,4.24
6859,ACC00006859,4231,Fixed Deposit,Closed,2025-02-16,0.0,6.8
6860,ACC00006860,9168,Current,Active,2020-11-13,258300.0,3.8
6861,ACC00006861,4507,Loan,Blocked,2022-04-13,516300.0,11.04
6862,ACC00006862,6723,Savings,Active,2022-02-23,0.0,4.1
6863,ACC00006863,9528,Savings,Active,2019-08-30,0.0,3.26
6864,ACC00006864,4690,Savings,Closed,2024-07-28,0.0,4.92
6865,ACC00006865,4366,Savings,Closed,2024-03-21,0.0,4.05
6866,ACC00006866,4481,Savings,Active,2022-05-25,0.0,4.81
6867,ACC00006867,4115,Fixed Deposit,Active,2021-03-25,0.0,6.21
6868,ACC00006868,2371,Current,Active,2023-03-06,372700.0,3.35
6869,ACC00006869,854,Savings,Active,2019-05-03,0.0,4.73
6870,ACC00006870,6831,Savings,Active,2018-04-09,0.0,3.62
6871,ACC00006871,5097,Salary,Active,2021-10-13,0.0,4.74
6872,ACC00006872,8385,Current,Active,2022-02-26,299200.0,4.1
6873,ACC00006873,989,Savings,Active,2019-06-19,0.0,3.19
6874,ACC00006874,9479,Savings,Active,2019-07-11,0.0,4.73
6875,ACC00006875,9545,Salary,Active,2022-12-05,0.0,4.47
6876,ACC00006876,1011,Savings,Active,2019-09-27,0.0,3.23
6877,ACC00006877,3296,Fixed Deposit,Active,2024-06-10,0.0,6.46
6878,ACC00006878,3642,Loan,Active,2022-07-12,1463300.0,10.01
6879,ACC00006879,352,Current,Dormant,2019-09-12,1794600.0,3.87
6880,ACC00006880,3152,Savings,Active,2019-10-10,0.0,3.37
6881,ACC00006881,176,Salary,Active,2023-06-10,0.0,3.35
6882,ACC00006882,166,Savings,Dormant,2024-07-30,0.0,4.31
6883,ACC00006883,8616,Loan,Active,2020-09-11,337200.0,14.04
6884,ACC00006884,9043,Current,Active,2020-09-14,604600.0,4.03
6885,ACC00006885,6753,Fixed Deposit,Active,2022-05-31,0.0,6.06
6886,ACC00006886,9848,Current,Active,2025-10-08,1562800.0,3.6
6887,ACC00006887,6821,Current,Active,2019-03-10,1825800.0,3.41
6888,ACC00006888,8947,Current,Active,2020-08-27,1887400.0,4.03
6889,ACC00006889,5354,Salary,Active,2018-03-08,0.0,4.85
6890,ACC00006890,7248,Loan,Active,2024-01-13,911700.0,12.69
6891,ACC00006891,3836,Savings,Active,2019-12-07,0.0,4.8
6892,ACC00006892,4242,Savings,Active,2020-05-22,0.0,4.93
6893,ACC00006893,4695,Savings,Active,2025-06-21,0.0,4.13
6894,ACC00006894,3512,Fixed Deposit,Active,2022-06-04,0.0,6.85
6895,ACC00006895,2276,Savings,Dormant,2019-11-15,0.0,4.91
6896,ACC00006896,3489,Current,Active,2023-02-09,1730800.0,4.46
6897,ACC00006897,2989,Savings,Active,2022-05-10,0.0,4.89
6898,ACC00006898,5332,Current,Active,2024-11-07,1757300.0,4.0
6899,ACC00006899,9595,Savings,Dormant,2021-04-11,0.0,4.57
6900,ACC00006900,8098,Current,Closed,2021-02-19,860500.0,2.91
6901,ACC00006901,8824,Fixed Deposit,Dormant,2020-10-07,0.0,7.1
6902,ACC00006902,6026,Savings,Active,2023-08-27,0.0,4.79
6903,ACC00006903,1738,Savings,Dormant,2025-10-16,0.0,3.22
6904,ACC00006904,5286,Savings,Active,2023-09-23,0.0,3.39
6905,ACC00006905,3500,Savings,Active,2024-11-03,0.0,4.25
6906,ACC00006906,3839,Savings,Active,2021-02-23,0.0,3.54
6907,ACC00006907,1801,Salary,Dormant,2022-01-13,0.0,4.78
6908,ACC00006908,9830,Savings,Active,2023-10-10,0.0,3.03
6909,ACC00006909,6002,Current,Active,2019-10-27,600600.0,3.96
6910,ACC00006910,4414,Savings,Active,2025-04-30,0.0,3.52
6911,ACC00006911,545,Salary,Active,2023-07-31,0.0,3.74
6912,ACC00006912,2700,Salary,Active,2021-12-27,0.0,4.28
6913,ACC00006913,704,Salary,Active,2023-09-14,0.0,3.74
6914,ACC00006914,9213,Salary,Blocked,2024-02-05,0.0,4.45
6915,ACC00006915,4684,Current,Active,2018-07-18,241300.0,2.82
6916,ACC00006916,7146,Savings,Active,2022-11-29,0.0,3.22
6917,ACC00006917,4670,Savings,Active,2020-10-05,0.0,4.69
6918,ACC00006918,373,Savings,Active,2025-01-25,0.0,3.12
6919,ACC00006919,3155,Savings,Dormant,2025-11-09,0.0,2.57
6920,ACC00006920,1469,Savings,Dormant,2019-08-21,0.0,3.63
6921,ACC00006921,4158,Savings,Blocked,2025-12-16,0.0,3.34
6922,ACC00006922,2662,Current,Dormant,2022-09-05,966000.0,3.43
6923,ACC00006923,95,Loan,Dormant,2023-03-16,1701400.0,11.96
6924,ACC00006924,4530,Savings,Active,2024-07-06,0.0,3.12
6925,ACC00006925,3191,Savings,Active,2024-10-29,0.0,4.45
6926,ACC00006926,1927,Loan,Active,2024-02-18,1800100.0,13.78
6927,ACC00006927,5034,Savings,Active,2021-11-08,0.0,3.76
6928,ACC00006928,673,Salary,Closed,2024-09-10,0.0,3.79
6929,ACC00006929,239,Savings,Active,2021-03-15,0.0,2.62
6930,ACC00006930,8938,Current,Active,2025-05-16,218300.0,2.52
6931,ACC00006931,2787,Savings,Closed,2025-06-06,0.0,3.79
6932,ACC00006932,5047,Current,Active,2020-07-19,327300.0,4.53
6933,ACC00006933,6921,Current,Active,2024-04-19,143900.0,2.96
6934,ACC00006934,4902,Fixed Deposit,Active,2023-12-23,0.0,7.19
6935,ACC00006935,9363,Fixed Deposit,Active,2024-09-04,0.0,8.16
6936,ACC00006936,6498,Savings,Active,2021-03-17,0.0,3.49
6937,ACC00006937,7980,Loan,Active,2025-09-05,997600.0,12.63
6938,ACC00006938,4414,Savings,Active,2023-08-21,0.0,4.89
6939,ACC00006939,6891,Savings,Active,2020-02-18,0.0,2.7
6940,ACC00006940,809,Savings,Active,2023-07-04,0.0,3.54
6941,ACC00006941,1591,Savings,Active,2022-05-15,0.0,3.18
6942,ACC00006942,719,Fixed Deposit,Active,2021-12-30,0.0,6.35
6943,ACC00006943,2447,Savings,Active,2025-08-19,0.0,3.35
6944,ACC00006944,3550,Current,Active,2018-03-08,1359900.0,2.79
6945,ACC00006945,7611,Current,Dormant,2023-09-24,168700.0,3.39
6946,ACC00006946,3758,Fixed Deposit,Active,2024-02-21,0.0,6.95
6947,ACC00006947,7246,Savings,Active,2018-10-30,0.0,3.69
6948,ACC00006948,9915,Fixed Deposit,Dormant,2020-03-04,0.0,8.26
6949,ACC00006949,2659,Savings,Closed,2025-02-02,0.0,3.51
6950,ACC00006950,9698,Fixed Deposit,Active,2019-12-01,0.0,8.02
6951,ACC00006951,276,Savings,Active,2018-02-13,0.0,4.39
6952,ACC00006952,743,Savings,Active,2021-06-26,0.0,4.52
6953,ACC00006953,6213,Loan,Dormant,2021-11-22,625100.0,8.66
6954,ACC00006954,3233,Fixed Deposit,Active,2023-12-11,0.0,5.67
6955,ACC00006955,8348,Current,Closed,2024-02-06,1531900.0,4.36
6956,ACC00006956,2229,Savings,Active,2021-06-04,0.0,4.02
6957,ACC00006957,6820,Savings,Active,2018-05-07,0.0,4.51
6958,ACC00006958,7346,Salary,Active,2019-07-23,0.0,3.92
6959,ACC00006959,9980,Savings,Active,2025-11-30,0.0,4.7
6960,ACC00006960,5771,Salary,Active,2020-02-14,0.0,3.34
6961,ACC00006961,6778,Savings,Active,2024-12-23,0.0,4.32
6962,ACC00006962,6834,Savings,Active,2021-09-05,0.0,3.48
6963,ACC00006963,4716,Savings,Active,2021-03-05,0.0,3.86
6964,ACC00006964,2080,Loan,Active,2021-09-28,1225900.0,12.42
6965,ACC00006965,7191,Salary,Active,2020-08-24,0.0,4.74
6966,ACC00006966,6317,Salary,Active,2025-04-05,0.0,4.78
6967,ACC00006967,9746,Salary,Active,2023-05-03,0.0,3.6
6968,ACC00006968,3882,Savings,Active,2025-11-10,0.0,3.62
6969,ACC00006969,1440,Loan,Active,2019-01-06,785000.0,11.31
6970,ACC00006970,3543,Savings,Active,2021-06-03,0.0,2.88
6971,ACC00006971,3640,Savings,Active,2024-07-05,0.0,4.71
6972,ACC00006972,2357,Savings,Active,2024-09-09,0.0,4.32
6973,ACC00006973,5547,Savings,Active,2023-12-12,0.0,3.6
6974,ACC00006974,2898,Savings,Active,2022-06-06,0.0,2.65
6975,ACC00006975,3955,Fixed Deposit,Active,2024-10-16,0.0,7.31
6976,ACC00006976,765,Salary,Active,2024-02-14,0.0,2.57
6977,ACC00006977,87,Fixed Deposit,Active,2019-10-21,0.0,6.7
6978,ACC00006978,3350,Savings,Active,2023-01-18,0.0,4.68
6979,ACC00006979,2146,Current,Closed,2022-09-07,992200.0,3.34
6980,ACC00006980,3043,Current,Active,2021-11-03,799700.0,4.88
6981,ACC00006981,1488,Savings,Active,2021-07-29,0.0,2.97
6982,ACC00006982,7809,Loan,Active,2024-10-14,1550500.0,10.61
6983,ACC00006983,5105,Savings,Active,2021-11-03,0.0,4.21
6984,ACC00006984,4019,Savings,Active,2025-01-10,0.0,4.49
6985,ACC00006985,5162,Savings,Active,2024-12-27,0.0,2.75
6986,ACC00006986,7988,Fixed Deposit,Active,2020-07-07,0.0,7.82
6987,ACC00006987,6623,Savings,Active,2018-03-21,0.0,3.45
6988,ACC00006988,2544,Loan,Active,2021-07-08,1234000.0,8.0
6989,ACC00006989,4312,Savings,Active,2019-01-01,0.0,3.28
6990,ACC00006990,6079,Fixed Deposit,Active,2022-02-21,0.0,5.59
6991,ACC00006991,8673,Fixed Deposit,Active,2018-07-28,0.0,8.31
6992,ACC00006992,7357,Savings,Active,2019-01-25,0.0,3.18
6993,ACC00006993,9330,Fixed Deposit,Active,2025-11-10,0.0,6.94
6994,ACC00006994,4030,Savings,Active,2024-05-24,0.0,4.73
6995,ACC00006995,7039,Savings,Active,2018-09-06,0.0,3.04
6996,ACC00006996,7320,Savings,Active,2025-04-27,0.0,4.41
6997,ACC00006997,1070,Fixed Deposit,Active,2020-12-19,0.0,7.62
6998,ACC00006998,8831,Savings,Active,2022-01-18,0.0,2.55
6999,ACC00006999,910,Salary,Active,2019-12-21,0.0,3.3
7000,ACC00007000,1700,Fixed Deposit,Active,2022-07-07,0.0,7.66
7001,ACC00007001,3418,Savings,Active,2022-03-22,0.0,4.8
7002,ACC00007002,8157,Salary,Active,2023-03-08,0.0,3.75
7003,ACC00007003,1476,Loan,Active,2019-11-06,1442400.0,12.13
7004,ACC00007004,7198,Current,Active,2021-10-09,1952900.0,3.53
7005,ACC00007005,1916,Salary,Active,2021-04-14,0.0,3.37
7006,ACC00007006,6464,Salary,Active,2025-05-26,0.0,4.72
7007,ACC00007007,8824,Loan,Active,2020-06-04,1596500.0,12.28
7008,ACC00007008,8968,Savings,Active,2018-11-12,0.0,4.39
7009,ACC00007009,5984,Current,Active,2021-06-11,1709300.0,4.45
7010,ACC00007010,9635,Current,Active,2022-06-06,1139200.0,4.94
7011,ACC00007011,4072,Savings,Active,2024-02-18,0.0,3.76
7012,ACC00007012,7199,Loan,Closed,2025-04-15,1928600.0,8.97
7013,ACC00007013,621,Current,Active,2020-09-17,81300.0,4.03
7014,ACC00007014,9378,Loan,Active,2021-12-15,1352400.0,13.67
7015,ACC00007015,6533,Loan,Active,2021-11-12,947800.0,12.68
7016,ACC00007016,7524,Fixed Deposit,Active,2024-11-29,0.0,6.75
7017,ACC00007017,5524,Savings,Active,2020-11-02,0.0,4.46
7018,ACC00007018,2704,Savings,Closed,2022-11-15,0.0,2.67
7019,ACC00007019,875,Current,Active,2019-12-15,274500.0,3.81
7020,ACC00007020,4695,Current,Closed,2020-01-29,497000.0,2.59
7021,ACC00007021,7307,Current,Active,2018-06-17,676500.0,4.47
7022,ACC00007022,5745,Savings,Blocked,2019-01-13,0.0,4.84
7023,ACC00007023,2416,Savings,Active,2024-03-26,0.0,3.17
7024,ACC00007024,8919,Current,Active,2022-09-20,996700.0,4.3
7025,ACC00007025,3517,Current,Active,2020-01-08,280600.0,3.58
7026,ACC00007026,6943,Loan,Active,2022-01-24,648400.0,12.76
7027,ACC00007027,6875,Loan,Active,2025-02-20,1819400.0,13.45
7028,ACC00007028,8413,Fixed Deposit,Active,2024-07-04,0.0,7.53
7029,ACC00007029,1229,Savings,Active,2021-11-07,0.0,2.9
7030,ACC00007030,1517,Salary,Active,2024-03-23,0.0,3.06
7031,ACC00007031,483,Savings,Dormant,2024-01-30,0.0,3.23
7032,ACC00007032,2621,Loan,Active,2023-02-19,759000.0,11.76
7033,ACC00007033,2441,Current,Active,2025-03-07,312100.0,3.44
7034,ACC00007034,6962,Fixed Deposit,Active,2024-02-19,0.0,7.22
7035,ACC00007035,9725,Savings,Active,2020-12-01,0.0,3.54
7036,ACC00007036,8207,Savings,Active,2024-10-15,0.0,3.23
7037,ACC00007037,6424,Savings,Active,2021-09-22,0.0,4.49
7038,ACC00007038,9929,Current,Active,2021-10-11,1424200.0,4.8
7039,ACC00007039,635,Salary,Active,2019-05-21,0.0,3.35
7040,ACC00007040,6608,Savings,Active,2021-10-26,0.0,4.56
7041,ACC00007041,1303,Savings,Active,2020-12-15,0.0,4.91
7042,ACC00007042,5623,Loan,Active,2020-10-31,1018300.0,11.82
7043,ACC00007043,1684,Salary,Active,2023-06-05,0.0,2.76
7044,ACC00007044,557,Loan,Active,2021-02-27,999900.0,11.46
7045,ACC00007045,4215,Current,Dormant,2021-07-01,282100.0,2.86
7046,ACC00007046,292,Savings,Active,2019-10-29,0.0,3.02
7047,ACC00007047,1929,Savings,Active,2019-09-22,0.0,4.12
7048,ACC00007048,1451,Current,Active,2024-04-14,1720400.0,3.75
7049,ACC00007049,4541,Salary,Active,2023-10-19,0.0,4.29
7050,ACC00007050,918,Loan,Active,2023-12-17,102800.0,12.87
7051,ACC00007051,2693,Savings,Active,2020-09-04,0.0,5.0
7052,ACC00007052,8804,Savings,Active,2018-11-12,0.0,3.97
7053,ACC00007053,5085,Loan,Active,2021-12-29,903000.0,9.85
7054,ACC00007054,1228,Current,Active,2020-02-26,168400.0,3.04
7055,ACC00007055,1571,Current,Active,2022-07-23,796700.0,3.25
7056,ACC00007056,6404,Savings,Active,2018-10-29,0.0,3.1
7057,ACC00007057,3281,Salary,Active,2019-08-31,0.0,3.74
7058,ACC00007058,2517,Savings,Active,2020-06-05,0.0,4.6
7059,ACC00007059,338,Fixed Deposit,Active,2023-04-05,0.0,5.98
7060,ACC00007060,8265,Savings,Active,2022-05-17,0.0,3.3
7061,ACC00007061,5198,Loan,Active,2024-08-27,1042000.0,10.44
7062,ACC00007062,9718,Savings,Closed,2023-03-30,0.0,3.44
7063,ACC00007063,9779,Current,Active,2018-03-19,1612400.0,2.61
7064,ACC00007064,9379,Savings,Active,2020-10-16,0.0,3.35
7065,ACC00007065,2320,Fixed Deposit,Dormant,2018-01-09,0.0,5.91
7066,ACC00007066,7403,Salary,Active,2025-01-14,0.0,4.27
7067,ACC00007067,3331,Salary,Active,2018-09-24,0.0,2.94
7068,ACC00007068,7230,Salary,Active,2020-03-04,0.0,2.67
7069,ACC00007069,9247,Loan,Active,2022-02-15,408700.0,11.77
7070,ACC00007070,2177,Current,Active,2021-03-06,1239300.0,2.78
7071,ACC00007071,8510,Salary,Active,2022-07-30,0.0,2.56
7072,ACC00007072,1185,Salary,Closed,2022-01-01,0.0,4.43
7073,ACC00007073,2730,Fixed Deposit,Blocked,2020-08-22,0.0,6.2
7074,ACC00007074,8613,Savings,Active,2020-02-22,0.0,2.86
7075,ACC00007075,6708,Fixed Deposit,Dormant,2021-10-12,0.0,8.14
7076,ACC00007076,7410,Current,Active,2021-12-12,422700.0,4.04
7077,ACC00007077,4131,Savings,Active,2023-02-12,0.0,3.35
7078,ACC00007078,4783,Savings,Active,2022-01-25,0.0,4.01
7079,ACC00007079,9571,Fixed Deposit,Active,2019-05-28,0.0,5.98
7080,ACC00007080,2178,Savings,Active,2023-06-10,0.0,4.87
7081,ACC00007081,6572,Savings,Active,2018-01-14,0.0,4.73
7082,ACC00007082,3658,Salary,Active,2024-04-15,0.0,2.77
7083,ACC00007083,7818,Salary,Active,2019-10-29,0.0,2.62
7084,ACC00007084,332,Current,Active,2023-10-01,368200.0,2.66
7085,ACC00007085,8378,Salary,Active,2021-02-24,0.0,4.17
7086,ACC00007086,9112,Current,Closed,2021-04-08,158200.0,3.62
7087,ACC00007087,4080,Savings,Dormant,2019-05-06,0.0,3.11
7088,ACC00007088,8470,Savings,Active,2024-04-24,0.0,3.5
7089,ACC00007089,5673,Savings,Active,2021-09-08,0.0,4.49
7090,ACC00007090,4740,Salary,Active,2025-05-13,0.0,3.88
7091,ACC00007091,4818,Savings,Active,2022-07-22,0.0,4.39
7092,ACC00007092,2070,Salary,Active,2025-08-26,0.0,4.74
7093,ACC00007093,3644,Current,Closed,2023-12-27,988300.0,4.13
7094,ACC00007094,486,Savings,Active,2021-09-23,0.0,2.96
7095,ACC00007095,372,Current,Active,2024-09-16,267300.0,2.99
7096,ACC00007096,9390,Current,Active,2025-06-27,1122600.0,3.15
7097,ACC00007097,2183,Current,Active,2020-12-28,668400.0,2.71
7098,ACC00007098,5256,Salary,Closed,2018-07-19,0.0,4.68
7099,ACC00007099,8460,Salary,Active,2021-04-16,0.0,3.58
7100,ACC00007100,4491,Current,Active,2022-11-05,1601700.0,3.18
7101,ACC00007101,3302,Fixed Deposit,Active,2024-10-07,0.0,6.77
7102,ACC00007102,3607,Loan,Active,2025-02-09,1256600.0,10.82
7103,ACC00007103,278,Current,Active,2018-04-08,1415500.0,4.57
7104,ACC00007104,7853,Salary,Active,2024-05-18,0.0,4.98
7105,ACC00007105,2070,Current,Active,2019-01-31,867700.0,2.96
7106,ACC00007106,7207,Savings,Active,2019-03-12,0.0,2.55
7107,ACC00007107,1833,Fixed Deposit,Dormant,2019-08-09,0.0,5.92
7108,ACC00007108,2104,Savings,Active,2023-09-22,0.0,3.16
7109,ACC00007109,6979,Salary,Active,2022-04-12,0.0,4.98
7110,ACC00007110,1148,Savings,Active,2021-02-26,0.0,2.6
7111,ACC00007111,9488,Salary,Active,2022-12-17,0.0,2.77
7112,ACC00007112,658,Savings,Closed,2023-08-28,0.0,2.68
7113,ACC00007113,2445,Current,Dormant,2018-08-27,1736200.0,4.6
7114,ACC00007114,8214,Savings,Dormant,2021-03-03,0.0,3.56
7115,ACC00007115,6153,Savings,Active,2020-08-09,0.0,3.75
7116,ACC00007116,9071,Salary,Blocked,2024-04-27,0.0,3.16
7117,ACC00007117,5513,Fixed Deposit,Dormant,2024-12-11,0.0,6.9
7118,ACC00007118,9234,Fixed Deposit,Active,2018-04-21,0.0,6.44
7119,ACC00007119,4800,Savings,Active,2020-01-25,0.0,4.81
7120,ACC00007120,3809,Savings,Active,2018-07-14,0.0,4.57
7121,ACC00007121,3123,Fixed Deposit,Closed,2021-09-25,0.0,6.18
7122,ACC00007122,7994,Savings,Blocked,2020-04-16,0.0,3.45
7123,ACC00007123,3862,Current,Dormant,2022-07-11,1663900.0,4.82
7124,ACC00007124,620,Fixed Deposit,Active,2021-02-14,0.0,6.76
7125,ACC00007125,7197,Savings,Active,2024-10-25,0.0,4.13
7126,ACC00007126,6839,Savings,Active,2022-03-24,0.0,3.5
7127,ACC00007127,7801,Savings,Active,2025-09-10,0.0,4.29
7128,ACC00007128,5066,Salary,Active,2019-12-06,0.0,3.9
7129,ACC00007129,6368,Loan,Closed,2020-09-24,1857200.0,10.79
7130,ACC00007130,7438,Savings,Active,2023-12-20,0.0,3.88
7131,ACC00007131,4882,Savings,Active,2025-07-19,0.0,3.0
7132,ACC00007132,710,Savings,Active,2022-03-25,0.0,4.17
7133,ACC00007133,8146,Savings,Active,2024-03-25,0.0,4.77
7134,ACC00007134,282,Savings,Active,2019-08-23,0.0,3.83
7135,ACC00007135,7283,Savings,Active,2024-11-10,0.0,3.3
7136,ACC00007136,2323,Salary,Active,2021-01-10,0.0,4.91
7137,ACC00007137,4934,Savings,Active,2024-12-10,0.0,4.09
7138,ACC00007138,4226,Savings,Active,2018-09-01,0.0,3.8
7139,ACC00007139,3284,Savings,Active,2025-05-22,0.0,3.51
7140,ACC00007140,1230,Savings,Active,2025-07-25,0.0,3.87
7141,ACC00007141,8161,Savings,Closed,2025-02-02,0.0,3.74
7142,ACC00007142,2756,Current,Active,2022-02-10,1894800.0,4.54
7143,ACC00007143,6069,Salary,Active,2022-05-04,0.0,4.74
7144,ACC00007144,3301,Current,Dormant,2020-11-08,1778200.0,4.46
7145,ACC00007145,6269,Fixed Deposit,Active,2020-06-22,0.0,6.3
7146,ACC00007146,3209,Current,Active,2018-08-23,633400.0,4.03
7147,ACC00007147,263,Savings,Active,2023-04-03,0.0,4.82
7148,ACC00007148,821,Current,Active,2024-02-09,1507300.0,4.84
7149,ACC00007149,1231,Salary,Active,2022-12-06,0.0,4.77
7150,ACC00007150,8155,Savings,Active,2020-03-03,0.0,3.27
7151,ACC00007151,3697,Current,Active,2019-05-31,1329200.0,4.12
7152,ACC00007152,2554,Savings,Closed,2022-06-29,0.0,3.89
7153,ACC00007153,3717,Loan,Active,2024-01-08,1295800.0,9.79
7154,ACC00007154,7767,Savings,Active,2018-06-02,0.0,4.98
7155,ACC00007155,9542,Salary,Active,2019-12-19,0.0,3.37
7156,ACC00007156,4015,Savings,Active,2023-04-19,0.0,3.07
7157,ACC00007157,7661,Savings,Active,2019-06-17,0.0,3.9
7158,ACC00007158,4970,Fixed Deposit,Closed,2021-01-18,0.0,7.64
7159,ACC00007159,9570,Loan,Blocked,2022-07-06,1265200.0,9.15
7160,ACC00007160,1282,Savings,Active,2023-11-18,0.0,2.51
7161,ACC00007161,6537,Current,Active,2021-01-20,1354100.0,2.94
7162,ACC00007162,4500,Current,Active,2024-10-05,858400.0,4.96
7163,ACC00007163,5973,Savings,Active,2023-07-01,0.0,2.85
7164,ACC00007164,4861,Savings,Active,2023-03-20,0.0,2.59
7165,ACC00007165,4284,Savings,Active,2018-12-21,0.0,3.08
7166,ACC00007166,722,Savings,Blocked,2023-07-28,0.0,3.14
7167,ACC00007167,7733,Current,Active,2019-12-16,171800.0,2.73
7168,ACC00007168,6877,Savings,Closed,2025-02-18,0.0,3.19
7169,ACC00007169,5490,Loan,Active,2020-07-18,518700.0,9.52
7170,ACC00007170,7504,Loan,Active,2025-08-04,1964600.0,11.23
7171,ACC00007171,7960,Current,Active,2021-09-18,1084700.0,2.7
7172,ACC00007172,9922,Current,Closed,2022-06-07,1580600.0,3.3
7173,ACC00007173,1223,Current,Active,2021-01-25,445700.0,4.21
7174,ACC00007174,932,Current,Active,2021-03-03,1766700.0,3.57
7175,ACC00007175,2853,Savings,Active,2022-11-26,0.0,3.23
7176,ACC00007176,5266,Current,Active,2025-06-03,1100900.0,2.84
7177,ACC00007177,9371,Loan,Active,2021-10-16,1709500.0,14.24
7178,ACC00007178,6878,Salary,Active,2021-11-12,0.0,4.44
7179,ACC00007179,1769,Savings,Active,2020-05-26,0.0,3.53
7180,ACC00007180,1119,Current,Active,2018-10-09,1840800.0,3.72
7181,ACC00007181,9491,Savings,Active,2020-08-06,0.0,4.37
7182,ACC00007182,9713,Savings,Active,2018-01-29,0.0,2.86
7183,ACC00007183,9889,Savings,Active,2019-02-13,0.0,4.71
7184,ACC00007184,7248,Savings,Active,2022-09-30,0.0,4.69
7185,ACC00007185,9732,Loan,Closed,2019-07-01,612400.0,12.28
7186,ACC00007186,7292,Savings,Active,2018-01-12,0.0,4.29
7187,ACC00007187,8180,Loan,Active,2024-11-27,558900.0,9.09
7188,ACC00007188,3721,Fixed Deposit,Active,2022-06-08,0.0,7.66
7189,ACC00007189,281,Savings,Active,2024-04-21,0.0,2.81
7190,ACC00007190,57,Savings,Active,2025-04-25,0.0,2.62
7191,ACC00007191,6469,Current,Active,2024-06-24,1365100.0,2.6
7192,ACC00007192,91,Savings,Active,2021-01-31,0.0,4.92
7193,ACC00007193,4,Savings,Active,2023-11-25,0.0,2.88
7194,ACC00007194,8725,Current,Active,2018-05-05,1129600.0,2.87
7195,ACC00007195,7627,Current,Active,2020-06-04,1453100.0,4.36
7196,ACC00007196,8607,Current,Active,2021-01-18,686700.0,4.01
7197,ACC00007197,8828,Savings,Active,2018-01-12,0.0,4.65
7198,ACC00007198,5329,Savings,Active,2021-06-23,0.0,4.34
7199,ACC00007199,8455,Loan,Active,2021-10-25,1959200.0,14.22
7200,ACC00007200,8937,Savings,Active,2022-02-13,0.0,4.07
7201,ACC00007201,5745,Savings,Active,2020-01-06,0.0,2.88
7202,ACC00007202,6259,Salary,Active,2021-02-01,0.0,4.3
7203,ACC00007203,311,Fixed Deposit,Active,2018-01-24,0.0,5.81
7204,ACC00007204,8799,Savings,Active,2024-07-20,0.0,3.91
7205,ACC00007205,5828,Savings,Active,2018-09-09,0.0,4.37
7206,ACC00007206,9737,Savings,Active,2020-05-29,0.0,2.81
7207,ACC00007207,6970,Current,Active,2022-06-09,925400.0,4.36
7208,ACC00007208,109,Savings,Active,2025-10-07,0.0,4.69
7209,ACC00007209,2334,Savings,Active,2022-11-09,0.0,2.95
7210,ACC00007210,6616,Savings,Active,2021-11-05,0.0,4.25
7211,ACC00007211,4464,Current,Active,2018-12-08,1933700.0,4.73
7212,ACC00007212,5226,Fixed Deposit,Active,2018-02-10,0.0,6.56
7213,ACC00007213,4096,Current,Active,2025-07-06,627500.0,4.29
7214,ACC00007214,4157,Fixed Deposit,Active,2022-07-24,0.0,8.22
7215,ACC00007215,2295,Salary,Active,2018-10-11,0.0,3.05
7216,ACC00007216,4519,Savings,Active,2025-08-19,0.0,3.24
7217,ACC00007217,6412,Savings,Active,2021-12-04,0.0,4.93
7218,ACC00007218,338,Fixed Deposit,Active,2018-11-23,0.0,8.07
7219,ACC00007219,5573,Salary,Active,2024-06-30,0.0,4.91
7220,ACC00007220,613,Current,Active,2020-05-07,731100.0,3.28
7221,ACC00007221,7796,Loan,Active,2025-09-29,282900.0,13.74
7222,ACC00007222,2812,Savings,Active,2024-03-16,0.0,4.52
7223,ACC00007223,6924,Fixed Deposit,Active,2019-02-05,0.0,5.53
7224,ACC00007224,3319,Savings,Closed,2025-01-16,0.0,3.04
7225,ACC00007225,2736,Salary,Active,2022-08-14,0.0,3.57
7226,ACC00007226,3431,Loan,Active,2021-07-25,1055700.0,14.31
7227,ACC00007227,4020,Savings,Active,2019-04-03,0.0,4.76
7228,ACC00007228,7405,Current,Active,2018-10-01,467800.0,3.22
7229,ACC00007229,8709,Savings,Active,2025-02-07,0.0,4.22
7230,ACC00007230,2803,Salary,Active,2022-11-17,0.0,4.14
7231,ACC00007231,2132,Savings,Active,2018-11-06,0.0,3.29
7232,ACC00007232,6139,Salary,Active,2025-01-08,0.0,3.46
7233,ACC00007233,8528,Fixed Deposit,Active,2020-10-03,0.0,7.49
7234,ACC00007234,3326,Savings,Active,2018-06-18,0.0,3.35
7235,ACC00007235,6615,Savings,Active,2024-05-02,0.0,3.41
7236,ACC00007236,8256,Salary,Active,2018-05-22,0.0,3.24
7237,ACC00007237,3898,Savings,Closed,2023-02-16,0.0,4.28
7238,ACC00007238,2302,Fixed Deposit,Active,2024-03-11,0.0,7.46
7239,ACC00007239,5529,Salary,Active,2025-12-10,0.0,2.79
7240,ACC00007240,7221,Current,Active,2024-06-08,715000.0,4.67
7241,ACC00007241,384,Savings,Active,2024-07-16,0.0,3.77
7242,ACC00007242,8317,Savings,Closed,2021-11-28,0.0,3.07
7243,ACC00007243,2580,Savings,Active,2020-11-09,0.0,4.85
7244,ACC00007244,4073,Fixed Deposit,Active,2024-11-26,0.0,7.45
7245,ACC00007245,6787,Fixed Deposit,Active,2023-07-22,0.0,5.74
7246,ACC00007246,9095,Savings,Active,2023-09-21,0.0,3.36
7247,ACC00007247,4355,Savings,Active,2024-03-14,0.0,3.56
7248,ACC00007248,6059,Savings,Active,2018-05-05,0.0,4.31
7249,ACC00007249,2284,Salary,Active,2023-07-15,0.0,4.81
7250,ACC00007250,5933,Savings,Active,2019-04-08,0.0,3.56
7251,ACC00007251,2261,Loan,Active,2022-09-07,752000.0,8.92
7252,ACC00007252,4864,Savings,Active,2022-10-07,0.0,3.57
7253,ACC00007253,426,Salary,Active,2021-06-02,0.0,3.41
7254,ACC00007254,7354,Loan,Active,2025-07-02,1119900.0,12.69
7255,ACC00007255,3636,Savings,Active,2022-09-26,0.0,2.95
7256,ACC00007256,9668,Savings,Active,2018-01-10,0.0,4.56
7257,ACC00007257,8113,Savings,Active,2018-03-31,0.0,4.94
7258,ACC00007258,8332,Current,Active,2024-10-06,1050700.0,3.58
7259,ACC00007259,6707,Savings,Blocked,2024-09-26,0.0,4.47
7260,ACC00007260,3042,Current,Active,2023-03-19,1977800.0,4.67
7261,ACC00007261,5255,Current,Active,2023-06-20,261900.0,3.02
7262,ACC00007262,115,Savings,Active,2019-04-17,0.0,3.4
7263,ACC00007263,5563,Current,Active,2018-07-04,1484900.0,3.81
7264,ACC00007264,40,Fixed Deposit,Closed,2018-12-27,0.0,6.73
7265,ACC00007265,3506,Savings,Closed,2018-01-20,0.0,2.69
7266,ACC00007266,110,Fixed Deposit,Active,2025-03-24,0.0,6.03
7267,ACC00007267,537,Savings,Active,2021-03-19,0.0,2.59
7268,ACC00007268,6080,Fixed Deposit,Active,2019-03-21,0.0,7.48
7269,ACC00007269,7523,Current,Active,2019-10-22,1166000.0,4.94
7270,ACC00007270,4652,Loan,Active,2022-03-16,1295200.0,8.88
7271,ACC00007271,2049,Loan,Active,2022-08-12,989700.0,10.14
7272,ACC00007272,5713,Savings,Active,2019-07-22,0.0,4.42
7273,ACC00007273,5548,Savings,Active,2024-04-02,0.0,2.51
7274,ACC00007274,5434,Fixed Deposit,Blocked,2021-12-17,0.0,7.32
7275,ACC00007275,7469,Savings,Active,2022-08-21,0.0,2.51
7276,ACC00007276,7610,Savings,Active,2019-08-23,0.0,2.95
7277,ACC00007277,5283,Savings,Active,2025-09-08,0.0,4.92
7278,ACC00007278,5796,Loan,Active,2020-05-20,735500.0,7.65
7279,ACC00007279,3626,Loan,Active,2021-10-18,544300.0,9.31
7280,ACC00007280,4098,Current,Active,2025-03-28,157500.0,4.1
7281,ACC00007281,6930,Savings,Active,2022-01-25,0.0,3.86
7282,ACC00007282,6123,Salary,Active,2021-12-07,0.0,2.9
7283,ACC00007283,9494,Savings,Active,2024-03-04,0.0,2.75
7284,ACC00007284,4919,Salary,Active,2020-09-06,0.0,3.56
7285,ACC00007285,9135,Savings,Active,2019-01-16,0.0,3.6
7286,ACC00007286,6176,Current,Closed,2025-07-02,96200.0,2.74
7287,ACC00007287,8177,Salary,Active,2024-03-12,0.0,3.06
7288,ACC00007288,229,Salary,Active,2020-07-03,0.0,3.6
7289,ACC00007289,778,Loan,Dormant,2023-09-12,723500.0,14.25
7290,ACC00007290,371,Savings,Active,2021-12-03,0.0,2.72
7291,ACC00007291,102,Savings,Dormant,2023-04-03,0.0,4.57
7292,ACC00007292,3243,Current,Active,2024-01-02,851100.0,4.66
7293,ACC00007293,6663,Current,Blocked,2024-01-17,1271500.0,3.87
7294,ACC00007294,6389,Current,Active,2018-03-27,1119400.0,4.36
7295,ACC00007295,4685,Salary,Closed,2020-11-23,0.0,4.48
7296,ACC00007296,8087,Savings,Dormant,2018-12-24,0.0,4.52
7297,ACC00007297,2763,Current,Active,2022-01-23,354300.0,3.24
7298,ACC00007298,7139,Current,Active,2024-08-29,121600.0,4.25
7299,ACC00007299,2184,Current,Active,2021-04-27,917800.0,2.56
7300,ACC00007300,4567,Savings,Active,2022-10-12,0.0,3.42
7301,ACC00007301,9316,Savings,Active,2025-04-22,0.0,4.86
7302,ACC00007302,8970,Savings,Active,2023-09-16,0.0,4.33
7303,ACC00007303,8588,Savings,Active,2024-06-26,0.0,2.98
7304,ACC00007304,479,Fixed Deposit,Active,2021-02-27,0.0,7.04
7305,ACC00007305,7627,Fixed Deposit,Active,2023-11-18,0.0,8.04
7306,ACC00007306,9125,Savings,Active,2022-04-01,0.0,4.28
7307,ACC00007307,8346,Current,Active,2019-11-26,770200.0,4.37
7308,ACC00007308,8197,Savings,Active,2023-11-07,0.0,2.65
7309,ACC00007309,8115,Fixed Deposit,Active,2018-02-12,0.0,8.37
7310,ACC00007310,5807,Salary,Active,2021-01-12,0.0,4.41
7311,ACC00007311,775,Current,Active,2023-03-17,953400.0,2.63
7312,ACC00007312,1316,Savings,Active,2020-02-07,0.0,3.38
7313,ACC00007313,7687,Loan,Active,2022-09-09,1649600.0,9.51
7314,ACC00007314,9639,Salary,Active,2019-10-20,0.0,2.99
7315,ACC00007315,8446,Salary,Dormant,2024-01-18,0.0,2.54
7316,ACC00007316,2404,Fixed Deposit,Active,2022-02-06,0.0,8.38
7317,ACC00007317,6898,Fixed Deposit,Active,2024-12-28,0.0,5.5
7318,ACC00007318,3254,Fixed Deposit,Active,2021-11-23,0.0,7.29
7319,ACC00007319,3029,Savings,Active,2022-02-19,0.0,2.96
7320,ACC00007320,7159,Savings,Active,2023-07-19,0.0,3.89
7321,ACC00007321,579,Savings,Active,2024-03-16,0.0,3.94
7322,ACC00007322,8295,Loan,Active,2023-01-31,1666000.0,10.07
7323,ACC00007323,1294,Savings,Dormant,2020-01-15,0.0,3.5
7324,ACC00007324,2043,Savings,Active,2021-04-24,0.0,3.13
7325,ACC00007325,4441,Savings,Active,2019-02-14,0.0,3.46
7326,ACC00007326,7141,Salary,Active,2021-08-08,0.0,4.43
7327,ACC00007327,2021,Savings,Active,2020-10-08,0.0,3.19
7328,ACC00007328,2255,Current,Active,2024-04-03,510500.0,2.72
7329,ACC00007329,9712,Savings,Active,2018-03-27,0.0,2.66
7330,ACC00007330,3480,Savings,Active,2018-04-24,0.0,3.41
7331,ACC00007331,4346,Savings,Active,2018-06-24,0.0,4.51
7332,ACC00007332,2358,Fixed Deposit,Active,2021-12-02,0.0,5.74
7333,ACC00007333,7810,Salary,Active,2023-11-09,0.0,2.82
7334,ACC00007334,1661,Savings,Active,2023-01-23,0.0,4.04
7335,ACC00007335,3418,Savings,Active,2020-04-19,0.0,3.92
7336,ACC00007336,6291,Current,Active,2018-11-29,1092400.0,3.98
7337,ACC00007337,677,Savings,Active,2024-02-18,0.0,3.75
7338,ACC00007338,6625,Savings,Active,2023-03-08,0.0,4.9
7339,ACC00007339,8288,Savings,Active,2024-03-02,0.0,4.64
7340,ACC00007340,4311,Fixed Deposit,Active,2025-06-16,0.0,7.89
7341,ACC00007341,2763,Current,Active,2022-02-09,790700.0,3.81
7342,ACC00007342,6293,Current,Active,2023-08-07,1563800.0,3.81
7343,ACC00007343,7007,Savings,Active,2020-11-30,0.0,4.34
7344,ACC00007344,3386,Salary,Active,2023-03-18,0.0,3.38
7345,ACC00007345,3107,Fixed Deposit,Active,2019-09-06,0.0,5.6
7346,ACC00007346,3380,Salary,Active,2020-08-12,0.0,3.44
7347,ACC00007347,8991,Current,Closed,2023-03-27,1287300.0,4.77
7348,ACC00007348,1869,Savings,Active,2020-11-25,0.0,3.16
7349,ACC00007349,4330,Current,Active,2018-08-13,1015700.0,3.27
7350,ACC00007350,7379,Salary,Active,2024-02-18,0.0,3.49
7351,ACC00007351,8330,Savings,Closed,2020-03-19,0.0,3.35
7352,ACC00007352,560,Loan,Closed,2025-10-21,104500.0,10.36
7353,ACC00007353,3558,Loan,Active,2025-07-12,1004200.0,12.86
7354,ACC00007354,2885,Loan,Active,2019-05-30,138200.0,12.43
7355,ACC00007355,6399,Current,Active,2024-02-22,933000.0,3.42
7356,ACC00007356,5487,Current,Active,2022-02-21,1487600.0,3.63
7357,ACC00007357,1100,Current,Active,2024-02-28,305500.0,4.19
7358,ACC00007358,749,Current,Active,2025-09-18,715000.0,3.55
7359,ACC00007359,5594,Savings,Active,2023-07-02,0.0,4.33
7360,ACC00007360,6959,Fixed Deposit,Active,2023-10-18,0.0,8.08
7361,ACC00007361,8363,Fixed Deposit,Active,2020-10-07,0.0,8.4
7362,ACC00007362,2077,Salary,Active,2025-09-12,0.0,4.43
7363,ACC00007363,4598,Salary,Active,2020-10-06,0.0,3.59
7364,ACC00007364,541,Current,Active,2020-06-08,854200.0,3.19
7365,ACC00007365,6908,Loan,Active,2025-03-04,969600.0,7.82
7366,ACC00007366,4571,Savings,Active,2020-08-29,0.0,4.91
7367,ACC00007367,8399,Savings,Active,2020-10-10,0.0,4.57
7368,ACC00007368,1508,Savings,Active,2020-04-22,0.0,2.88
7369,ACC00007369,348,Salary,Active,2018-11-12,0.0,3.13
7370,ACC00007370,1471,Savings,Active,2022-01-29,0.0,4.53
7371,ACC00007371,908,Salary,Active,2018-09-13,0.0,4.41
7372,ACC00007372,6041,Salary,Active,2019-01-29,0.0,3.99
7373,ACC00007373,5256,Loan,Active,2021-01-26,787300.0,7.97
7374,ACC00007374,7797,Current,Active,2022-03-15,1423100.0,4.3
7375,ACC00007375,9984,Current,Active,2022-02-18,342100.0,3.37
7376,ACC00007376,2424,Savings,Dormant,2024-06-03,0.0,4.5
7377,ACC00007377,6641,Savings,Active,2021-11-18,0.0,4.52
7378,ACC00007378,8544,Savings,Active,2025-09-22,0.0,3.97
7379,ACC00007379,6533,Loan,Active,2018-03-22,1256700.0,13.0
7380,ACC00007380,1171,Salary,Closed,2023-02-06,0.0,3.59
7381,ACC00007381,3147,Loan,Active,2025-12-16,1877200.0,11.99
7382,ACC00007382,5400,Savings,Dormant,2024-02-21,0.0,3.07
7383,ACC00007383,3238,Savings,Closed,2019-08-07,0.0,3.7
7384,ACC00007384,967,Current,Active,2023-03-25,1716600.0,2.87
7385,ACC00007385,7728,Salary,Dormant,2024-08-20,0.0,4.83
7386,ACC00007386,1923,Savings,Active,2021-01-20,0.0,2.99
7387,ACC00007387,2252,Savings,Active,2018-04-23,0.0,4.98
7388,ACC00007388,4570,Fixed Deposit,Active,2022-09-16,0.0,6.45
7389,ACC00007389,8936,Fixed Deposit,Closed,2024-11-03,0.0,6.11
7390,ACC00007390,9987,Savings,Active,2024-11-24,0.0,2.69
7391,ACC00007391,5493,Salary,Active,2018-01-09,0.0,4.18
7392,ACC00007392,4262,Savings,Active,2020-09-01,0.0,3.62
7393,ACC00007393,797,Savings,Active,2019-02-17,0.0,4.7
7394,ACC00007394,9448,Current,Active,2024-04-09,561600.0,3.1
7395,ACC00007395,2993,Salary,Closed,2021-08-31,0.0,3.45
7396,ACC00007396,8699,Loan,Active,2025-11-12,1855400.0,9.09
7397,ACC00007397,7414,Savings,Closed,2019-08-11,0.0,4.98
7398,ACC00007398,5850,Savings,Closed,2020-11-30,0.0,4.87
7399,ACC00007399,2891,Savings,Active,2025-09-11,0.0,2.92
7400,ACC00007400,4454,Savings,Closed,2018-08-22,0.0,3.58
7401,ACC00007401,6682,Savings,Active,2021-06-24,0.0,3.46
7402,ACC00007402,8938,Loan,Dormant,2022-05-01,651700.0,10.67
7403,ACC00007403,8807,Salary,Blocked,2019-07-29,0.0,4.15
7404,ACC00007404,4220,Savings,Active,2019-12-29,0.0,3.42
7405,ACC00007405,9500,Savings,Active,2020-08-04,0.0,4.05
7406,ACC00007406,6528,Salary,Active,2023-09-29,0.0,2.89
7407,ACC00007407,924,Savings,Active,2022-03-30,0.0,4.6
7408,ACC00007408,8652,Savings,Active,2018-06-13,0.0,2.8
7409,ACC00007409,2752,Fixed Deposit,Closed,2021-09-12,0.0,8.14
7410,ACC00007410,5523,Savings,Active,2021-03-05,0.0,4.66
7411,ACC00007411,9300,Savings,Blocked,2020-03-07,0.0,3.64
7412,ACC00007412,8806,Fixed Deposit,Closed,2025-05-07,0.0,8.22
7413,ACC00007413,3759,Loan,Dormant,2025-01-15,514300.0,8.54
7414,ACC00007414,6996,Fixed Deposit,Active,2020-09-13,0.0,8.03
7415,ACC00007415,3120,Loan,Active,2022-05-13,1047900.0,13.69
7416,ACC00007416,7959,Savings,Active,2024-08-13,0.0,3.33
7417,ACC00007417,8658,Current,Active,2023-07-03,1411600.0,4.81
7418,ACC00007418,3039,Current,Closed,2025-01-21,1974700.0,2.6
7419,ACC00007419,2437,Savings,Closed,2019-05-14,0.0,3.15
7420,ACC00007420,9544,Salary,Active,2022-09-13,0.0,4.09
7421,ACC00007421,4651,Current,Active,2023-11-20,1204600.0,4.42
7422,ACC00007422,8732,Loan,Dormant,2018-03-15,1392300.0,10.52
7423,ACC00007423,1610,Current,Active,2021-11-02,1847500.0,2.62
7424,ACC00007424,6894,Loan,Active,2024-05-24,1933500.0,10.16
7425,ACC00007425,2580,Loan,Active,2018-10-05,1183400.0,7.84
7426,ACC00007426,1604,Savings,Active,2021-01-05,0.0,3.59
7427,ACC00007427,4974,Savings,Active,2025-08-21,0.0,3.5
7428,ACC00007428,1987,Fixed Deposit,Active,2022-12-11,0.0,8.46
7429,ACC00007429,5663,Fixed Deposit,Blocked,2018-08-07,0.0,8.18
7430,ACC00007430,3250,Current,Active,2021-03-20,391700.0,3.73
7431,ACC00007431,5588,Salary,Active,2019-03-11,0.0,3.28
7432,ACC00007432,3115,Current,Active,2018-05-10,751600.0,3.56
7433,ACC00007433,2905,Salary,Active,2019-01-15,0.0,3.66
7434,ACC00007434,8752,Current,Active,2022-06-27,1211100.0,3.05
7435,ACC00007435,7892,Current,Active,2022-04-08,571800.0,2.84
7436,ACC00007436,4841,Fixed Deposit,Active,2021-03-24,0.0,6.2
7437,ACC00007437,6261,Savings,Active,2022-09-12,0.0,4.92
7438,ACC00007438,3051,Savings,Active,2019-08-06,0.0,4.69
7439,ACC00007439,2844,Salary,Active,2024-11-16,0.0,3.24
7440,ACC00007440,3551,Loan,Active,2022-02-19,1689800.0,10.75
7441,ACC00007441,2681,Current,Active,2018-05-19,1955800.0,3.62
7442,ACC00007442,1737,Current,Active,2024-02-25,1787900.0,5.0
7443,ACC00007443,7417,Current,Closed,2019-06-29,846800.0,3.73
7444,ACC00007444,3302,Savings,Active,2021-06-01,0.0,4.98
7445,ACC00007445,9934,Salary,Dormant,2018-12-27,0.0,4.14
7446,ACC00007446,3409,Loan,Active,2023-08-30,1836700.0,9.22
7447,ACC00007447,9816,Salary,Active,2024-06-29,0.0,2.77
7448,ACC00007448,1481,Savings,Active,2020-11-26,0.0,4.29
7449,ACC00007449,4242,Salary,Active,2019-02-21,0.0,4.32
7450,ACC00007450,5385,Current,Active,2023-11-26,1651100.0,2.76
7451,ACC00007451,9465,Salary,Active,2021-08-08,0.0,4.45
7452,ACC00007452,9741,Loan,Active,2021-12-20,804300.0,14.47
7453,ACC00007453,5218,Current,Closed,2021-11-15,121100.0,2.69
7454,ACC00007454,2436,Savings,Active,2018-03-13,0.0,4.6
7455,ACC00007455,8747,Savings,Active,2024-02-26,0.0,3.86
7456,ACC00007456,5855,Savings,Active,2018-03-31,0.0,3.99
7457,ACC00007457,3547,Savings,Active,2023-07-01,0.0,4.61
7458,ACC00007458,5145,Current,Dormant,2020-07-11,1212000.0,2.84
7459,ACC00007459,4312,Current,Active,2022-11-03,1189400.0,4.12
7460,ACC00007460,9292,Fixed Deposit,Dormant,2022-03-09,0.0,6.18
7461,ACC00007461,5973,Savings,Active,2023-02-02,0.0,2.94
7462,ACC00007462,7836,Savings,Active,2018-07-07,0.0,4.01
7463,ACC00007463,713,Savings,Active,2018-04-05,0.0,4.71
7464,ACC00007464,1092,Fixed Deposit,Active,2020-05-20,0.0,5.73
7465,ACC00007465,4165,Fixed Deposit,Active,2020-07-22,0.0,8.17
7466,ACC00007466,4977,Loan,Active,2023-08-28,273800.0,10.34
7467,ACC00007467,6669,Fixed Deposit,Active,2025-05-30,0.0,6.21
7468,ACC00007468,9301,Fixed Deposit,Blocked,2019-06-19,0.0,7.85
7469,ACC00007469,7826,Savings,Active,2021-05-26,0.0,2.92
7470,ACC00007470,1161,Salary,Active,2019-06-04,0.0,3.67
7471,ACC00007471,7002,Savings,Active,2020-09-01,0.0,3.31
7472,ACC00007472,746,Savings,Active,2025-03-04,0.0,3.32
7473,ACC00007473,8492,Savings,Active,2022-08-19,0.0,4.21
7474,ACC00007474,4635,Fixed Deposit,Active,2022-03-11,0.0,7.53
7475,ACC00007475,5289,Savings,Active,2023-12-29,0.0,4.81
7476,ACC00007476,5470,Loan,Active,2018-07-02,1212000.0,7.7
7477,ACC00007477,1440,Savings,Closed,2023-05-14,0.0,2.98
7478,ACC00007478,4678,Savings,Dormant,2022-04-08,0.0,3.45
7479,ACC00007479,1752,Current,Active,2021-09-17,1176100.0,3.34
7480,ACC00007480,5673,Fixed Deposit,Active,2025-01-25,0.0,7.12
7481,ACC00007481,1178,Current,Active,2018-10-18,984300.0,3.04
7482,ACC00007482,1636,Current,Closed,2022-07-25,1827800.0,3.41
7483,ACC00007483,677,Savings,Active,2020-03-30,0.0,4.15
7484,ACC00007484,8420,Salary,Active,2024-12-24,0.0,3.36
7485,ACC00007485,7362,Loan,Active,2023-01-14,1200000.0,8.09
7486,ACC00007486,6429,Savings,Active,2021-01-19,0.0,2.62
7487,ACC00007487,1898,Savings,Active,2022-11-24,0.0,4.46
7488,ACC00007488,1256,Savings,Active,2023-09-05,0.0,2.89
7489,ACC00007489,3316,Savings,Active,2023-02-03,0.0,4.28
7490,ACC00007490,265,Current,Active,2023-06-17,1697700.0,4.76
7491,ACC00007491,7071,Savings,Closed,2022-11-07,0.0,2.51
7492,ACC00007492,1493,Fixed Deposit,Active,2020-08-03,0.0,7.26
7493,ACC00007493,3171,Current,Blocked,2025-05-04,563100.0,4.55
7494,ACC00007494,3677,Salary,Active,2025-12-19,0.0,4.76
7495,ACC00007495,8850,Savings,Active,2024-08-17,0.0,3.33
7496,ACC00007496,5044,Savings,Active,2021-04-18,0.0,3.66
7497,ACC00007497,7326,Current,Active,2024-07-25,822800.0,4.96
7498,ACC00007498,8587,Savings,Active,2020-03-21,0.0,4.3
7499,ACC00007499,8473,Current,Active,2020-06-02,408200.0,3.52
7500,ACC00007500,6810,Savings,Active,2021-07-31,0.0,3.1
7501,ACC00007501,9945,Salary,Active,2024-06-09,0.0,2.68
7502,ACC00007502,3722,Savings,Active,2019-11-23,0.0,4.92
7503,ACC00007503,589,Salary,Active,2020-04-26,0.0,3.12
7504,ACC00007504,7840,Current,Active,2021-11-05,1871000.0,3.87
7505,ACC00007505,8861,Current,Active,2024-10-04,1605100.0,3.83
7506,ACC00007506,1699,Savings,Active,2023-04-23,0.0,3.56
7507,ACC00007507,8756,Current,Active,2025-07-04,1946700.0,4.48
7508,ACC00007508,5236,Current,Active,2020-09-03,1947400.0,4.76
7509,ACC00007509,5756,Savings,Active,2019-08-03,0.0,3.27
7510,ACC00007510,908,Salary,Active,2020-02-07,0.0,4.88
7511,ACC00007511,4272,Current,Active,2023-12-05,1089000.0,4.9
7512,ACC00007512,6131,Current,Active,2018-12-05,1319500.0,3.04
7513,ACC00007513,6407,Current,Active,2020-03-14,1646000.0,3.33
7514,ACC00007514,2759,Savings,Active,2019-11-14,0.0,4.45
7515,ACC00007515,8277,Savings,Active,2023-07-24,0.0,4.49
7516,ACC00007516,6895,Savings,Closed,2025-02-26,0.0,4.84
7517,ACC00007517,1604,Savings,Blocked,2025-03-29,0.0,4.57
7518,ACC00007518,6317,Savings,Active,2025-01-10,0.0,3.47
7519,ACC00007519,5776,Salary,Active,2024-11-26,0.0,3.93
7520,ACC00007520,6751,Loan,Active,2023-04-06,1575100.0,11.92
7521,ACC00007521,3153,Salary,Active,2020-05-06,0.0,3.68
7522,ACC00007522,7837,Loan,Active,2020-01-20,1832000.0,13.18
7523,ACC00007523,6377,Salary,Active,2024-02-24,0.0,3.26
7524,ACC00007524,5658,Current,Dormant,2018-01-30,969500.0,4.95
7525,ACC00007525,5066,Salary,Active,2023-03-08,0.0,3.36
7526,ACC00007526,4687,Fixed Deposit,Active,2025-12-22,0.0,6.95
7527,ACC00007527,8863,Fixed Deposit,Active,2023-05-11,0.0,7.02
7528,ACC00007528,9640,Savings,Active,2019-10-30,0.0,4.29
7529,ACC00007529,3197,Current,Active,2021-10-05,597000.0,2.97
7530,ACC00007530,258,Savings,Active,2019-10-01,0.0,4.39
7531,ACC00007531,693,Salary,Closed,2019-11-27,0.0,3.38
7532,ACC00007532,9935,Savings,Active,2024-12-15,0.0,4.48
7533,ACC00007533,55,Salary,Active,2024-10-31,0.0,2.88
7534,ACC00007534,8344,Savings,Active,2023-02-09,0.0,3.57
7535,ACC00007535,6812,Loan,Active,2019-12-24,561900.0,10.36
7536,ACC00007536,1798,Salary,Active,2023-05-27,0.0,4.86
7537,ACC00007537,2472,Loan,Active,2024-11-12,1347100.0,8.24
7538,ACC00007538,6608,Current,Active,2022-06-19,1136900.0,4.92
7539,ACC00007539,3831,Savings,Active,2022-03-28,0.0,3.31
7540,ACC00007540,1655,Loan,Active,2025-03-02,1142400.0,11.99
7541,ACC00007541,4290,Savings,Active,2022-06-28,0.0,2.97
7542,ACC00007542,2301,Savings,Active,2022-03-28,0.0,4.93
7543,ACC00007543,7416,Current,Active,2023-02-21,775900.0,3.65
7544,ACC00007544,9867,Savings,Active,2018-08-06,0.0,2.77
7545,ACC00007545,834,Loan,Closed,2022-02-26,1608800.0,12.6
7546,ACC00007546,9353,Savings,Active,2025-09-23,0.0,3.58
7547,ACC00007547,5331,Savings,Active,2020-12-26,0.0,4.21
7548,ACC00007548,4337,Loan,Active,2018-08-31,1413900.0,13.71
7549,ACC00007549,2235,Loan,Dormant,2023-06-02,210800.0,12.06
7550,ACC00007550,3479,Salary,Active,2019-09-09,0.0,3.05
7551,ACC00007551,9192,Fixed Deposit,Closed,2025-08-27,0.0,7.53
7552,ACC00007552,5643,Current,Active,2018-10-15,966500.0,2.65
7553,ACC00007553,1744,Current,Active,2019-03-07,1298700.0,4.87
7554,ACC00007554,1565,Savings,Active,2022-07-29,0.0,2.82
7555,ACC00007555,6135,Savings,Active,2019-07-13,0.0,4.04
7556,ACC00007556,6247,Savings,Active,2022-09-02,0.0,4.26
7557,ACC00007557,7687,Current,Active,2021-04-27,1537900.0,3.25
7558,ACC00007558,2214,Loan,Active,2018-03-21,1176900.0,10.83
7559,ACC00007559,4,Fixed Deposit,Active,2024-10-23,0.0,7.51
7560,ACC00007560,3638,Savings,Active,2024-04-16,0.0,4.01
7561,ACC00007561,4348,Loan,Active,2023-09-15,443300.0,9.61
7562,ACC00007562,7416,Savings,Active,2021-12-21,0.0,2.81
7563,ACC00007563,472,Current,Active,2024-01-08,569300.0,4.01
7564,ACC00007564,7070,Salary,Active,2023-12-29,0.0,2.64
7565,ACC00007565,2314,Loan,Dormant,2018-02-14,1239700.0,13.6
7566,ACC00007566,9452,Savings,Active,2022-10-02,0.0,4.65
7567,ACC00007567,5748,Savings,Closed,2021-12-28,0.0,2.62
7568,ACC00007568,5673,Savings,Active,2022-06-24,0.0,3.23
7569,ACC00007569,1208,Savings,Blocked,2024-10-05,0.0,3.68
7570,ACC00007570,5894,Fixed Deposit,Dormant,2018-04-21,0.0,5.82
7571,ACC00007571,1790,Savings,Active,2024-09-28,0.0,4.82
7572,ACC00007572,3170,Loan,Active,2023-01-20,190600.0,13.8
7573,ACC00007573,5015,Savings,Active,2024-02-27,0.0,3.77
7574,ACC00007574,3414,Salary,Closed,2019-06-04,0.0,3.9
7575,ACC00007575,796,Savings,Active,2024-05-04,0.0,4.36
7576,ACC00007576,7059,Savings,Dormant,2019-02-14,0.0,3.79
7577,ACC00007577,7738,Savings,Dormant,2023-04-02,0.0,4.36
7578,ACC00007578,7869,Savings,Active,2024-09-09,0.0,4.56
7579,ACC00007579,1704,Salary,Dormant,2021-01-25,0.0,3.36
7580,ACC00007580,2645,Savings,Active,2021-06-27,0.0,2.93
7581,ACC00007581,3041,Salary,Active,2021-02-26,0.0,3.26
7582,ACC00007582,4483,Savings,Closed,2018-05-23,0.0,3.47
7583,ACC00007583,904,Salary,Dormant,2024-12-04,0.0,4.83
7584,ACC00007584,1447,Savings,Active,2023-01-01,0.0,2.66
7585,ACC00007585,3498,Savings,Active,2023-11-09,0.0,4.61
7586,ACC00007586,5340,Fixed Deposit,Dormant,2018-01-08,0.0,7.82
7587,ACC00007587,5404,Loan,Active,2022-03-22,556400.0,10.97
7588,ACC00007588,9117,Fixed Deposit,Active,2021-11-30,0.0,6.77
7589,ACC00007589,2836,Savings,Active,2025-09-07,0.0,3.19
7590,ACC00007590,5198,Savings,Active,2022-07-10,0.0,3.58
7591,ACC00007591,4133,Savings,Active,2021-12-18,0.0,4.94
7592,ACC00007592,3434,Fixed Deposit,Active,2020-07-20,0.0,7.32
7593,ACC00007593,3602,Fixed Deposit,Dormant,2025-06-27,0.0,7.04
7594,ACC00007594,1221,Savings,Active,2025-11-30,0.0,3.54
7595,ACC00007595,4857,Savings,Active,2024-04-10,0.0,2.53
7596,ACC00007596,3384,Fixed Deposit,Active,2018-07-18,0.0,6.62
7597,ACC00007597,6082,Current,Active,2020-05-26,1672100.0,3.46
7598,ACC00007598,1813,Loan,Active,2021-11-07,320400.0,9.32
7599,ACC00007599,2320,Savings,Active,2021-09-09,0.0,3.59
7600,ACC00007600,676,Savings,Active,2025-08-31,0.0,3.36
7601,ACC00007601,99,Loan,Dormant,2025-02-27,1177400.0,10.93
7602,ACC00007602,5204,Savings,Active,2018-12-22,0.0,3.78
7603,ACC00007603,98,Savings,Active,2021-05-07,0.0,2.88
7604,ACC00007604,9748,Savings,Active,2020-03-16,0.0,3.53
7605,ACC00007605,1261,Current,Active,2020-04-02,782800.0,4.86
7606,ACC00007606,371,Savings,Active,2021-10-03,0.0,3.88
7607,ACC00007607,1175,Salary,Active,2020-02-23,0.0,3.28
7608,ACC00007608,4089,Salary,Blocked,2023-05-19,0.0,3.1
7609,ACC00007609,6791,Savings,Active,2025-10-10,0.0,3.25
7610,ACC00007610,7219,Savings,Active,2022-12-22,0.0,4.49
7611,ACC00007611,4781,Savings,Dormant,2018-12-12,0.0,3.95
7612,ACC00007612,4548,Loan,Active,2021-07-25,999900.0,8.37
7613,ACC00007613,1072,Fixed Deposit,Active,2023-02-15,0.0,8.2
7614,ACC00007614,3455,Savings,Dormant,2018-07-30,0.0,2.88
7615,ACC00007615,3151,Current,Active,2023-01-15,924200.0,4.48
7616,ACC00007616,9547,Loan,Dormant,2020-04-01,816700.0,14.12
7617,ACC00007617,6469,Savings,Active,2021-05-11,0.0,3.18
7618,ACC00007618,3264,Fixed Deposit,Active,2020-10-21,0.0,7.21
7619,ACC00007619,1771,Loan,Active,2019-12-19,461400.0,10.44
7620,ACC00007620,946,Current,Active,2018-04-19,824500.0,4.67
7621,ACC00007621,9576,Savings,Active,2018-04-27,0.0,3.11
7622,ACC00007622,2953,Savings,Active,2024-08-25,0.0,3.15
7623,ACC00007623,8236,Savings,Active,2024-02-06,0.0,3.42
7624,ACC00007624,9952,Savings,Dormant,2019-08-09,0.0,4.5
7625,ACC00007625,2265,Savings,Active,2023-05-02,0.0,2.67
7626,ACC00007626,1728,Salary,Active,2025-09-26,0.0,4.6
7627,ACC00007627,5074,Savings,Dormant,2021-04-08,0.0,4.49
7628,ACC00007628,1035,Savings,Closed,2020-03-04,0.0,3.45
7629,ACC00007629,9086,Fixed Deposit,Active,2024-05-14,0.0,8.32
7630,ACC00007630,569,Current,Dormant,2018-01-31,1653500.0,3.21
7631,ACC00007631,9951,Current,Active,2022-08-23,1636600.0,4.25
7632,ACC00007632,105,Current,Active,2021-04-02,1776700.0,3.93
7633,ACC00007633,3665,Current,Active,2023-10-21,451300.0,3.74
7634,ACC00007634,8813,Savings,Dormant,2019-05-10,0.0,4.38
7635,ACC00007635,2903,Savings,Closed,2025-10-15,0.0,3.31
7636,ACC00007636,2055,Fixed Deposit,Active,2025-09-05,0.0,5.75
7637,ACC00007637,2690,Savings,Active,2018-04-29,0.0,3.92
7638,ACC00007638,9410,Savings,Dormant,2021-01-17,0.0,2.75
7639,ACC00007639,2710,Fixed Deposit,Active,2019-11-13,0.0,7.93
7640,ACC00007640,4344,Savings,Active,2025-07-06,0.0,4.55
7641,ACC00007641,3969,Loan,Active,2023-09-16,1484800.0,14.09
7642,ACC00007642,1634,Savings,Active,2024-07-23,0.0,2.73
7643,ACC00007643,8229,Fixed Deposit,Dormant,2018-06-09,0.0,5.74
7644,ACC00007644,6795,Salary,Blocked,2018-06-12,0.0,2.6
7645,ACC00007645,4669,Fixed Deposit,Active,2024-11-13,0.0,7.65
7646,ACC00007646,4750,Savings,Active,2022-07-29,0.0,4.41
7647,ACC00007647,6728,Savings,Active,2021-02-09,0.0,4.8
7648,ACC00007648,9809,Loan,Active,2019-09-24,1704200.0,9.26
7649,ACC00007649,879,Fixed Deposit,Dormant,2018-09-09,0.0,6.96
7650,ACC00007650,3335,Savings,Active,2021-11-18,0.0,2.79
7651,ACC00007651,2639,Savings,Closed,2025-12-16,0.0,2.78
7652,ACC00007652,1449,Savings,Dormant,2018-03-11,0.0,2.53
7653,ACC00007653,740,Savings,Active,2019-10-09,0.0,2.88
7654,ACC00007654,5326,Current,Active,2018-10-27,1447300.0,3.13
7655,ACC00007655,6846,Salary,Active,2020-07-02,0.0,3.96
7656,ACC00007656,7972,Savings,Active,2019-08-12,0.0,4.97
7657,ACC00007657,1151,Current,Active,2021-11-24,644000.0,4.69
7658,ACC00007658,7246,Savings,Active,2025-01-21,0.0,3.2
7659,ACC00007659,353,Salary,Active,2018-04-04,0.0,4.82
7660,ACC00007660,5690,Salary,Active,2025-01-16,0.0,4.79
7661,ACC00007661,5879,Current,Active,2020-10-18,1852900.0,4.03
7662,ACC00007662,4284,Salary,Blocked,2019-04-10,0.0,4.28
7663,ACC00007663,4687,Salary,Active,2020-03-14,0.0,2.85
7664,ACC00007664,230,Loan,Active,2021-11-16,1245200.0,8.12
7665,ACC00007665,321,Fixed Deposit,Active,2025-12-23,0.0,7.81
7666,ACC00007666,2534,Fixed Deposit,Active,2024-01-15,0.0,7.15
7667,ACC00007667,9588,Savings,Active,2019-01-17,0.0,3.57
7668,ACC00007668,3739,Savings,Active,2018-08-23,0.0,2.54
7669,ACC00007669,6663,Savings,Active,2020-10-02,0.0,4.54
7670,ACC00007670,9816,Loan,Active,2020-10-23,265800.0,10.22
7671,ACC00007671,8385,Current,Active,2021-03-21,340000.0,4.54
7672,ACC00007672,6988,Savings,Dormant,2021-01-20,0.0,3.28
7673,ACC00007673,809,Current,Active,2025-10-10,1262500.0,2.97
7674,ACC00007674,1834,Salary,Active,2019-06-08,0.0,4.47
7675,ACC00007675,4515,Fixed Deposit,Dormant,2022-04-21,0.0,7.42
7676,ACC00007676,6025,Savings,Active,2019-04-12,0.0,3.6
7677,ACC00007677,817,Current,Active,2020-12-07,1314300.0,4.84
7678,ACC00007678,6550,Savings,Active,2019-05-14,0.0,4.15
7679,ACC00007679,2364,Current,Active,2022-03-16,948900.0,3.88
7680,ACC00007680,2427,Savings,Active,2025-10-23,0.0,4.21
7681,ACC00007681,895,Savings,Active,2024-01-24,0.0,3.39
7682,ACC00007682,6018,Savings,Closed,2020-04-11,0.0,3.68
7683,ACC00007683,2975,Savings,Active,2024-07-13,0.0,3.01
7684,ACC00007684,7206,Fixed Deposit,Active,2019-01-22,0.0,6.63
7685,ACC00007685,4741,Savings,Active,2021-09-14,0.0,3.07
7686,ACC00007686,2248,Loan,Active,2018-08-26,568500.0,10.55
7687,ACC00007687,572,Savings,Active,2019-02-26,0.0,4.23
7688,ACC00007688,5728,Savings,Active,2022-08-13,0.0,3.93
7689,ACC00007689,1146,Salary,Active,2019-12-26,0.0,3.37
7690,ACC00007690,3300,Savings,Active,2025-10-01,0.0,4.77
7691,ACC00007691,5665,Fixed Deposit,Active,2018-04-22,0.0,6.92
7692,ACC00007692,6752,Savings,Active,2023-06-06,0.0,4.56
7693,ACC00007693,3346,Savings,Active,2023-10-24,0.0,4.47
7694,ACC00007694,5380,Fixed Deposit,Active,2021-01-19,0.0,5.58
7695,ACC00007695,6316,Current,Active,2021-02-22,78500.0,3.07
7696,ACC00007696,6382,Current,Active,2024-05-26,215600.0,2.55
7697,ACC00007697,1395,Savings,Active,2022-10-24,0.0,4.59
7698,ACC00007698,7778,Current,Active,2020-08-08,161400.0,4.37
7699,ACC00007699,2161,Fixed Deposit,Active,2020-11-25,0.0,8.21
7700,ACC00007700,4261,Current,Active,2025-09-05,1163500.0,3.45
7701,ACC00007701,9697,Salary,Active,2025-09-22,0.0,3.02
7702,ACC00007702,3472,Savings,Active,2019-06-08,0.0,4.04
7703,ACC00007703,7910,Current,Active,2024-05-06,873600.0,3.44
7704,ACC00007704,3979,Savings,Active,2023-04-26,0.0,3.47
7705,ACC00007705,6771,Salary,Active,2020-05-13,0.0,3.58
7706,ACC00007706,6745,Savings,Active,2024-10-30,0.0,4.19
7707,ACC00007707,8496,Savings,Active,2019-03-03,0.0,4.5
7708,ACC00007708,7123,Savings,Active,2021-10-05,0.0,3.12
7709,ACC00007709,72,Savings,Active,2024-04-10,0.0,3.03
7710,ACC00007710,5766,Salary,Active,2023-02-22,0.0,3.53
7711,ACC00007711,5379,Current,Active,2022-04-01,1987400.0,3.85
7712,ACC00007712,9239,Savings,Dormant,2024-05-31,0.0,4.0
7713,ACC00007713,3769,Salary,Active,2021-07-15,0.0,3.0
7714,ACC00007714,1665,Loan,Active,2023-06-27,387100.0,13.21
7715,ACC00007715,7939,Fixed Deposit,Active,2018-04-20,0.0,6.63
7716,ACC00007716,8983,Savings,Active,2024-12-03,0.0,4.18
7717,ACC00007717,7836,Savings,Dormant,2024-03-20,0.0,4.25
7718,ACC00007718,7152,Savings,Active,2024-10-04,0.0,2.72
7719,ACC00007719,595,Savings,Active,2020-08-05,0.0,2.51
7720,ACC00007720,5005,Savings,Active,2021-10-05,0.0,2.95
7721,ACC00007721,1262,Fixed Deposit,Active,2023-05-31,0.0,5.54
7722,ACC00007722,4381,Salary,Active,2025-10-23,0.0,3.39
7723,ACC00007723,6519,Current,Active,2019-02-06,142200.0,4.4
7724,ACC00007724,2433,Savings,Dormant,2023-04-14,0.0,4.61
7725,ACC00007725,5691,Current,Active,2023-12-02,1727500.0,4.08
7726,ACC00007726,4545,Current,Active,2019-10-20,862700.0,3.1
7727,ACC00007727,9418,Salary,Active,2019-10-03,0.0,4.47
7728,ACC00007728,4306,Current,Active,2019-03-05,1974300.0,2.88
7729,ACC00007729,7711,Savings,Active,2020-02-10,0.0,4.97
7730,ACC00007730,4418,Salary,Closed,2025-10-31,0.0,4.34
7731,ACC00007731,5379,Loan,Active,2020-01-16,1999400.0,11.76
7732,ACC00007732,3758,Salary,Active,2025-03-14,0.0,3.32
7733,ACC00007733,7596,Savings,Active,2019-10-24,0.0,3.23
7734,ACC00007734,9433,Current,Active,2022-01-31,1676500.0,4.36
7735,ACC00007735,3241,Current,Active,2019-08-28,1845300.0,4.91
7736,ACC00007736,4621,Savings,Active,2020-05-21,0.0,2.6
7737,ACC00007737,4618,Salary,Active,2018-12-13,0.0,3.33
7738,ACC00007738,5554,Salary,Blocked,2020-09-09,0.0,3.67
7739,ACC00007739,6567,Savings,Active,2025-10-03,0.0,3.73
7740,ACC00007740,8144,Savings,Active,2019-09-12,0.0,4.52
7741,ACC00007741,939,Current,Active,2024-12-23,758900.0,3.67
7742,ACC00007742,341,Savings,Closed,2025-08-21,0.0,4.74
7743,ACC00007743,7978,Savings,Active,2021-11-27,0.0,3.95
7744,ACC00007744,4475,Salary,Active,2023-05-06,0.0,3.44
7745,ACC00007745,7557,Savings,Active,2024-11-18,0.0,2.71
7746,ACC00007746,4623,Savings,Dormant,2019-04-29,0.0,3.92
7747,ACC00007747,906,Savings,Active,2020-06-25,0.0,3.64
7748,ACC00007748,4609,Salary,Active,2021-09-29,0.0,4.13
7749,ACC00007749,6474,Current,Active,2021-09-19,1181700.0,3.51
7750,ACC00007750,7519,Current,Active,2023-12-27,156600.0,3.67
7751,ACC00007751,4124,Loan,Active,2025-02-02,301900.0,9.6
7752,ACC00007752,5157,Current,Dormant,2019-10-02,1182700.0,4.88
7753,ACC00007753,5979,Current,Active,2019-07-01,992600.0,4.21
7754,ACC00007754,5686,Savings,Active,2021-12-07,0.0,3.72
7755,ACC00007755,6775,Savings,Active,2022-10-29,0.0,4.55
7756,ACC00007756,4491,Savings,Active,2025-12-16,0.0,3.26
7757,ACC00007757,8485,Savings,Active,2025-11-06,0.0,4.12
7758,ACC00007758,9465,Savings,Active,2018-09-18,0.0,3.19
7759,ACC00007759,7830,Current,Active,2021-05-23,664100.0,3.75
7760,ACC00007760,970,Fixed Deposit,Active,2021-07-31,0.0,6.5
7761,ACC00007761,6700,Salary,Closed,2019-01-23,0.0,2.91
7762,ACC00007762,1669,Fixed Deposit,Active,2019-11-04,0.0,6.07
7763,ACC00007763,2303,Current,Active,2018-05-02,458800.0,2.72
7764,ACC00007764,3280,Current,Active,2022-04-23,522100.0,3.49
7765,ACC00007765,1208,Savings,Active,2025-07-13,0.0,4.77
7766,ACC00007766,8595,Savings,Blocked,2018-09-17,0.0,4.3
7767,ACC00007767,1039,Fixed Deposit,Active,2020-07-21,0.0,7.49
7768,ACC00007768,2355,Loan,Active,2020-06-03,50200.0,7.76
7769,ACC00007769,5273,Fixed Deposit,Active,2025-04-06,0.0,7.63
7770,ACC00007770,9185,Savings,Active,2021-11-09,0.0,4.45
7771,ACC00007771,7861,Savings,Active,2023-03-13,0.0,4.08
7772,ACC00007772,3244,Savings,Active,2024-11-03,0.0,3.69
7773,ACC00007773,5620,Savings,Active,2023-12-20,0.0,3.11
7774,ACC00007774,806,Fixed Deposit,Active,2021-04-12,0.0,6.87
7775,ACC00007775,5166,Savings,Active,2020-10-27,0.0,3.71
7776,ACC00007776,4199,Salary,Active,2022-05-16,0.0,4.39
7777,ACC00007777,8943,Savings,Active,2025-09-17,0.0,3.63
7778,ACC00007778,8816,Salary,Active,2025-08-12,0.0,3.68
7779,ACC00007779,2876,Savings,Active,2023-08-23,0.0,4.65
7780,ACC00007780,3836,Savings,Active,2023-11-08,0.0,4.8
7781,ACC00007781,9111,Savings,Active,2024-01-09,0.0,4.15
7782,ACC00007782,3611,Savings,Active,2019-11-23,0.0,2.92
7783,ACC00007783,1493,Salary,Blocked,2020-04-17,0.0,3.01
7784,ACC00007784,7458,Current,Active,2020-09-23,1592100.0,4.14
7785,ACC00007785,5442,Savings,Blocked,2022-01-06,0.0,3.85
7786,ACC00007786,9013,Fixed Deposit,Closed,2021-01-29,0.0,8.49
7787,ACC00007787,6793,Current,Closed,2019-03-14,817000.0,4.51
7788,ACC00007788,3896,Savings,Active,2019-02-19,0.0,4.81
7789,ACC00007789,6496,Savings,Active,2024-10-11,0.0,2.81
7790,ACC00007790,8778,Fixed Deposit,Active,2025-09-04,0.0,6.01
7791,ACC00007791,2774,Savings,Active,2025-12-09,0.0,2.91
7792,ACC00007792,901,Savings,Active,2019-08-20,0.0,3.86
7793,ACC00007793,161,Savings,Active,2018-08-20,0.0,2.65
7794,ACC00007794,9141,Fixed Deposit,Dormant,2020-06-27,0.0,5.63
7795,ACC00007795,8017,Savings,Active,2018-06-13,0.0,4.82
7796,ACC00007796,3542,Current,Dormant,2023-05-22,1103400.0,4.93
7797,ACC00007797,7123,Savings,Active,2020-10-17,0.0,4.64
7798,ACC00007798,1725,Loan,Dormant,2025-09-08,909300.0,11.64
7799,ACC00007799,931,Fixed Deposit,Active,2025-05-21,0.0,7.27
7800,ACC00007800,3308,Salary,Active,2025-06-01,0.0,4.06
7801,ACC00007801,595,Savings,Active,2024-12-20,0.0,3.5
7802,ACC00007802,6378,Savings,Active,2025-04-22,0.0,2.54
7803,ACC00007803,4636,Savings,Active,2019-05-17,0.0,3.57
7804,ACC00007804,8325,Savings,Dormant,2022-11-14,0.0,4.41
7805,ACC00007805,9709,Loan,Active,2024-02-07,277000.0,12.88
7806,ACC00007806,1386,Salary,Active,2020-01-05,0.0,2.69
7807,ACC00007807,7761,Salary,Active,2025-07-06,0.0,3.87
7808,ACC00007808,3755,Salary,Active,2023-03-30,0.0,3.36
7809,ACC00007809,4590,Salary,Active,2020-02-04,0.0,3.87
7810,ACC00007810,8466,Savings,Active,2019-12-04,0.0,3.57
7811,ACC00007811,4617,Savings,Active,2019-01-16,0.0,3.07
7812,ACC00007812,1716,Current,Active,2025-07-29,349400.0,4.11
7813,ACC00007813,3083,Savings,Active,2021-12-11,0.0,4.87
7814,ACC00007814,3524,Current,Active,2019-05-12,1402300.0,3.98
7815,ACC00007815,7682,Loan,Active,2018-04-12,1307000.0,13.19
7816,ACC00007816,7570,Savings,Dormant,2019-12-21,0.0,3.44
7817,ACC00007817,2405,Salary,Active,2023-03-26,0.0,4.47
7818,ACC00007818,438,Savings,Closed,2018-04-28,0.0,2.6
7819,ACC00007819,9227,Salary,Active,2019-01-23,0.0,3.5
7820,ACC00007820,6391,Savings,Closed,2025-06-30,0.0,4.29
7821,ACC00007821,1474,Savings,Active,2019-01-11,0.0,2.69
7822,ACC00007822,9132,Salary,Closed,2024-09-11,0.0,4.81
7823,ACC00007823,345,Fixed Deposit,Active,2021-08-07,0.0,6.45
7824,ACC00007824,7402,Savings,Active,2019-11-17,0.0,4.37
7825,ACC00007825,147,Current,Active,2025-09-24,108200.0,3.07
7826,ACC00007826,4679,Loan,Active,2023-11-28,1042000.0,14.05
7827,ACC00007827,3726,Current,Closed,2020-03-17,1724700.0,3.59
7828,ACC00007828,8449,Savings,Active,2021-08-20,0.0,3.42
7829,ACC00007829,6945,Savings,Active,2022-03-05,0.0,2.67
7830,ACC00007830,7330,Loan,Active,2024-03-23,1539200.0,12.61
7831,ACC00007831,8080,Savings,Dormant,2020-01-28,0.0,4.91
7832,ACC00007832,3935,Savings,Active,2024-10-26,0.0,4.27
7833,ACC00007833,4217,Fixed Deposit,Closed,2023-03-18,0.0,7.45
7834,ACC00007834,2238,Loan,Active,2024-04-23,207500.0,13.44
7835,ACC00007835,8211,Salary,Dormant,2022-08-22,0.0,3.07
7836,ACC00007836,7068,Savings,Active,2023-09-27,0.0,4.36
7837,ACC00007837,6091,Savings,Active,2023-08-26,0.0,4.28
7838,ACC00007838,6939,Current,Active,2018-09-12,986400.0,2.76
7839,ACC00007839,9937,Loan,Active,2023-06-21,373100.0,8.42
7840,ACC00007840,6055,Loan,Active,2020-03-02,534000.0,8.89
7841,ACC00007841,8688,Savings,Dormant,2018-08-23,0.0,3.29
7842,ACC00007842,8781,Savings,Closed,2022-05-20,0.0,3.92
7843,ACC00007843,4424,Savings,Active,2024-07-31,0.0,4.66
7844,ACC00007844,8217,Savings,Active,2021-02-11,0.0,3.73
7845,ACC00007845,8873,Savings,Active,2019-06-07,0.0,4.1
7846,ACC00007846,7804,Salary,Active,2022-06-04,0.0,4.74
7847,ACC00007847,9486,Savings,Blocked,2024-03-18,0.0,2.78
7848,ACC00007848,2004,Fixed Deposit,Dormant,2018-10-02,0.0,7.41
7849,ACC00007849,6612,Savings,Active,2024-03-31,0.0,4.99
7850,ACC00007850,298,Current,Dormant,2020-09-01,1604400.0,3.65
7851,ACC00007851,5023,Salary,Active,2018-01-19,0.0,4.78
7852,ACC00007852,2704,Salary,Active,2022-08-22,0.0,2.8
7853,ACC00007853,6520,Savings,Dormant,2018-09-25,0.0,4.0
7854,ACC00007854,9744,Savings,Active,2019-08-05,0.0,4.37
7855,ACC00007855,3587,Savings,Active,2018-10-25,0.0,4.97
7856,ACC00007856,4446,Current,Active,2018-09-07,1693100.0,4.52
7857,ACC00007857,7515,Current,Active,2020-03-31,1964500.0,2.88
7858,ACC00007858,2550,Current,Active,2020-09-09,1917400.0,4.25
7859,ACC00007859,5356,Salary,Closed,2024-09-14,0.0,2.62
7860,ACC00007860,4373,Fixed Deposit,Dormant,2018-05-26,0.0,6.95
7861,ACC00007861,183,Savings,Active,2021-10-04,0.0,4.7
7862,ACC00007862,7769,Current,Active,2024-04-17,97200.0,3.17
7863,ACC00007863,523,Savings,Active,2019-03-11,0.0,3.17
7864,ACC00007864,611,Savings,Active,2024-09-17,0.0,4.69
7865,ACC00007865,4135,Savings,Active,2019-03-27,0.0,2.71
7866,ACC00007866,8754,Salary,Closed,2021-06-09,0.0,3.18
7867,ACC00007867,2844,Savings,Active,2025-03-01,0.0,4.49
7868,ACC00007868,2068,Salary,Active,2021-11-22,0.0,2.75
7869,ACC00007869,1703,Savings,Active,2022-10-22,0.0,4.02
7870,ACC00007870,1919,Salary,Active,2020-05-29,0.0,2.56
7871,ACC00007871,1736,Fixed Deposit,Active,2021-02-03,0.0,6.05
7872,ACC00007872,8127,Loan,Active,2022-12-22,261800.0,12.82
7873,ACC00007873,212,Fixed Deposit,Active,2020-06-13,0.0,7.1
7874,ACC00007874,2928,Salary,Active,2021-11-10,0.0,4.25
7875,ACC00007875,7026,Fixed Deposit,Active,2020-04-25,0.0,7.82
7876,ACC00007876,5420,Salary,Active,2023-08-16,0.0,4.33
7877,ACC00007877,2985,Current,Active,2023-01-14,548600.0,4.25
7878,ACC00007878,6740,Fixed Deposit,Active,2019-08-23,0.0,8.43
7879,ACC00007879,9465,Savings,Active,2023-10-30,0.0,4.8
7880,ACC00007880,7177,Fixed Deposit,Active,2018-01-28,0.0,8.47
7881,ACC00007881,8565,Loan,Active,2020-05-27,1808600.0,14.43
7882,ACC00007882,461,Loan,Active,2019-03-26,1345100.0,10.62
7883,ACC00007883,1062,Loan,Active,2024-04-21,300400.0,9.85
7884,ACC00007884,1494,Savings,Active,2020-01-26,0.0,3.66
7885,ACC00007885,2172,Savings,Active,2021-11-11,0.0,3.45
7886,ACC00007886,3934,Current,Active,2019-05-20,1575700.0,3.02
7887,ACC00007887,3621,Savings,Active,2022-05-26,0.0,3.16
7888,ACC00007888,1322,Current,Active,2022-11-28,1558500.0,3.86
7889,ACC00007889,5195,Savings,Active,2024-04-04,0.0,2.83
7890,ACC00007890,5776,Fixed Deposit,Closed,2018-02-04,0.0,6.8
7891,ACC00007891,6183,Current,Active,2023-05-23,1084200.0,2.93
7892,ACC00007892,8061,Fixed Deposit,Active,2024-09-13,0.0,6.96
7893,ACC00007893,3698,Savings,Active,2021-05-01,0.0,2.88
7894,ACC00007894,9320,Savings,Active,2020-02-09,0.0,4.63
7895,ACC00007895,3758,Savings,Active,2023-06-10,0.0,4.51
7896,ACC00007896,2862,Loan,Active,2024-06-20,360800.0,8.07
7897,ACC00007897,5652,Savings,Active,2018-02-11,0.0,3.57
7898,ACC00007898,9563,Savings,Active,2020-01-09,0.0,4.73
7899,ACC00007899,9046,Fixed Deposit,Dormant,2025-05-27,0.0,7.62
7900,ACC00007900,2336,Salary,Closed,2024-08-09,0.0,4.87
7901,ACC00007901,7456,Loan,Active,2022-07-15,714000.0,11.13
7902,ACC00007902,6775,Salary,Active,2021-08-21,0.0,4.13
7903,ACC00007903,4273,Savings,Active,2020-10-14,0.0,3.52
7904,ACC00007904,303,Savings,Active,2021-09-07,0.0,3.71
7905,ACC00007905,3176,Salary,Active,2020-11-26,0.0,2.74
7906,ACC00007906,2551,Savings,Active,2019-03-13,0.0,4.0
7907,ACC00007907,8969,Savings,Blocked,2021-12-29,0.0,4.63
7908,ACC00007908,1966,Fixed Deposit,Active,2025-11-21,0.0,7.16
7909,ACC00007909,3450,Salary,Active,2023-12-18,0.0,4.38
7910,ACC00007910,7302,Savings,Dormant,2023-12-18,0.0,3.33
7911,ACC00007911,3790,Salary,Active,2019-02-17,0.0,3.99
7912,ACC00007912,728,Savings,Active,2024-12-08,0.0,2.77
7913,ACC00007913,2554,Savings,Blocked,2025-12-10,0.0,4.7
7914,ACC00007914,1745,Savings,Active,2023-06-26,0.0,4.86
7915,ACC00007915,2641,Current,Active,2024-07-11,1552200.0,4.79
7916,ACC00007916,6380,Loan,Active,2022-01-18,251600.0,9.47
7917,ACC00007917,3440,Loan,Dormant,2022-08-20,1498800.0,8.84
7918,ACC00007918,1210,Current,Active,2020-09-05,1235800.0,3.71
7919,ACC00007919,6010,Fixed Deposit,Active,2025-06-13,0.0,5.82
7920,ACC00007920,5937,Current,Active,2025-04-01,896100.0,3.92
7921,ACC00007921,1762,Current,Active,2022-11-23,1725100.0,4.14
7922,ACC00007922,6349,Savings,Blocked,2018-09-18,0.0,3.1
7923,ACC00007923,6286,Salary,Active,2024-04-25,0.0,2.68
7924,ACC00007924,5700,Salary,Closed,2024-07-23,0.0,3.54
7925,ACC00007925,4478,Savings,Blocked,2025-04-03,0.0,4.13
7926,ACC00007926,2008,Savings,Active,2018-05-19,0.0,3.2
7927,ACC00007927,2912,Loan,Active,2020-02-18,254500.0,9.17
7928,ACC00007928,2062,Fixed Deposit,Active,2019-06-03,0.0,5.91
7929,ACC00007929,7510,Current,Active,2018-12-12,1720100.0,3.16
7930,ACC00007930,7889,Savings,Active,2021-07-22,0.0,4.04
7931,ACC00007931,7987,Fixed Deposit,Active,2019-10-12,0.0,8.22
7932,ACC00007932,4469,Current,Active,2018-05-10,1102900.0,3.66
7933,ACC00007933,3842,Savings,Active,2019-03-31,0.0,3.13
7934,ACC00007934,5297,Fixed Deposit,Active,2021-02-05,0.0,6.79
7935,ACC00007935,5383,Current,Active,2018-10-15,147100.0,3.82
7936,ACC00007936,2787,Current,Active,2020-02-05,1232000.0,4.17
7937,ACC00007937,2190,Savings,Active,2021-07-18,0.0,3.4
7938,ACC00007938,4628,Savings,Active,2021-04-29,0.0,4.11
7939,ACC00007939,1933,Salary,Active,2019-09-15,0.0,2.62
7940,ACC00007940,8505,Savings,Active,2020-09-30,0.0,3.14
7941,ACC00007941,6393,Savings,Active,2025-12-02,0.0,3.37
7942,ACC00007942,177,Savings,Active,2019-12-13,0.0,3.66
7943,ACC00007943,1772,Savings,Active,2022-11-02,0.0,4.46
7944,ACC00007944,3205,Salary,Active,2025-12-10,0.0,3.32
7945,ACC00007945,6068,Loan,Active,2025-01-30,612100.0,11.66
7946,ACC00007946,5550,Savings,Active,2018-07-02,0.0,3.88
7947,ACC00007947,1851,Current,Active,2024-03-06,171700.0,4.16
7948,ACC00007948,9737,Loan,Active,2021-05-08,1819300.0,11.89
7949,ACC00007949,9269,Current,Active,2018-05-03,1271500.0,3.17
7950,ACC00007950,5723,Savings,Active,2018-10-15,0.0,3.51
7951,ACC00007951,6415,Savings,Active,2020-02-17,0.0,4.98
7952,ACC00007952,2786,Salary,Active,2020-07-19,0.0,2.66
7953,ACC00007953,2898,Fixed Deposit,Active,2024-08-19,0.0,8.42
7954,ACC00007954,3844,Loan,Active,2023-11-10,561300.0,7.8
7955,ACC00007955,3821,Savings,Active,2020-09-18,0.0,3.39
7956,ACC00007956,1237,Savings,Active,2019-05-25,0.0,3.57
7957,ACC00007957,3794,Salary,Active,2022-07-16,0.0,4.59
7958,ACC00007958,2868,Fixed Deposit,Active,2025-10-25,0.0,8.15
7959,ACC00007959,8110,Fixed Deposit,Active,2018-06-20,0.0,8.28
7960,ACC00007960,3778,Current,Closed,2020-10-10,1071000.0,3.25
7961,ACC00007961,4508,Loan,Active,2022-02-17,91400.0,8.58
7962,ACC00007962,5372,Savings,Closed,2020-04-24,0.0,4.03
7963,ACC00007963,9374,Savings,Active,2019-12-27,0.0,2.52
7964,ACC00007964,4946,Savings,Closed,2021-03-24,0.0,2.8
7965,ACC00007965,2276,Savings,Active,2018-02-22,0.0,4.1
7966,ACC00007966,6229,Salary,Active,2021-07-12,0.0,3.93
7967,ACC00007967,5892,Savings,Dormant,2024-11-27,0.0,4.11
7968,ACC00007968,1616,Savings,Active,2023-06-24,0.0,4.62
7969,ACC00007969,5394,Savings,Active,2019-10-14,0.0,3.46
7970,ACC00007970,1814,Savings,Dormant,2019-09-24,0.0,2.75
7971,ACC00007971,8475,Loan,Dormant,2024-11-28,88000.0,9.16
7972,ACC00007972,9671,Savings,Active,2018-10-13,0.0,4.58
7973,ACC00007973,6952,Current,Dormant,2022-08-18,1918200.0,3.08
7974,ACC00007974,9452,Savings,Active,2023-01-09,0.0,3.49
7975,ACC00007975,9448,Loan,Dormant,2021-08-30,1039200.0,12.46
7976,ACC00007976,4260,Savings,Active,2024-03-27,0.0,3.66
7977,ACC00007977,7027,Loan,Active,2019-06-02,1913400.0,10.44
7978,ACC00007978,131,Savings,Active,2021-02-26,0.0,4.15
7979,ACC00007979,1100,Loan,Active,2018-10-26,1540600.0,14.35
7980,ACC00007980,9440,Savings,Closed,2018-01-21,0.0,4.25
7981,ACC00007981,5695,Current,Active,2019-06-08,1728000.0,2.94
7982,ACC00007982,2419,Salary,Active,2024-08-20,0.0,4.42
7983,ACC00007983,350,Salary,Active,2021-06-06,0.0,3.47
7984,ACC00007984,5002,Savings,Active,2024-01-31,0.0,3.7
7985,ACC00007985,3733,Savings,Dormant,2018-06-28,0.0,3.04
7986,ACC00007986,6054,Savings,Active,2025-12-05,0.0,4.38
7987,ACC00007987,8212,Current,Active,2019-04-05,768300.0,3.23
7988,ACC00007988,7573,Fixed Deposit,Dormant,2020-07-29,0.0,7.79
7989,ACC00007989,403,Savings,Active,2020-06-28,0.0,3.49
7990,ACC00007990,3720,Savings,Active,2023-12-25,0.0,3.72
7991,ACC00007991,4522,Savings,Active,2024-04-24,0.0,3.66
7992,ACC00007992,8982,Current,Active,2018-06-06,658100.0,4.01
7993,ACC00007993,3694,Salary,Active,2020-04-08,0.0,3.99
7994,ACC00007994,1652,Loan,Active,2019-07-01,1473200.0,10.56
7995,ACC00007995,8554,Savings,Active,2022-07-27,0.0,2.92
7996,ACC00007996,7805,Current,Blocked,2022-05-05,1380900.0,3.2
7997,ACC00007997,7667,Loan,Active,2021-08-27,746100.0,8.17
7998,ACC00007998,8061,Current,Active,2023-03-28,647500.0,4.99
7999,ACC00007999,2888,Fixed Deposit,Active,2023-01-10,0.0,8.35
8000,ACC00008000,7422,Fixed Deposit,Active,2022-05-24,0.0,5.87
8001,ACC00008001,7728,Savings,Active,2023-06-05,0.0,3.43
8002,ACC00008002,2258,Current,Active,2025-09-23,1170200.0,4.57
8003,ACC00008003,7924,Loan,Active,2024-03-08,1482900.0,7.81
8004,ACC00008004,6171,Savings,Active,2022-10-03,0.0,4.76
8005,ACC00008005,2165,Savings,Active,2022-08-30,0.0,2.79
8006,ACC00008006,9791,Current,Active,2019-01-28,1263200.0,4.37
8007,ACC00008007,427,Savings,Active,2024-06-13,0.0,3.57
8008,ACC00008008,2246,Fixed Deposit,Dormant,2023-02-18,0.0,6.4
8009,ACC00008009,8348,Salary,Active,2025-04-24,0.0,3.09
8010,ACC00008010,5246,Fixed Deposit,Active,2022-10-08,0.0,6.27
8011,ACC00008011,3229,Savings,Active,2024-12-06,0.0,4.34
8012,ACC00008012,8594,Salary,Active,2020-06-07,0.0,3.13
8013,ACC00008013,8811,Savings,Active,2021-02-08,0.0,3.73
8014,ACC00008014,3374,Savings,Active,2020-02-18,0.0,3.08
8015,ACC00008015,825,Salary,Active,2025-06-23,0.0,4.14
8016,ACC00008016,4089,Loan,Active,2020-03-06,1790100.0,13.7
8017,ACC00008017,3812,Savings,Active,2025-02-12,0.0,3.86
8018,ACC00008018,2058,Savings,Active,2022-11-06,0.0,4.26
8019,ACC00008019,9755,Savings,Active,2020-10-31,0.0,2.61
8020,ACC00008020,6418,Savings,Closed,2025-09-28,0.0,2.59
8021,ACC00008021,6441,Savings,Active,2021-12-20,0.0,2.75
8022,ACC00008022,4661,Fixed Deposit,Active,2018-02-02,0.0,7.23
8023,ACC00008023,8205,Fixed Deposit,Active,2023-08-15,0.0,6.18
8024,ACC00008024,2711,Fixed Deposit,Active,2021-07-24,0.0,5.62
8025,ACC00008025,1320,Loan,Active,2020-11-19,1390300.0,13.91
8026,ACC00008026,2354,Salary,Active,2021-12-11,0.0,4.72
8027,ACC00008027,1565,Salary,Active,2025-03-18,0.0,3.08
8028,ACC00008028,6878,Current,Active,2025-01-04,1738800.0,4.55
8029,ACC00008029,9366,Savings,Active,2022-04-14,0.0,3.76
8030,ACC00008030,6842,Savings,Active,2025-02-23,0.0,4.57
8031,ACC00008031,2346,Savings,Active,2018-12-19,0.0,3.27
8032,ACC00008032,6167,Savings,Closed,2018-07-12,0.0,3.61
8033,ACC00008033,9704,Current,Active,2022-10-25,452800.0,2.99
8034,ACC00008034,6914,Current,Active,2023-09-27,1801400.0,4.87
8035,ACC00008035,718,Savings,Active,2024-03-20,0.0,3.34
8036,ACC00008036,7464,Savings,Active,2025-07-16,0.0,3.46
8037,ACC00008037,4471,Savings,Active,2023-11-22,0.0,4.11
8038,ACC00008038,7062,Salary,Active,2020-02-25,0.0,2.87
8039,ACC00008039,2350,Loan,Active,2019-12-29,381200.0,7.64
8040,ACC00008040,8552,Savings,Active,2020-01-06,0.0,3.67
8041,ACC00008041,6372,Fixed Deposit,Blocked,2025-07-23,0.0,7.31
8042,ACC00008042,8907,Salary,Active,2018-10-10,0.0,4.56
8043,ACC00008043,878,Savings,Active,2024-02-13,0.0,2.62
8044,ACC00008044,2551,Current,Active,2024-12-09,1594800.0,2.64
8045,ACC00008045,1514,Current,Active,2025-11-24,1378500.0,4.28
8046,ACC00008046,399,Salary,Active,2019-11-06,0.0,4.17
8047,ACC00008047,1256,Current,Active,2022-08-17,863500.0,3.21
8048,ACC00008048,303,Salary,Active,2025-01-13,0.0,3.06
8049,ACC00008049,5459,Savings,Dormant,2019-04-03,0.0,3.9
8050,ACC00008050,4412,Savings,Active,2025-09-12,0.0,4.06
8051,ACC00008051,1608,Savings,Dormant,2020-03-30,0.0,4.62
8052,ACC00008052,895,Savings,Active,2024-11-13,0.0,3.41
8053,ACC00008053,3857,Salary,Active,2023-06-29,0.0,2.96
8054,ACC00008054,8485,Savings,Active,2025-06-14,0.0,2.69
8055,ACC00008055,4464,Salary,Active,2018-02-23,0.0,3.34
8056,ACC00008056,4888,Savings,Active,2024-08-17,0.0,3.33
8057,ACC00008057,8785,Current,Active,2022-12-23,310300.0,4.93
8058,ACC00008058,6799,Savings,Active,2025-01-13,0.0,3.17
8059,ACC00008059,1944,Salary,Active,2021-03-17,0.0,4.73
8060,ACC00008060,3863,Loan,Active,2022-09-15,467700.0,12.33
8061,ACC00008061,3798,Savings,Active,2023-06-24,0.0,4.07
8062,ACC00008062,8382,Savings,Active,2023-02-23,0.0,2.94
8063,ACC00008063,7373,Savings,Active,2024-07-11,0.0,2.67
8064,ACC00008064,1777,Fixed Deposit,Closed,2024-03-26,0.0,8.17
8065,ACC00008065,447,Salary,Active,2020-05-15,0.0,2.5
8066,ACC00008066,8972,Fixed Deposit,Active,2025-04-20,0.0,7.22
8067,ACC00008067,4195,Savings,Active,2025-03-06,0.0,3.55
8068,ACC00008068,3968,Salary,Active,2023-12-24,0.0,4.57
8069,ACC00008069,8540,Savings,Active,2020-06-29,0.0,3.64
8070,ACC00008070,439,Savings,Active,2018-05-21,0.0,4.48
8071,ACC00008071,9261,Current,Dormant,2018-02-14,1257500.0,4.25
8072,ACC00008072,3800,Savings,Active,2024-05-20,0.0,3.01
8073,ACC00008073,3431,Salary,Dormant,2023-01-27,0.0,3.07
8074,ACC00008074,7049,Salary,Active,2019-05-15,0.0,2.61
8075,ACC00008075,5995,Savings,Active,2020-01-10,0.0,3.85
8076,ACC00008076,5560,Savings,Closed,2022-06-04,0.0,3.58
8077,ACC00008077,5809,Savings,Active,2021-05-13,0.0,4.7
8078,ACC00008078,7618,Savings,Dormant,2024-11-30,0.0,2.62
8079,ACC00008079,5050,Savings,Active,2025-06-05,0.0,5.0
8080,ACC00008080,8956,Savings,Active,2025-04-18,0.0,4.21
8081,ACC00008081,9781,Savings,Active,2020-08-08,0.0,4.62
8082,ACC00008082,5993,Current,Active,2025-10-03,1194400.0,3.08
8083,ACC00008083,9702,Current,Active,2021-07-09,298600.0,4.97
8084,ACC00008084,2956,Savings,Dormant,2025-06-01,0.0,2.55
8085,ACC00008085,5149,Loan,Active,2021-07-03,645400.0,8.24
8086,ACC00008086,5861,Savings,Active,2018-10-04,0.0,4.0
8087,ACC00008087,5620,Current,Active,2019-02-16,205400.0,3.65
8088,ACC00008088,7316,Savings,Active,2024-07-03,0.0,4.57
8089,ACC00008089,3691,Salary,Active,2025-12-26,0.0,4.61
8090,ACC00008090,696,Savings,Active,2021-05-19,0.0,2.76
8091,ACC00008091,2537,Savings,Active,2019-05-10,0.0,4.32
8092,ACC00008092,8855,Salary,Closed,2024-10-30,0.0,4.15
8093,ACC00008093,7330,Loan,Active,2018-03-23,1333900.0,10.74
8094,ACC00008094,772,Fixed Deposit,Active,2023-08-30,0.0,7.48
8095,ACC00008095,2528,Savings,Dormant,2019-10-07,0.0,4.83
8096,ACC00008096,9488,Savings,Active,2019-10-25,0.0,2.69
8097,ACC00008097,6678,Current,Active,2022-07-01,1337700.0,4.84
8098,ACC00008098,6152,Savings,Active,2022-10-14,0.0,4.71
8099,ACC00008099,2791,Current,Blocked,2023-12-25,514800.0,3.09
8100,ACC00008100,2398,Fixed Deposit,Active,2021-09-28,0.0,6.46
8101,ACC00008101,2162,Savings,Closed,2022-11-01,0.0,2.68
8102,ACC00008102,9909,Loan,Active,2019-10-02,734600.0,12.68
8103,ACC00008103,7305,Current,Active,2023-11-22,1088500.0,3.56
8104,ACC00008104,5978,Savings,Active,2024-10-19,0.0,4.16
8105,ACC00008105,426,Savings,Active,2020-07-13,0.0,4.22
8106,ACC00008106,123,Savings,Dormant,2021-08-02,0.0,4.23
8107,ACC00008107,4150,Current,Dormant,2023-11-09,1520600.0,2.54
8108,ACC00008108,1433,Current,Active,2020-11-06,1519800.0,2.7
8109,ACC00008109,6242,Savings,Active,2024-02-04,0.0,3.24
8110,ACC00008110,1115,Savings,Active,2021-11-12,0.0,4.33
8111,ACC00008111,8691,Salary,Active,2021-05-03,0.0,3.76
8112,ACC00008112,5061,Salary,Active,2021-11-03,0.0,3.75
8113,ACC00008113,396,Savings,Active,2025-08-28,0.0,3.23
8114,ACC00008114,2312,Salary,Active,2024-06-07,0.0,4.29
8115,ACC00008115,4440,Loan,Active,2022-11-28,285400.0,10.53
8116,ACC00008116,5889,Savings,Active,2020-12-25,0.0,3.85
8117,ACC00008117,8985,Current,Closed,2021-06-25,382100.0,4.29
8118,ACC00008118,2861,Current,Active,2020-01-09,1814900.0,4.02
8119,ACC00008119,175,Savings,Active,2022-03-19,0.0,3.15
8120,ACC00008120,5310,Fixed Deposit,Active,2024-03-06,0.0,7.63
8121,ACC00008121,2263,Savings,Active,2024-04-21,0.0,3.41
8122,ACC00008122,3492,Loan,Active,2022-11-14,1885200.0,13.44
8123,ACC00008123,40,Current,Blocked,2021-07-03,1107200.0,2.96
8124,ACC00008124,3291,Current,Active,2021-07-13,1141200.0,4.26
8125,ACC00008125,2413,Salary,Blocked,2023-10-23,0.0,3.74
8126,ACC00008126,3809,Loan,Active,2018-03-23,341900.0,13.45
8127,ACC00008127,7353,Fixed Deposit,Active,2022-06-27,0.0,7.79
8128,ACC00008128,7563,Current,Active,2018-11-10,1950400.0,3.59
8129,ACC00008129,4790,Savings,Active,2018-07-17,0.0,3.3
8130,ACC00008130,1407,Savings,Active,2024-01-21,0.0,3.44
8131,ACC00008131,2976,Fixed Deposit,Active,2022-10-27,0.0,6.84
8132,ACC00008132,6872,Fixed Deposit,Active,2022-10-23,0.0,5.92
8133,ACC00008133,4798,Savings,Active,2021-01-11,0.0,4.53
8134,ACC00008134,4452,Current,Active,2018-07-21,459900.0,3.28
8135,ACC00008135,8999,Salary,Closed,2025-03-31,0.0,3.84
8136,ACC00008136,1148,Savings,Active,2023-12-24,0.0,3.91
8137,ACC00008137,5244,Savings,Active,2024-03-13,0.0,3.04
8138,ACC00008138,5799,Salary,Active,2023-05-06,0.0,4.43
8139,ACC00008139,717,Salary,Active,2020-12-02,0.0,4.66
8140,ACC00008140,3236,Savings,Active,2025-06-10,0.0,4.03
8141,ACC00008141,9544,Fixed Deposit,Active,2024-02-01,0.0,6.85
8142,ACC00008142,5227,Fixed Deposit,Active,2018-09-07,0.0,7.25
8143,ACC00008143,5476,Savings,Active,2021-11-18,0.0,3.92
8144,ACC00008144,9405,Savings,Active,2019-08-12,0.0,3.79
8145,ACC00008145,3951,Savings,Active,2021-11-25,0.0,3.5
8146,ACC00008146,8428,Current,Active,2023-02-20,303900.0,3.89
8147,ACC00008147,23,Savings,Active,2025-05-08,0.0,4.88
8148,ACC00008148,742,Salary,Active,2021-05-12,0.0,4.69
8149,ACC00008149,8477,Current,Active,2020-04-27,436900.0,3.69
8150,ACC00008150,6808,Salary,Active,2025-11-15,0.0,2.92
8151,ACC00008151,9040,Savings,Active,2024-05-02,0.0,3.55
8152,ACC00008152,8385,Current,Active,2020-02-24,1611800.0,4.25
8153,ACC00008153,4979,Fixed Deposit,Active,2020-07-03,0.0,6.75
8154,ACC00008154,9118,Current,Active,2018-06-23,331100.0,3.34
8155,ACC00008155,2084,Salary,Active,2019-11-30,0.0,4.56
8156,ACC00008156,8938,Loan,Active,2025-07-20,1185100.0,14.49
8157,ACC00008157,7704,Fixed Deposit,Active,2023-03-27,0.0,8.18
8158,ACC00008158,6567,Savings,Active,2024-08-27,0.0,3.43
8159,ACC00008159,6304,Fixed Deposit,Active,2022-06-21,0.0,6.74
8160,ACC00008160,3839,Loan,Active,2025-05-16,490200.0,7.6
8161,ACC00008161,4794,Fixed Deposit,Active,2023-07-31,0.0,6.51
8162,ACC00008162,3638,Savings,Active,2018-03-04,0.0,4.77
8163,ACC00008163,7072,Current,Active,2020-03-06,235700.0,2.79
8164,ACC00008164,4861,Salary,Active,2021-08-15,0.0,4.29
8165,ACC00008165,8458,Savings,Active,2019-06-04,0.0,3.74
8166,ACC00008166,3276,Current,Closed,2021-02-19,1838000.0,4.4
8167,ACC00008167,6908,Loan,Closed,2019-02-22,959400.0,14.43
8168,ACC00008168,6526,Savings,Active,2022-11-08,0.0,4.07
8169,ACC00008169,821,Fixed Deposit,Active,2024-12-28,0.0,6.78
8170,ACC00008170,9805,Salary,Active,2018-07-27,0.0,3.21
8171,ACC00008171,7411,Salary,Blocked,2021-12-19,0.0,3.57
8172,ACC00008172,9904,Savings,Active,2021-01-06,0.0,2.56
8173,ACC00008173,2859,Salary,Active,2024-02-06,0.0,4.92
8174,ACC00008174,7297,Salary,Active,2021-03-14,0.0,3.03
8175,ACC00008175,1319,Current,Active,2019-02-17,1200700.0,4.98
8176,ACC00008176,6322,Current,Active,2018-05-27,239300.0,3.03
8177,ACC00008177,8172,Savings,Active,2021-02-16,0.0,4.25
8178,ACC00008178,8585,Savings,Active,2024-01-11,0.0,3.74
8179,ACC00008179,3448,Salary,Active,2024-07-06,0.0,3.22
8180,ACC00008180,6141,Savings,Active,2019-05-03,0.0,4.32
8181,ACC00008181,6363,Savings,Dormant,2023-01-07,0.0,3.9
8182,ACC00008182,1628,Fixed Deposit,Active,2020-10-15,0.0,6.38
8183,ACC00008183,8216,Savings,Closed,2018-12-08,0.0,3.85
8184,ACC00008184,3516,Savings,Active,2024-02-12,0.0,2.7
8185,ACC00008185,6398,Savings,Active,2020-11-24,0.0,4.93
8186,ACC00008186,1940,Loan,Active,2023-03-08,441100.0,13.59
8187,ACC00008187,9535,Savings,Active,2024-11-29,0.0,4.42
8188,ACC00008188,2913,Savings,Active,2018-02-23,0.0,2.99
8189,ACC00008189,7710,Current,Active,2018-08-20,952500.0,4.02
8190,ACC00008190,5571,Salary,Active,2019-01-02,0.0,4.19
8191,ACC00008191,6803,Savings,Active,2022-01-14,0.0,3.61
8192,ACC00008192,6293,Savings,Active,2019-05-09,0.0,3.33
8193,ACC00008193,9493,Savings,Active,2024-06-25,0.0,4.2
8194,ACC00008194,9556,Salary,Blocked,2022-11-13,0.0,4.91
8195,ACC00008195,5431,Savings,Dormant,2024-02-27,0.0,4.06
8196,ACC00008196,7590,Current,Active,2018-02-08,1500200.0,4.06
8197,ACC00008197,5641,Salary,Active,2023-06-08,0.0,3.31
8198,ACC00008198,6194,Current,Active,2023-05-11,1153600.0,3.01
8199,ACC00008199,9257,Salary,Active,2018-09-24,0.0,4.7
8200,ACC00008200,8087,Current,Dormant,2023-01-20,415700.0,2.64
8201,ACC00008201,5847,Salary,Active,2023-06-09,0.0,4.2
8202,ACC00008202,3370,Savings,Active,2025-05-25,0.0,3.97
8203,ACC00008203,8080,Loan,Active,2023-01-12,1948900.0,11.99
8204,ACC00008204,4575,Savings,Closed,2022-07-01,0.0,4.64
8205,ACC00008205,5546,Salary,Dormant,2023-02-03,0.0,4.48
8206,ACC00008206,6812,Savings,Active,2023-02-06,0.0,3.68
8207,ACC00008207,5061,Current,Active,2019-11-04,899500.0,3.46
8208,ACC00008208,3738,Savings,Active,2025-12-14,0.0,3.49
8209,ACC00008209,436,Savings,Dormant,2022-07-28,0.0,3.72
8210,ACC00008210,91,Savings,Closed,2023-05-26,0.0,4.3
8211,ACC00008211,989,Savings,Active,2023-05-04,0.0,4.45
8212,ACC00008212,1872,Savings,Active,2019-01-26,0.0,3.47
8213,ACC00008213,4104,Current,Closed,2023-12-02,740500.0,3.51
8214,ACC00008214,1858,Fixed Deposit,Active,2019-06-15,0.0,7.42
8215,ACC00008215,3457,Loan,Active,2022-05-18,322800.0,13.24
8216,ACC00008216,6484,Savings,Active,2019-05-30,0.0,3.08
8217,ACC00008217,2015,Fixed Deposit,Active,2023-08-03,0.0,8.12
8218,ACC00008218,6834,Loan,Active,2020-08-27,1655500.0,13.7
8219,ACC00008219,4688,Savings,Active,2024-01-16,0.0,2.75
8220,ACC00008220,816,Loan,Active,2020-07-31,749500.0,12.77
8221,ACC00008221,1987,Savings,Blocked,2022-11-24,0.0,4.93
8222,ACC00008222,8171,Current,Active,2020-11-02,1157200.0,2.72
8223,ACC00008223,9764,Current,Active,2023-11-13,1783300.0,3.13
8224,ACC00008224,5196,Salary,Active,2025-06-23,0.0,2.55
8225,ACC00008225,9207,Savings,Active,2022-10-03,0.0,4.72
8226,ACC00008226,6521,Savings,Active,2025-05-30,0.0,2.83
8227,ACC00008227,9709,Current,Active,2021-12-12,241500.0,3.22
8228,ACC00008228,2127,Current,Active,2020-01-10,1773400.0,4.82
8229,ACC00008229,5793,Savings,Active,2020-02-26,0.0,3.46
8230,ACC00008230,1563,Loan,Active,2022-12-15,1603700.0,11.45
8231,ACC00008231,3250,Savings,Active,2021-09-06,0.0,3.3
8232,ACC00008232,6488,Salary,Active,2021-01-21,0.0,4.79
8233,ACC00008233,7771,Current,Active,2020-06-26,790800.0,4.97
8234,ACC00008234,1139,Current,Active,2020-01-14,1144900.0,4.66
8235,ACC00008235,7263,Fixed Deposit,Active,2023-04-23,0.0,8.15
8236,ACC00008236,3582,Fixed Deposit,Active,2023-09-17,0.0,8.05
8237,ACC00008237,1050,Current,Active,2021-07-28,1644200.0,3.62
8238,ACC00008238,253,Savings,Active,2022-10-14,0.0,4.59
8239,ACC00008239,2198,Current,Active,2023-10-12,787200.0,4.59
8240,ACC00008240,2498,Savings,Active,2024-01-25,0.0,3.89
8241,ACC00008241,4496,Savings,Active,2020-07-12,0.0,4.68
8242,ACC00008242,3353,Salary,Active,2019-10-08,0.0,3.21
8243,ACC00008243,2391,Salary,Active,2019-03-12,0.0,4.03
8244,ACC00008244,3620,Salary,Active,2019-10-25,0.0,4.89
8245,ACC00008245,4081,Savings,Active,2021-05-31,0.0,3.43
8246,ACC00008246,1294,Current,Active,2023-12-18,491700.0,4.68
8247,ACC00008247,6952,Savings,Active,2020-09-19,0.0,4.01
8248,ACC00008248,9481,Current,Active,2021-03-23,471500.0,3.86
8249,ACC00008249,2605,Salary,Active,2019-10-19,0.0,3.89
8250,ACC00008250,5077,Salary,Active,2021-01-09,0.0,4.71
8251,ACC00008251,8605,Current,Closed,2023-11-27,1359800.0,4.24
8252,ACC00008252,8184,Salary,Active,2020-03-08,0.0,3.47
8253,ACC00008253,3887,Savings,Blocked,2023-07-14,0.0,3.26
8254,ACC00008254,6627,Savings,Active,2019-01-06,0.0,4.84
8255,ACC00008255,6776,Savings,Active,2025-01-24,0.0,4.17
8256,ACC00008256,9755,Savings,Active,2023-12-10,0.0,4.54
8257,ACC00008257,5845,Current,Active,2024-05-10,1390300.0,2.94
8258,ACC00008258,9422,Loan,Closed,2025-10-13,703900.0,11.33
8259,ACC00008259,2252,Savings,Active,2024-02-23,0.0,4.52
8260,ACC00008260,6780,Savings,Active,2023-04-30,0.0,4.56
8261,ACC00008261,8630,Salary,Active,2024-10-28,0.0,2.52
8262,ACC00008262,3682,Salary,Active,2023-11-02,0.0,4.09
8263,ACC00008263,3255,Savings,Active,2019-06-01,0.0,3.71
8264,ACC00008264,3527,Salary,Closed,2020-02-20,0.0,3.16
8265,ACC00008265,5381,Savings,Closed,2022-05-17,0.0,4.89
8266,ACC00008266,6883,Salary,Dormant,2025-11-13,0.0,4.76
8267,ACC00008267,5081,Savings,Active,2023-05-14,0.0,3.5
8268,ACC00008268,6238,Salary,Active,2019-02-25,0.0,4.55
8269,ACC00008269,9130,Loan,Active,2019-07-14,277300.0,12.27
8270,ACC00008270,6088,Savings,Active,2022-09-01,0.0,4.56
8271,ACC00008271,2150,Savings,Dormant,2021-04-11,0.0,4.02
8272,ACC00008272,7324,Savings,Blocked,2018-02-25,0.0,4.65
8273,ACC00008273,3874,Loan,Active,2018-03-31,597000.0,13.64
8274,ACC00008274,6751,Current,Active,2021-07-18,1921700.0,4.32
8275,ACC00008275,7927,Current,Active,2019-12-14,1650100.0,3.18
8276,ACC00008276,5973,Savings,Active,2022-01-07,0.0,3.26
8277,ACC00008277,6360,Loan,Active,2024-05-15,1055900.0,12.72
8278,ACC00008278,4877,Savings,Active,2019-05-20,0.0,2.75
8279,ACC00008279,1289,Current,Active,2024-12-15,335100.0,4.3
8280,ACC00008280,5999,Current,Active,2022-12-18,406100.0,4.95
8281,ACC00008281,9544,Savings,Active,2024-10-18,0.0,3.45
8282,ACC00008282,49,Loan,Dormant,2018-07-29,1068700.0,10.43
8283,ACC00008283,3177,Current,Dormant,2019-10-29,297700.0,3.47
8284,ACC00008284,632,Savings,Active,2020-02-08,0.0,2.56
8285,ACC00008285,8145,Salary,Active,2021-09-25,0.0,3.97
8286,ACC00008286,9521,Savings,Active,2024-10-20,0.0,4.31
8287,ACC00008287,3763,Salary,Active,2018-08-03,0.0,3.26
8288,ACC00008288,4275,Savings,Active,2021-04-04,0.0,2.95
8289,ACC00008289,7691,Loan,Active,2021-02-11,317200.0,9.86
8290,ACC00008290,9032,Savings,Active,2021-04-05,0.0,4.69
8291,ACC00008291,6037,Savings,Dormant,2024-05-20,0.0,3.76
8292,ACC00008292,2017,Fixed Deposit,Active,2021-06-16,0.0,6.22
8293,ACC00008293,6962,Current,Active,2021-12-07,793800.0,3.35
8294,ACC00008294,1479,Savings,Active,2021-12-11,0.0,3.59
8295,ACC00008295,2921,Savings,Active,2025-09-01,0.0,3.48
8296,ACC00008296,1241,Savings,Active,2025-02-06,0.0,4.66
8297,ACC00008297,7177,Savings,Active,2020-06-22,0.0,3.54
8298,ACC00008298,8747,Fixed Deposit,Active,2025-08-29,0.0,5.87
8299,ACC00008299,4774,Savings,Active,2018-02-04,0.0,3.56
8300,ACC00008300,9772,Loan,Active,2025-03-02,782400.0,10.07
8301,ACC00008301,3765,Fixed Deposit,Active,2023-01-27,0.0,6.13
8302,ACC00008302,8892,Savings,Dormant,2021-04-28,0.0,4.97
8303,ACC00008303,8432,Current,Active,2025-06-10,1333500.0,3.65
8304,ACC00008304,9302,Savings,Active,2023-03-20,0.0,2.99
8305,ACC00008305,8376,Savings,Active,2020-12-24,0.0,3.67
8306,ACC00008306,753,Savings,Active,2023-12-07,0.0,3.83
8307,ACC00008307,3476,Fixed Deposit,Active,2020-03-25,0.0,6.7
8308,ACC00008308,6362,Salary,Active,2022-01-28,0.0,3.36
8309,ACC00008309,1317,Savings,Active,2018-09-04,0.0,4.26
8310,ACC00008310,8612,Current,Closed,2024-05-02,1070800.0,4.18
8311,ACC00008311,5750,Current,Dormant,2022-05-31,971500.0,3.28
8312,ACC00008312,8007,Savings,Active,2025-07-13,0.0,3.88
8313,ACC00008313,6859,Current,Active,2021-09-03,1657800.0,2.84
8314,ACC00008314,6059,Salary,Active,2023-07-13,0.0,3.72
8315,ACC00008315,8568,Savings,Dormant,2020-01-04,0.0,3.75
8316,ACC00008316,6008,Savings,Active,2018-07-19,0.0,2.98
8317,ACC00008317,821,Savings,Active,2021-03-30,0.0,2.98
8318,ACC00008318,5816,Current,Dormant,2023-06-01,243400.0,2.85
8319,ACC00008319,4291,Loan,Active,2018-11-09,663500.0,9.49
8320,ACC00008320,2412,Loan,Closed,2021-07-16,468100.0,10.14
8321,ACC00008321,547,Current,Active,2022-12-31,1356100.0,3.0
8322,ACC00008322,385,Savings,Active,2024-09-19,0.0,4.59
8323,ACC00008323,9153,Salary,Active,2021-08-15,0.0,3.29
8324,ACC00008324,5089,Savings,Active,2022-12-13,0.0,3.36
8325,ACC00008325,2074,Savings,Active,2023-10-23,0.0,2.66
8326,ACC00008326,3947,Current,Active,2025-02-12,713900.0,4.31
8327,ACC00008327,4720,Savings,Active,2019-06-21,0.0,3.06
8328,ACC00008328,6755,Savings,Active,2025-12-26,0.0,3.63
8329,ACC00008329,2237,Salary,Active,2022-12-10,0.0,2.87
8330,ACC00008330,5757,Current,Active,2024-01-26,1312800.0,4.44
8331,ACC00008331,8552,Savings,Active,2020-08-06,0.0,3.72
8332,ACC00008332,1403,Savings,Dormant,2018-09-08,0.0,4.85
8333,ACC00008333,4269,Savings,Active,2023-01-17,0.0,3.06
8334,ACC00008334,2640,Savings,Active,2025-04-06,0.0,2.62
8335,ACC00008335,4714,Savings,Active,2020-10-03,0.0,3.34
8336,ACC00008336,8291,Savings,Active,2022-06-26,0.0,3.83
8337,ACC00008337,1102,Savings,Active,2021-02-02,0.0,3.95
8338,ACC00008338,3987,Savings,Active,2020-10-10,0.0,4.57
8339,ACC00008339,437,Current,Active,2022-11-15,157000.0,3.91
8340,ACC00008340,922,Current,Active,2024-07-17,1894600.0,2.89
8341,ACC00008341,912,Current,Active,2025-07-28,1677700.0,4.01
8342,ACC00008342,3102,Savings,Closed,2024-06-26,0.0,2.94
8343,ACC00008343,1993,Savings,Active,2025-02-08,0.0,4.56
8344,ACC00008344,7821,Savings,Active,2019-02-12,0.0,2.74
8345,ACC00008345,3175,Fixed Deposit,Active,2024-02-27,0.0,6.09
8346,ACC00008346,65,Savings,Active,2022-04-04,0.0,3.53
8347,ACC00008347,231,Salary,Active,2020-11-19,0.0,3.03
8348,ACC00008348,8834,Fixed Deposit,Active,2025-10-16,0.0,7.6
8349,ACC00008349,6434,Savings,Active,2019-03-25,0.0,4.34
8350,ACC00008350,9537,Current,Active,2022-06-15,1153900.0,4.27
8351,ACC00008351,9833,Salary,Active,2023-07-18,0.0,2.88
8352,ACC00008352,5290,Fixed Deposit,Active,2024-01-23,0.0,6.5
8353,ACC00008353,5543,Savings,Dormant,2021-02-17,0.0,3.13
8354,ACC00008354,3040,Current,Closed,2020-02-08,843800.0,2.84
8355,ACC00008355,6346,Savings,Active,2024-05-23,0.0,3.55
8356,ACC00008356,735,Fixed Deposit,Active,2024-05-28,0.0,7.06
8357,ACC00008357,6188,Current,Active,2019-10-11,922000.0,2.91
8358,ACC00008358,7668,Savings,Closed,2021-07-06,0.0,3.97
8359,ACC00008359,2864,Savings,Active,2022-07-07,0.0,2.52
8360,ACC00008360,5616,Savings,Active,2023-07-20,0.0,3.62
8361,ACC00008361,8010,Loan,Active,2025-06-03,296400.0,7.6
8362,ACC00008362,1552,Savings,Active,2020-04-02,0.0,3.16
8363,ACC00008363,5848,Savings,Closed,2018-09-21,0.0,4.59
8364,ACC00008364,3184,Savings,Active,2018-08-18,0.0,4.91
8365,ACC00008365,8462,Savings,Dormant,2025-05-05,0.0,4.05
8366,ACC00008366,9552,Savings,Active,2024-04-03,0.0,4.71
8367,ACC00008367,8029,Savings,Active,2021-03-09,0.0,4.57
8368,ACC00008368,6095,Loan,Closed,2019-10-14,1169700.0,12.33
8369,ACC00008369,470,Loan,Dormant,2019-12-17,1999800.0,10.38
8370,ACC00008370,5945,Current,Active,2023-05-13,133800.0,3.37
8371,ACC00008371,70,Salary,Active,2025-09-25,0.0,4.6
8372,ACC00008372,2171,Savings,Active,2018-05-05,0.0,2.95
8373,ACC00008373,9843,Fixed Deposit,Active,2024-05-15,0.0,7.26
8374,ACC00008374,3675,Savings,Active,2020-09-20,0.0,3.2
8375,ACC00008375,8029,Savings,Active,2020-05-17,0.0,4.51
8376,ACC00008376,4333,Fixed Deposit,Active,2020-12-13,0.0,7.49
8377,ACC00008377,3292,Current,Blocked,2019-01-21,1569000.0,3.49
8378,ACC00008378,9866,Current,Closed,2025-02-18,1657300.0,2.67
8379,ACC00008379,4152,Loan,Active,2022-11-06,400600.0,13.89
8380,ACC00008380,8798,Current,Active,2020-07-05,305100.0,2.86
8381,ACC00008381,9607,Savings,Active,2022-10-29,0.0,3.44
8382,ACC00008382,8004,Savings,Active,2024-04-02,0.0,2.96
8383,ACC00008383,2748,Fixed Deposit,Active,2024-02-11,0.0,6.44
8384,ACC00008384,2099,Fixed Deposit,Active,2024-05-05,0.0,7.03
8385,ACC00008385,5248,Salary,Closed,2021-04-29,0.0,4.63
8386,ACC00008386,1251,Savings,Active,2018-09-04,0.0,4.15
8387,ACC00008387,905,Savings,Active,2022-06-22,0.0,3.28
8388,ACC00008388,5041,Salary,Active,2024-04-08,0.0,3.73
8389,ACC00008389,3364,Savings,Active,2024-05-17,0.0,4.87
8390,ACC00008390,1289,Salary,Active,2021-06-11,0.0,4.23
8391,ACC00008391,1312,Salary,Active,2023-07-26,0.0,4.92
8392,ACC00008392,750,Current,Active,2024-10-07,1856500.0,3.84
8393,ACC00008393,5945,Loan,Active,2024-01-07,868100.0,14.26
8394,ACC00008394,346,Fixed Deposit,Active,2025-08-12,0.0,6.07
8395,ACC00008395,7212,Savings,Active,2021-03-13,0.0,4.21
8396,ACC00008396,9363,Salary,Active,2024-08-18,0.0,4.76
8397,ACC00008397,885,Fixed Deposit,Active,2023-11-10,0.0,8.0
8398,ACC00008398,9259,Fixed Deposit,Active,2024-03-11,0.0,5.68
8399,ACC00008399,5444,Current,Dormant,2022-06-01,1867600.0,4.43
8400,ACC00008400,1344,Fixed Deposit,Active,2021-06-07,0.0,6.4
8401,ACC00008401,7263,Fixed Deposit,Active,2025-08-01,0.0,6.23
8402,ACC00008402,2701,Current,Active,2019-11-12,899500.0,3.78
8403,ACC00008403,9354,Current,Active,2019-06-25,942700.0,3.21
8404,ACC00008404,1712,Current,Active,2019-05-07,1985000.0,4.63
8405,ACC00008405,628,Savings,Closed,2019-05-19,0.0,3.79
8406,ACC00008406,5548,Salary,Active,2021-12-05,0.0,3.16
8407,ACC00008407,1456,Fixed Deposit,Active,2018-09-13,0.0,7.53
8408,ACC00008408,3784,Current,Closed,2025-04-22,1553200.0,4.45
8409,ACC00008409,8163,Salary,Active,2024-03-30,0.0,3.28
8410,ACC00008410,64,Current,Active,2021-07-02,78000.0,3.98
8411,ACC00008411,2430,Current,Active,2020-08-22,1455000.0,4.25
8412,ACC00008412,8655,Current,Active,2019-01-28,1038000.0,3.96
8413,ACC00008413,7197,Savings,Active,2024-06-16,0.0,4.88
8414,ACC00008414,2546,Salary,Active,2019-09-30,0.0,3.98
8415,ACC00008415,3400,Savings,Active,2021-04-21,0.0,3.97
8416,ACC00008416,1559,Savings,Active,2021-12-30,0.0,4.24
8417,ACC00008417,9116,Current,Active,2024-07-14,545600.0,2.92
8418,ACC00008418,8428,Savings,Active,2020-08-20,0.0,3.41
8419,ACC00008419,5775,Fixed Deposit,Dormant,2019-09-08,0.0,8.2
8420,ACC00008420,7738,Savings,Active,2021-12-20,0.0,3.21
8421,ACC00008421,4520,Loan,Dormant,2025-05-28,930000.0,12.65
8422,ACC00008422,4242,Fixed Deposit,Active,2021-01-03,0.0,6.51
8423,ACC00008423,3530,Fixed Deposit,Active,2020-03-19,0.0,6.13
8424,ACC00008424,4818,Savings,Dormant,2019-06-29,0.0,3.69
8425,ACC00008425,1843,Savings,Active,2022-04-21,0.0,3.22
8426,ACC00008426,1955,Savings,Active,2021-10-24,0.0,4.92
8427,ACC00008427,8074,Fixed Deposit,Active,2025-04-04,0.0,6.51
8428,ACC00008428,7737,Savings,Active,2018-08-11,0.0,2.95
8429,ACC00008429,1677,Current,Active,2021-12-23,1457300.0,3.46
8430,ACC00008430,4725,Loan,Active,2024-09-06,1496100.0,9.26
8431,ACC00008431,6680,Salary,Closed,2020-02-26,0.0,4.14
8432,ACC00008432,938,Fixed Deposit,Active,2019-08-24,0.0,7.12
8433,ACC00008433,5055,Current,Active,2023-02-18,139700.0,4.94
8434,ACC00008434,5235,Salary,Active,2024-06-04,0.0,3.14
8435,ACC00008435,6958,Fixed Deposit,Blocked,2022-05-28,0.0,7.48
8436,ACC00008436,2379,Salary,Active,2020-12-31,0.0,3.05
8437,ACC00008437,9151,Loan,Active,2023-07-30,1004500.0,12.26
8438,ACC00008438,1428,Savings,Closed,2020-12-19,0.0,2.65
8439,ACC00008439,10000,Fixed Deposit,Active,2023-04-05,0.0,6.2
8440,ACC00008440,4643,Savings,Closed,2021-03-18,0.0,4.89
8441,ACC00008441,6605,Current,Active,2018-09-17,1782200.0,4.32
8442,ACC00008442,4063,Fixed Deposit,Active,2024-12-21,0.0,7.91
8443,ACC00008443,2468,Salary,Active,2020-04-29,0.0,4.22
8444,ACC00008444,5494,Savings,Active,2018-11-30,0.0,4.76
8445,ACC00008445,14,Savings,Dormant,2021-02-20,0.0,4.73
8446,ACC00008446,1963,Current,Dormant,2021-03-17,475300.0,2.89
8447,ACC00008447,5655,Loan,Dormant,2020-03-26,1322300.0,14.13
8448,ACC00008448,5600,Salary,Closed,2020-03-14,0.0,2.78
8449,ACC00008449,3056,Savings,Active,2022-03-18,0.0,4.72
8450,ACC00008450,8705,Fixed Deposit,Closed,2019-03-08,0.0,6.64
8451,ACC00008451,8754,Savings,Active,2018-07-26,0.0,3.78
8452,ACC00008452,6429,Current,Closed,2025-12-14,1274300.0,3.99
8453,ACC00008453,8194,Savings,Active,2018-12-21,0.0,4.16
8454,ACC00008454,7824,Fixed Deposit,Active,2022-03-08,0.0,7.22
8455,ACC00008455,80,Savings,Active,2021-09-12,0.0,4.16
8456,ACC00008456,7588,Salary,Active,2023-10-30,0.0,2.6
8457,ACC00008457,9370,Salary,Active,2020-01-06,0.0,3.49
8458,ACC00008458,1099,Loan,Active,2022-08-16,1128900.0,9.99
8459,ACC00008459,8455,Savings,Blocked,2023-07-25,0.0,2.81
8460,ACC00008460,9894,Current,Active,2023-02-27,1937900.0,2.64
8461,ACC00008461,1716,Current,Active,2019-01-07,643200.0,2.58
8462,ACC00008462,2354,Savings,Active,2019-07-04,0.0,2.96
8463,ACC00008463,4552,Current,Closed,2022-03-24,740000.0,3.39
8464,ACC00008464,314,Savings,Active,2021-07-25,0.0,3.12
8465,ACC00008465,3420,Fixed Deposit,Active,2018-06-15,0.0,8.01
8466,ACC00008466,6248,Savings,Active,2018-11-22,0.0,3.66
8467,ACC00008467,4893,Savings,Active,2021-05-30,0.0,3.18
8468,ACC00008468,7875,Savings,Active,2023-06-03,0.0,4.03
8469,ACC00008469,5156,Savings,Active,2019-04-25,0.0,3.02
8470,ACC00008470,262,Loan,Active,2019-09-19,1698400.0,9.05
8471,ACC00008471,7041,Fixed Deposit,Active,2023-12-14,0.0,8.18
8472,ACC00008472,6223,Savings,Active,2022-03-01,0.0,4.84
8473,ACC00008473,4431,Fixed Deposit,Active,2019-05-27,0.0,6.01
8474,ACC00008474,896,Salary,Active,2024-02-03,0.0,3.31
8475,ACC00008475,6912,Savings,Active,2019-11-25,0.0,4.33
8476,ACC00008476,3643,Savings,Blocked,2018-01-21,0.0,4.58
8477,ACC00008477,9140,Loan,Active,2019-04-29,988900.0,10.46
8478,ACC00008478,9253,Savings,Active,2021-07-09,0.0,2.69
8479,ACC00008479,3655,Salary,Active,2018-05-30,0.0,4.6
8480,ACC00008480,9320,Fixed Deposit,Blocked,2025-12-05,0.0,6.02
8481,ACC00008481,7850,Current,Active,2019-12-23,1075600.0,4.55
8482,ACC00008482,5159,Salary,Active,2019-11-03,0.0,3.76
8483,ACC00008483,6077,Savings,Active,2021-02-01,0.0,4.75
8484,ACC00008484,522,Current,Closed,2025-01-01,524800.0,4.14
8485,ACC00008485,6919,Savings,Active,2023-04-18,0.0,3.48
8486,ACC00008486,5111,Current,Active,2025-06-20,1989800.0,3.42
8487,ACC00008487,7506,Current,Active,2019-01-18,1774900.0,4.41
8488,ACC00008488,8199,Savings,Active,2021-02-12,0.0,4.63
8489,ACC00008489,6054,Savings,Dormant,2018-02-09,0.0,3.06
8490,ACC00008490,871,Fixed Deposit,Active,2021-02-04,0.0,8.06
8491,ACC00008491,1780,Savings,Active,2024-01-29,0.0,4.16
8492,ACC00008492,893,Salary,Active,2025-05-06,0.0,4.22
8493,ACC00008493,3189,Current,Active,2024-05-09,1784900.0,2.54
8494,ACC00008494,8107,Current,Dormant,2019-06-13,1330700.0,4.28
8495,ACC00008495,154,Savings,Active,2018-07-28,0.0,2.84
8496,ACC00008496,4358,Fixed Deposit,Active,2021-05-22,0.0,5.9
8497,ACC00008497,3922,Loan,Active,2022-04-13,923300.0,11.18
8498,ACC00008498,5946,Current,Active,2020-07-30,235100.0,3.7
8499,ACC00008499,10,Loan,Active,2023-12-31,763000.0,9.01
8500,ACC00008500,7497,Savings,Active,2021-11-01,0.0,4.78
8501,ACC00008501,3340,Savings,Active,2023-01-24,0.0,4.97
8502,ACC00008502,6165,Savings,Active,2022-10-07,0.0,4.84
8503,ACC00008503,7466,Savings,Dormant,2023-01-02,0.0,4.74
8504,ACC00008504,1868,Savings,Active,2022-08-11,0.0,3.65
8505,ACC00008505,9982,Salary,Dormant,2020-01-11,0.0,4.54
8506,ACC00008506,5722,Salary,Active,2018-03-11,0.0,3.96
8507,ACC00008507,4338,Savings,Dormant,2022-07-09,0.0,3.79
8508,ACC00008508,7772,Savings,Active,2024-08-29,0.0,3.16
8509,ACC00008509,9742,Savings,Active,2020-11-11,0.0,2.57
8510,ACC00008510,5785,Salary,Active,2024-11-23,0.0,4.94
8511,ACC00008511,679,Fixed Deposit,Active,2019-06-02,0.0,6.72
8512,ACC00008512,4296,Salary,Active,2020-04-30,0.0,4.05
8513,ACC00008513,1726,Salary,Active,2025-04-07,0.0,3.78
8514,ACC00008514,2511,Salary,Active,2020-05-27,0.0,4.36
8515,ACC00008515,1385,Salary,Active,2020-09-03,0.0,3.1
8516,ACC00008516,995,Current,Active,2020-08-16,190500.0,3.08
8517,ACC00008517,5812,Current,Active,2025-07-14,1053600.0,3.69
8518,ACC00008518,4853,Fixed Deposit,Active,2018-10-12,0.0,6.07
8519,ACC00008519,340,Current,Active,2022-01-30,1482400.0,4.24
8520,ACC00008520,9911,Savings,Active,2019-03-07,0.0,4.56
8521,ACC00008521,2596,Fixed Deposit,Active,2019-03-04,0.0,6.07
8522,ACC00008522,5521,Current,Active,2022-07-06,1463400.0,4.89
8523,ACC00008523,1393,Savings,Active,2018-11-28,0.0,3.51
8524,ACC00008524,8229,Savings,Active,2019-03-20,0.0,2.88
8525,ACC00008525,6321,Current,Active,2023-03-28,1568700.0,4.79
8526,ACC00008526,7257,Savings,Dormant,2021-05-21,0.0,3.42
8527,ACC00008527,7916,Current,Closed,2019-03-19,1952400.0,4.67
8528,ACC00008528,7829,Current,Blocked,2022-03-31,1505900.0,3.91
8529,ACC00008529,4802,Current,Active,2021-04-29,1168400.0,4.21
8530,ACC00008530,9977,Current,Active,2019-04-23,1638300.0,4.43
8531,ACC00008531,5131,Savings,Active,2019-05-20,0.0,3.67
8532,ACC00008532,4454,Fixed Deposit,Active,2022-01-12,0.0,7.88
8533,ACC00008533,3217,Current,Dormant,2022-04-15,1573900.0,4.26
8534,ACC00008534,7135,Savings,Active,2018-05-29,0.0,2.97
8535,ACC00008535,5075,Savings,Active,2024-04-15,0.0,4.38
8536,ACC00008536,8861,Salary,Active,2019-08-27,0.0,4.1
8537,ACC00008537,9293,Salary,Active,2019-10-22,0.0,3.92
8538,ACC00008538,2197,Savings,Closed,2018-08-31,0.0,4.65
8539,ACC00008539,9573,Loan,Active,2023-04-23,690500.0,14.25
8540,ACC00008540,3635,Current,Active,2021-09-29,1047300.0,3.37
8541,ACC00008541,1820,Savings,Active,2024-05-03,0.0,3.33
8542,ACC00008542,5775,Savings,Dormant,2021-12-04,0.0,3.21
8543,ACC00008543,6107,Loan,Active,2025-12-06,1624000.0,8.41
8544,ACC00008544,1023,Savings,Blocked,2018-10-23,0.0,3.22
8545,ACC00008545,678,Savings,Active,2020-07-10,0.0,3.47
8546,ACC00008546,2499,Savings,Blocked,2019-07-11,0.0,3.36
8547,ACC00008547,2552,Current,Active,2018-01-15,993300.0,3.03
8548,ACC00008548,6813,Savings,Dormant,2018-12-03,0.0,4.74
8549,ACC00008549,5899,Savings,Active,2024-03-03,0.0,3.56
8550,ACC00008550,3190,Savings,Active,2019-02-15,0.0,3.71
8551,ACC00008551,5223,Fixed Deposit,Active,2024-06-27,0.0,8.06
8552,ACC00008552,1081,Loan,Active,2021-11-15,1440400.0,8.5
8553,ACC00008553,8581,Fixed Deposit,Active,2022-07-23,0.0,8.36
8554,ACC00008554,7952,Savings,Active,2019-08-20,0.0,2.89
8555,ACC00008555,2901,Savings,Active,2019-07-19,0.0,4.83
8556,ACC00008556,5785,Current,Active,2019-07-07,408000.0,3.84
8557,ACC00008557,5362,Salary,Active,2025-10-25,0.0,3.63
8558,ACC00008558,6915,Salary,Active,2020-08-22,0.0,4.28
8559,ACC00008559,5541,Savings,Closed,2024-12-23,0.0,3.95
8560,ACC00008560,2119,Savings,Active,2024-06-25,0.0,3.34
8561,ACC00008561,1383,Loan,Active,2022-04-13,1922000.0,14.22
8562,ACC00008562,2051,Savings,Active,2022-02-18,0.0,3.03
8563,ACC00008563,5818,Salary,Active,2022-11-02,0.0,4.16
8564,ACC00008564,9321,Current,Active,2020-01-23,1585500.0,3.74
8565,ACC00008565,2632,Fixed Deposit,Active,2019-02-23,0.0,6.11
8566,ACC00008566,9877,Fixed Deposit,Dormant,2022-01-24,0.0,7.43
8567,ACC00008567,914,Salary,Dormant,2025-01-03,0.0,3.74
8568,ACC00008568,2490,Loan,Active,2024-01-12,1856400.0,9.16
8569,ACC00008569,9748,Savings,Active,2019-10-03,0.0,4.38
8570,ACC00008570,7848,Current,Active,2025-07-05,1167000.0,3.47
8571,ACC00008571,2536,Savings,Active,2020-08-02,0.0,3.94
8572,ACC00008572,3101,Savings,Active,2018-01-09,0.0,4.4
8573,ACC00008573,5745,Salary,Active,2021-06-24,0.0,4.59
8574,ACC00008574,350,Current,Active,2024-12-06,970300.0,3.72
8575,ACC00008575,1056,Savings,Active,2018-12-30,0.0,4.55
8576,ACC00008576,5446,Loan,Active,2018-07-17,1936800.0,10.98
8577,ACC00008577,6781,Savings,Active,2018-12-29,0.0,2.52
8578,ACC00008578,7519,Salary,Closed,2018-01-11,0.0,2.67
8579,ACC00008579,865,Current,Active,2023-07-11,1969100.0,4.72
8580,ACC00008580,8644,Savings,Active,2022-08-30,0.0,3.06
8581,ACC00008581,5963,Fixed Deposit,Active,2025-01-09,0.0,7.38
8582,ACC00008582,2085,Savings,Active,2024-03-25,0.0,3.8
8583,ACC00008583,2079,Fixed Deposit,Active,2025-04-25,0.0,6.77
8584,ACC00008584,8081,Current,Active,2024-06-28,1080000.0,4.89
8585,ACC00008585,8836,Savings,Active,2019-10-30,0.0,3.24
8586,ACC00008586,1679,Savings,Dormant,2023-01-30,0.0,4.28
8587,ACC00008587,7853,Savings,Active,2024-11-24,0.0,4.1
8588,ACC00008588,3658,Savings,Blocked,2019-11-18,0.0,4.6
8589,ACC00008589,1286,Current,Blocked,2023-12-31,666400.0,4.97
8590,ACC00008590,7465,Current,Active,2024-04-14,749200.0,3.54
8591,ACC00008591,9183,Savings,Active,2023-10-01,0.0,4.49
8592,ACC00008592,9104,Savings,Active,2023-05-30,0.0,3.63
8593,ACC00008593,6887,Savings,Blocked,2022-01-20,0.0,4.45
8594,ACC00008594,8366,Salary,Active,2023-02-27,0.0,2.59
8595,ACC00008595,5566,Fixed Deposit,Active,2020-06-01,0.0,6.06
8596,ACC00008596,6173,Savings,Active,2025-07-18,0.0,3.15
8597,ACC00008597,4915,Current,Closed,2020-07-15,235000.0,3.45
8598,ACC00008598,1290,Current,Active,2023-12-29,659300.0,3.88
8599,ACC00008599,3630,Savings,Active,2018-06-03,0.0,4.93
8600,ACC00008600,2182,Current,Active,2024-05-27,1125500.0,3.38
8601,ACC00008601,2668,Salary,Active,2021-11-15,0.0,3.1
8602,ACC00008602,9948,Fixed Deposit,Active,2022-11-29,0.0,8.11
8603,ACC00008603,3583,Fixed Deposit,Active,2022-02-18,0.0,7.27
8604,ACC00008604,6589,Fixed Deposit,Active,2020-10-03,0.0,6.96
8605,ACC00008605,7148,Loan,Active,2022-11-15,156300.0,10.87
8606,ACC00008606,6695,Savings,Active,2021-08-27,0.0,4.79
8607,ACC00008607,7681,Salary,Active,2020-09-07,0.0,3.45
8608,ACC00008608,691,Current,Blocked,2020-11-05,1176200.0,3.43
8609,ACC00008609,2298,Current,Active,2021-07-11,424300.0,4.07
8610,ACC00008610,5856,Savings,Closed,2024-03-10,0.0,2.84
8611,ACC00008611,9014,Fixed Deposit,Active,2018-07-08,0.0,7.45
8612,ACC00008612,3365,Fixed Deposit,Active,2020-01-12,0.0,8.28
8613,ACC00008613,2169,Fixed Deposit,Active,2021-02-03,0.0,5.84
8614,ACC00008614,8758,Loan,Closed,2021-11-21,1337600.0,13.78
8615,ACC00008615,975,Savings,Active,2024-09-18,0.0,2.5
8616,ACC00008616,2135,Loan,Active,2020-06-19,1245200.0,13.26
8617,ACC00008617,626,Savings,Active,2024-01-26,0.0,4.21
8618,ACC00008618,4354,Savings,Dormant,2023-05-02,0.0,3.57
8619,ACC00008619,1531,Savings,Active,2019-09-01,0.0,3.67
8620,ACC00008620,7608,Savings,Active,2023-10-08,0.0,4.05
8621,ACC00008621,2070,Savings,Active,2020-07-27,0.0,3.81
8622,ACC00008622,59,Savings,Active,2022-12-01,0.0,3.39
8623,ACC00008623,9015,Loan,Active,2025-11-11,1653900.0,7.97
8624,ACC00008624,1295,Savings,Active,2019-07-03,0.0,3.82
8625,ACC00008625,4813,Salary,Active,2021-10-11,0.0,4.71
8626,ACC00008626,665,Loan,Active,2019-05-01,1262100.0,12.66
8627,ACC00008627,9557,Savings,Active,2023-04-13,0.0,2.98
8628,ACC00008628,5092,Loan,Active,2024-06-01,439600.0,10.22
8629,ACC00008629,4519,Salary,Active,2018-08-15,0.0,3.26
8630,ACC00008630,8226,Fixed Deposit,Active,2021-12-10,0.0,7.41
8631,ACC00008631,9826,Current,Active,2021-02-19,1683200.0,4.42
8632,ACC00008632,1201,Salary,Blocked,2018-10-16,0.0,4.7
8633,ACC00008633,3622,Current,Active,2023-07-04,1567300.0,3.64
8634,ACC00008634,1586,Current,Active,2023-12-06,1044500.0,3.74
8635,ACC00008635,699,Fixed Deposit,Active,2020-02-01,0.0,8.0
8636,ACC00008636,7670,Fixed Deposit,Active,2024-10-17,0.0,7.38
8637,ACC00008637,9702,Savings,Active,2020-12-19,0.0,2.74
8638,ACC00008638,1598,Savings,Active,2022-08-29,0.0,4.86
8639,ACC00008639,5786,Loan,Dormant,2021-06-09,1654400.0,13.02
8640,ACC00008640,3817,Fixed Deposit,Active,2024-07-28,0.0,6.42
8641,ACC00008641,2238,Fixed Deposit,Active,2020-09-22,0.0,7.85
8642,ACC00008642,7358,Savings,Active,2019-07-08,0.0,3.94
8643,ACC00008643,738,Fixed Deposit,Active,2020-02-24,0.0,6.0
8644,ACC00008644,9130,Current,Active,2023-10-03,729700.0,4.2
8645,ACC00008645,8333,Loan,Closed,2023-04-22,1862600.0,12.34
8646,ACC00008646,1639,Salary,Active,2022-08-10,0.0,4.63
8647,ACC00008647,9124,Savings,Active,2022-02-15,0.0,3.5
8648,ACC00008648,8054,Savings,Active,2022-06-07,0.0,3.86
8649,ACC00008649,9063,Current,Closed,2019-07-18,1547100.0,4.03
8650,ACC00008650,5403,Salary,Active,2018-10-22,0.0,4.02
8651,ACC00008651,8571,Loan,Active,2025-03-11,700100.0,10.7
8652,ACC00008652,8621,Fixed Deposit,Active,2020-07-10,0.0,7.58
8653,ACC00008653,6108,Savings,Active,2018-07-09,0.0,4.06
8654,ACC00008654,6435,Savings,Active,2021-08-12,0.0,3.92
8655,ACC00008655,3749,Current,Active,2018-12-13,1858300.0,3.76
8656,ACC00008656,9102,Savings,Active,2018-03-12,0.0,3.92
8657,ACC00008657,3869,Savings,Closed,2025-05-07,0.0,2.76
8658,ACC00008658,756,Salary,Active,2025-12-10,0.0,3.62
8659,ACC00008659,9061,Salary,Active,2021-06-20,0.0,3.78
8660,ACC00008660,8913,Salary,Active,2022-02-17,0.0,4.88
8661,ACC00008661,3487,Fixed Deposit,Active,2020-07-02,0.0,6.36
8662,ACC00008662,7984,Savings,Active,2025-02-16,0.0,4.65
8663,ACC00008663,1524,Loan,Active,2025-04-04,239800.0,11.33
8664,ACC00008664,6950,Savings,Blocked,2018-03-15,0.0,3.42
8665,ACC00008665,6648,Savings,Active,2022-02-11,0.0,4.66
8666,ACC00008666,3474,Salary,Active,2022-06-21,0.0,4.22
8667,ACC00008667,3140,Savings,Active,2022-12-17,0.0,4.7
8668,ACC00008668,1766,Salary,Active,2023-06-19,0.0,4.55
8669,ACC00008669,3561,Savings,Active,2024-09-27,0.0,3.65
8670,ACC00008670,5385,Salary,Active,2022-06-22,0.0,4.51
8671,ACC00008671,5500,Fixed Deposit,Active,2021-01-01,0.0,6.08
8672,ACC00008672,1979,Loan,Active,2023-10-18,1173400.0,13.02
8673,ACC00008673,8649,Savings,Dormant,2018-08-04,0.0,4.01
8674,ACC00008674,8469,Fixed Deposit,Active,2023-06-12,0.0,5.89
8675,ACC00008675,8290,Current,Closed,2022-12-30,1348900.0,2.55
8676,ACC00008676,5112,Savings,Active,2025-11-15,0.0,3.26
8677,ACC00008677,5032,Salary,Active,2025-06-28,0.0,4.28
8678,ACC00008678,4409,Savings,Active,2022-10-01,0.0,4.1
8679,ACC00008679,4342,Savings,Active,2018-12-31,0.0,4.25
8680,ACC00008680,8553,Savings,Dormant,2018-05-21,0.0,3.07
8681,ACC00008681,4778,Savings,Active,2025-05-01,0.0,3.48
8682,ACC00008682,1912,Salary,Active,2022-01-29,0.0,4.08
8683,ACC00008683,6302,Fixed Deposit,Active,2020-07-27,0.0,6.03
8684,ACC00008684,9903,Fixed Deposit,Active,2024-01-12,0.0,6.83
8685,ACC00008685,3133,Savings,Active,2023-05-02,0.0,2.63
8686,ACC00008686,212,Savings,Active,2022-05-05,0.0,2.75
8687,ACC00008687,1334,Savings,Active,2018-06-01,0.0,4.38
8688,ACC00008688,748,Savings,Active,2023-10-27,0.0,3.27
8689,ACC00008689,9236,Current,Active,2025-07-26,1601300.0,2.68
8690,ACC00008690,5392,Loan,Active,2020-06-23,1956700.0,12.72
8691,ACC00008691,8074,Savings,Dormant,2025-03-21,0.0,4.18
8692,ACC00008692,5353,Savings,Active,2020-01-01,0.0,4.59
8693,ACC00008693,8948,Savings,Active,2019-12-13,0.0,3.62
8694,ACC00008694,156,Loan,Active,2020-04-21,965500.0,12.9
8695,ACC00008695,9360,Fixed Deposit,Active,2018-07-10,0.0,8.16
8696,ACC00008696,8264,Loan,Active,2020-07-28,193100.0,7.91
8697,ACC00008697,3833,Salary,Active,2020-09-19,0.0,4.66
8698,ACC00008698,9783,Current,Active,2021-08-23,892100.0,3.9
8699,ACC00008699,1472,Savings,Dormant,2023-10-25,0.0,3.25
8700,ACC00008700,8561,Current,Active,2023-01-16,267800.0,3.09
8701,ACC00008701,8050,Fixed Deposit,Active,2021-09-05,0.0,7.59
8702,ACC00008702,6516,Fixed Deposit,Active,2018-04-21,0.0,7.67
8703,ACC00008703,7850,Fixed Deposit,Active,2022-07-26,0.0,5.91
8704,ACC00008704,4510,Savings,Active,2022-03-25,0.0,4.89
8705,ACC00008705,828,Savings,Active,2022-02-21,0.0,3.75
8706,ACC00008706,2776,Savings,Active,2020-02-16,0.0,4.79
8707,ACC00008707,6143,Salary,Closed,2024-12-30,0.0,2.97
8708,ACC00008708,6186,Savings,Active,2021-10-20,0.0,3.22
8709,ACC00008709,288,Fixed Deposit,Dormant,2025-02-23,0.0,6.03
8710,ACC00008710,5022,Fixed Deposit,Dormant,2024-06-12,0.0,8.36
8711,ACC00008711,8512,Savings,Active,2020-08-24,0.0,3.7
8712,ACC00008712,1870,Current,Active,2020-06-06,1526500.0,2.75
8713,ACC00008713,2234,Salary,Active,2020-03-16,0.0,4.42
8714,ACC00008714,4521,Loan,Active,2018-03-02,1797200.0,13.21
8715,ACC00008715,8464,Current,Active,2019-10-04,483000.0,4.83
8716,ACC00008716,2585,Savings,Active,2019-11-29,0.0,2.52
8717,ACC00008717,7000,Salary,Active,2025-03-18,0.0,4.07
8718,ACC00008718,6140,Savings,Active,2024-12-07,0.0,3.03
8719,ACC00008719,7619,Current,Closed,2021-09-29,864400.0,4.7
8720,ACC00008720,1368,Savings,Closed,2018-10-22,0.0,3.07
8721,ACC00008721,4619,Fixed Deposit,Active,2022-04-28,0.0,7.97
8722,ACC00008722,9888,Current,Active,2022-02-19,1918400.0,4.17
8723,ACC00008723,9559,Salary,Active,2019-01-10,0.0,3.35
8724,ACC00008724,4601,Savings,Active,2020-11-25,0.0,2.64
8725,ACC00008725,4452,Current,Active,2021-02-28,425000.0,3.4
8726,ACC00008726,4530,Savings,Dormant,2021-11-24,0.0,4.67
8727,ACC00008727,507,Savings,Active,2022-03-17,0.0,2.62
8728,ACC00008728,6050,Salary,Active,2024-09-27,0.0,4.49
8729,ACC00008729,6124,Loan,Active,2022-10-26,1104900.0,10.02
8730,ACC00008730,5150,Salary,Active,2020-01-08,0.0,3.0
8731,ACC00008731,626,Savings,Active,2022-11-04,0.0,4.94
8732,ACC00008732,6264,Current,Active,2018-08-15,490700.0,2.61
8733,ACC00008733,3965,Fixed Deposit,Active,2020-11-17,0.0,7.73
8734,ACC00008734,2425,Savings,Closed,2020-05-13,0.0,3.21
8735,ACC00008735,1513,Loan,Active,2022-09-01,202600.0,12.33
8736,ACC00008736,4035,Current,Active,2020-01-21,1677600.0,4.53
8737,ACC00008737,7801,Loan,Active,2019-09-28,1085800.0,9.77
8738,ACC00008738,7142,Salary,Active,2018-04-13,0.0,4.35
8739,ACC00008739,5823,Salary,Active,2024-02-22,0.0,3.33
8740,ACC00008740,2691,Salary,Active,2023-05-06,0.0,4.71
8741,ACC00008741,5898,Fixed Deposit,Blocked,2020-09-02,0.0,5.99
8742,ACC00008742,7011,Fixed Deposit,Active,2019-07-01,0.0,7.29
8743,ACC00008743,7223,Salary,Active,2022-06-02,0.0,3.0
8744,ACC00008744,1783,Current,Active,2018-01-28,1998100.0,2.71
8745,ACC00008745,7828,Savings,Active,2023-02-23,0.0,4.98
8746,ACC00008746,7809,Savings,Active,2019-06-24,0.0,2.57
8747,ACC00008747,554,Loan,Active,2023-03-20,57400.0,12.45
8748,ACC00008748,6424,Fixed Deposit,Active,2023-06-14,0.0,8.07
8749,ACC00008749,8667,Savings,Dormant,2024-12-18,0.0,3.97
8750,ACC00008750,7855,Savings,Active,2019-12-20,0.0,3.44
8751,ACC00008751,5948,Savings,Active,2018-01-25,0.0,2.5
8752,ACC00008752,2586,Current,Dormant,2019-10-09,1374900.0,3.64
8753,ACC00008753,8364,Savings,Active,2023-09-03,0.0,4.54
8754,ACC00008754,7555,Fixed Deposit,Dormant,2024-07-06,0.0,5.89
8755,ACC00008755,6110,Current,Active,2023-01-30,1600800.0,2.89
8756,ACC00008756,8294,Savings,Active,2025-04-26,0.0,2.65
8757,ACC00008757,650,Savings,Active,2021-06-05,0.0,3.69
8758,ACC00008758,8465,Salary,Active,2025-07-29,0.0,4.11
8759,ACC00008759,4999,Current,Active,2020-02-17,152700.0,4.09
8760,ACC00008760,5518,Current,Active,2019-08-28,1624000.0,3.17
8761,ACC00008761,1656,Loan,Active,2020-02-19,215200.0,9.44
8762,ACC00008762,8942,Salary,Closed,2020-10-10,0.0,4.97
8763,ACC00008763,1990,Loan,Active,2021-05-07,522300.0,7.99
8764,ACC00008764,6482,Savings,Active,2018-06-06,0.0,3.6
8765,ACC00008765,6418,Salary,Active,2023-06-01,0.0,4.05
8766,ACC00008766,5470,Salary,Active,2021-09-26,0.0,4.18
8767,ACC00008767,6084,Savings,Active,2023-02-27,0.0,4.82
8768,ACC00008768,8430,Loan,Active,2020-02-06,1201500.0,10.49
8769,ACC00008769,7598,Fixed Deposit,Active,2018-04-15,0.0,8.33
8770,ACC00008770,4979,Current,Active,2020-07-21,1559000.0,2.75
8771,ACC00008771,7080,Savings,Blocked,2024-05-11,0.0,3.5
8772,ACC00008772,8634,Savings,Active,2019-05-16,0.0,4.44
8773,ACC00008773,1610,Savings,Blocked,2020-01-31,0.0,4.57
8774,ACC00008774,3629,Savings,Active,2021-05-30,0.0,3.4
8775,ACC00008775,3814,Loan,Blocked,2024-09-22,656100.0,7.95
8776,ACC00008776,1974,Salary,Active,2019-06-26,0.0,2.75
8777,ACC00008777,5696,Savings,Closed,2022-09-16,0.0,4.31
8778,ACC00008778,7885,Loan,Active,2021-02-14,1556400.0,11.17
8779,ACC00008779,2171,Savings,Active,2025-06-03,0.0,4.42
8780,ACC00008780,4276,Savings,Active,2023-05-09,0.0,4.9
8781,ACC00008781,8682,Salary,Active,2018-04-29,0.0,3.71
8782,ACC00008782,5633,Fixed Deposit,Active,2023-05-31,0.0,8.38
8783,ACC00008783,5110,Fixed Deposit,Active,2025-03-02,0.0,5.79
8784,ACC00008784,9700,Loan,Active,2019-10-10,762700.0,10.57
8785,ACC00008785,173,Savings,Active,2020-08-01,0.0,4.01
8786,ACC00008786,4198,Savings,Active,2025-02-24,0.0,3.02
8787,ACC00008787,6088,Salary,Blocked,2020-10-26,0.0,3.88
8788,ACC00008788,4030,Fixed Deposit,Active,2023-10-15,0.0,6.12
8789,ACC00008789,3118,Current,Blocked,2025-09-13,725400.0,3.84
8790,ACC00008790,5029,Savings,Dormant,2023-10-05,0.0,4.77
8791,ACC00008791,188,Fixed Deposit,Active,2018-01-15,0.0,5.79
8792,ACC00008792,3703,Loan,Active,2020-04-05,829500.0,14.29
8793,ACC00008793,4678,Savings,Active,2022-10-09,0.0,4.35
8794,ACC00008794,1169,Savings,Active,2025-09-24,0.0,4.84
8795,ACC00008795,6210,Loan,Blocked,2023-12-23,1715300.0,13.26
8796,ACC00008796,9554,Current,Active,2021-02-21,197300.0,3.96
8797,ACC00008797,348,Savings,Active,2022-02-24,0.0,4.3
8798,ACC00008798,3598,Savings,Active,2022-06-23,0.0,4.21
8799,ACC00008799,9089,Current,Active,2024-04-24,1929000.0,2.79
8800,ACC00008800,9835,Current,Closed,2018-01-29,179700.0,5.0
8801,ACC00008801,367,Savings,Active,2018-07-04,0.0,2.6
8802,ACC00008802,7335,Fixed Deposit,Active,2020-07-28,0.0,8.23
8803,ACC00008803,1992,Current,Active,2024-09-06,83300.0,2.54
8804,ACC00008804,6474,Current,Active,2025-10-21,1758900.0,3.21
8805,ACC00008805,2466,Current,Active,2019-01-03,559100.0,3.64
8806,ACC00008806,7094,Savings,Active,2019-12-01,0.0,3.61
8807,ACC00008807,9390,Salary,Active,2024-11-02,0.0,2.95
8808,ACC00008808,9505,Savings,Active,2024-04-24,0.0,3.74
8809,ACC00008809,752,Current,Active,2019-06-15,1103300.0,4.59
8810,ACC00008810,8763,Current,Active,2021-07-14,1457500.0,4.83
8811,ACC00008811,165,Savings,Active,2025-12-13,0.0,4.58
8812,ACC00008812,8094,Current,Active,2020-01-24,1805900.0,4.44
8813,ACC00008813,8212,Savings,Active,2018-09-29,0.0,3.3
8814,ACC00008814,4551,Salary,Active,2022-04-17,0.0,3.91
8815,ACC00008815,5375,Current,Closed,2025-03-02,139900.0,3.64
8816,ACC00008816,8295,Savings,Active,2025-04-02,0.0,2.63
8817,ACC00008817,7933,Current,Active,2023-09-30,1422900.0,3.42
8818,ACC00008818,7588,Savings,Blocked,2021-10-15,0.0,3.13
8819,ACC00008819,3796,Savings,Active,2022-09-18,0.0,2.99
8820,ACC00008820,2799,Savings,Closed,2018-11-23,0.0,4.72
8821,ACC00008821,4002,Savings,Active,2022-07-18,0.0,3.3
8822,ACC00008822,1788,Loan,Active,2023-08-28,611300.0,13.87
8823,ACC00008823,6615,Salary,Active,2021-07-11,0.0,2.75
8824,ACC00008824,7928,Current,Blocked,2019-03-04,1018000.0,4.47
8825,ACC00008825,4671,Loan,Active,2021-02-12,345200.0,10.16
8826,ACC00008826,2840,Savings,Active,2022-12-29,0.0,3.33
8827,ACC00008827,393,Savings,Active,2023-02-20,0.0,3.29
8828,ACC00008828,4152,Salary,Active,2024-07-19,0.0,2.76
8829,ACC00008829,9767,Current,Active,2021-12-28,1080600.0,2.86
8830,ACC00008830,5510,Loan,Active,2024-01-16,101700.0,7.67
8831,ACC00008831,8821,Savings,Dormant,2023-05-18,0.0,4.94
8832,ACC00008832,4070,Current,Dormant,2019-09-12,931400.0,3.99
8833,ACC00008833,6438,Current,Active,2019-01-14,734600.0,3.8
8834,ACC00008834,136,Savings,Active,2019-07-24,0.0,3.15
8835,ACC00008835,2600,Savings,Active,2023-06-16,0.0,4.18
8836,ACC00008836,5513,Savings,Active,2019-12-06,0.0,4.93
8837,ACC00008837,6991,Fixed Deposit,Active,2023-08-29,0.0,6.26
8838,ACC00008838,7902,Savings,Active,2023-12-18,0.0,3.05
8839,ACC00008839,177,Current,Active,2018-07-31,1523300.0,4.91
8840,ACC00008840,8669,Savings,Active,2024-06-16,0.0,4.66
8841,ACC00008841,3962,Savings,Active,2019-08-04,0.0,3.54
8842,ACC00008842,3718,Loan,Dormant,2018-01-12,1840900.0,12.84
8843,ACC00008843,9501,Savings,Active,2023-11-04,0.0,4.59
8844,ACC00008844,6675,Savings,Active,2020-10-01,0.0,3.57
8845,ACC00008845,6885,Savings,Active,2021-10-15,0.0,4.48
8846,ACC00008846,6555,Savings,Active,2025-08-08,0.0,3.16
8847,ACC00008847,3787,Savings,Active,2023-11-19,0.0,3.25
8848,ACC00008848,8201,Fixed Deposit,Active,2023-09-09,0.0,8.04
8849,ACC00008849,3536,Savings,Active,2022-01-20,0.0,3.04
8850,ACC00008850,1651,Salary,Active,2018-10-30,0.0,4.59
8851,ACC00008851,5778,Savings,Active,2025-09-23,0.0,2.73
8852,ACC00008852,8952,Fixed Deposit,Active,2025-10-08,0.0,6.87
8853,ACC00008853,9613,Savings,Active,2025-03-29,0.0,4.31
8854,ACC00008854,71,Current,Active,2022-10-20,1840100.0,3.8
8855,ACC00008855,969,Current,Active,2023-11-21,468900.0,2.57
8856,ACC00008856,6938,Savings,Active,2022-12-23,0.0,3.63
8857,ACC00008857,6294,Current,Active,2021-01-18,1341400.0,2.9
8858,ACC00008858,8173,Fixed Deposit,Active,2024-05-27,0.0,6.59
8859,ACC00008859,592,Savings,Active,2021-11-26,0.0,4.07
8860,ACC00008860,7652,Loan,Blocked,2019-08-17,608400.0,10.99
8861,ACC00008861,1497,Savings,Active,2019-12-22,0.0,3.51
8862,ACC00008862,796,Savings,Active,2025-01-29,0.0,3.08
8863,ACC00008863,8733,Savings,Active,2023-11-16,0.0,3.47
8864,ACC00008864,4767,Fixed Deposit,Active,2020-08-04,0.0,5.97
8865,ACC00008865,2073,Savings,Blocked,2024-01-31,0.0,3.85
8866,ACC00008866,9972,Savings,Active,2019-04-30,0.0,3.03
8867,ACC00008867,7861,Current,Closed,2019-09-03,1208900.0,4.58
8868,ACC00008868,7058,Fixed Deposit,Active,2023-04-13,0.0,5.6
8869,ACC00008869,5449,Loan,Active,2023-04-20,289000.0,14.36
8870,ACC00008870,7247,Loan,Active,2020-08-05,85300.0,14.21
8871,ACC00008871,5981,Fixed Deposit,Active,2019-12-26,0.0,7.98
8872,ACC00008872,5687,Savings,Active,2020-10-15,0.0,2.68
8873,ACC00008873,940,Savings,Active,2024-11-17,0.0,4.86
8874,ACC00008874,1034,Fixed Deposit,Active,2022-01-11,0.0,7.24
8875,ACC00008875,2048,Loan,Active,2018-07-25,344000.0,7.55
8876,ACC00008876,2743,Savings,Active,2020-12-20,0.0,2.59
8877,ACC00008877,778,Savings,Active,2018-09-14,0.0,4.67
8878,ACC00008878,3942,Salary,Active,2023-01-18,0.0,3.84
8879,ACC00008879,9108,Savings,Closed,2022-10-31,0.0,4.99
8880,ACC00008880,4159,Savings,Active,2024-06-02,0.0,4.0
8881,ACC00008881,2553,Fixed Deposit,Active,2020-07-27,0.0,7.63
8882,ACC00008882,5379,Savings,Closed,2023-11-29,0.0,3.08
8883,ACC00008883,2052,Savings,Active,2020-04-15,0.0,3.49
8884,ACC00008884,4337,Current,Active,2022-06-23,1224500.0,3.75
8885,ACC00008885,2345,Fixed Deposit,Active,2023-08-20,0.0,7.35
8886,ACC00008886,5631,Current,Active,2021-03-26,694100.0,4.83
8887,ACC00008887,1190,Savings,Active,2023-07-18,0.0,4.75
8888,ACC00008888,4619,Savings,Active,2023-07-27,0.0,3.29
8889,ACC00008889,2803,Savings,Active,2022-10-02,0.0,2.56
8890,ACC00008890,6560,Savings,Active,2023-01-25,0.0,3.14
8891,ACC00008891,5714,Savings,Active,2024-07-29,0.0,3.35
8892,ACC00008892,2870,Savings,Active,2021-02-18,0.0,2.95
8893,ACC00008893,7294,Salary,Active,2025-03-19,0.0,4.93
8894,ACC00008894,3795,Current,Active,2023-07-21,945000.0,4.69
8895,ACC00008895,3792,Savings,Active,2018-07-21,0.0,3.32
8896,ACC00008896,3459,Savings,Active,2019-06-29,0.0,2.9
8897,ACC00008897,6029,Current,Active,2019-07-15,812800.0,3.6
8898,ACC00008898,3128,Fixed Deposit,Active,2023-08-07,0.0,6.68
8899,ACC00008899,5617,Salary,Active,2020-10-02,0.0,4.61
8900,ACC00008900,8957,Loan,Active,2025-01-07,1682100.0,11.66
8901,ACC00008901,6821,Current,Active,2018-04-26,279100.0,3.98
8902,ACC00008902,3678,Salary,Active,2021-02-23,0.0,4.29
8903,ACC00008903,2424,Savings,Blocked,2022-05-10,0.0,3.11
8904,ACC00008904,5492,Salary,Active,2024-03-11,0.0,4.23
8905,ACC00008905,8100,Current,Active,2019-12-10,301200.0,3.41
8906,ACC00008906,6726,Current,Active,2023-07-17,669200.0,2.6
8907,ACC00008907,5408,Savings,Active,2018-05-06,0.0,4.45
8908,ACC00008908,7464,Savings,Active,2019-03-08,0.0,3.93
8909,ACC00008909,5536,Savings,Active,2024-10-12,0.0,2.81
8910,ACC00008910,5867,Loan,Active,2019-10-30,1757900.0,11.67
8911,ACC00008911,2521,Savings,Active,2020-03-24,0.0,3.16
8912,ACC00008912,1881,Savings,Active,2022-10-06,0.0,4.55
8913,ACC00008913,5430,Savings,Active,2019-12-24,0.0,4.49
8914,ACC00008914,2745,Loan,Active,2022-11-26,96300.0,13.06
8915,ACC00008915,4744,Savings,Active,2022-10-19,0.0,2.77
8916,ACC00008916,4778,Savings,Dormant,2021-11-26,0.0,4.15
8917,ACC00008917,1763,Savings,Active,2021-02-08,0.0,3.69
8918,ACC00008918,9542,Current,Blocked,2018-08-12,742900.0,2.86
8919,ACC00008919,5867,Salary,Active,2025-10-02,0.0,4.69
8920,ACC00008920,9156,Savings,Active,2020-12-12,0.0,4.56
8921,ACC00008921,428,Savings,Active,2019-03-17,0.0,3.48
8922,ACC00008922,31,Savings,Active,2024-03-23,0.0,4.49
8923,ACC00008923,9557,Loan,Dormant,2025-01-02,1964200.0,13.95
8924,ACC00008924,8664,Loan,Active,2020-11-23,375600.0,12.41
8925,ACC00008925,9847,Current,Dormant,2023-06-06,1952300.0,3.15
8926,ACC00008926,3914,Fixed Deposit,Active,2025-04-06,0.0,8.1
8927,ACC00008927,391,Loan,Dormant,2025-11-03,1854400.0,10.17
8928,ACC00008928,2458,Current,Active,2020-08-06,1299200.0,3.0
8929,ACC00008929,5276,Savings,Active,2022-05-29,0.0,4.09
8930,ACC00008930,7554,Savings,Closed,2023-09-02,0.0,3.04
8931,ACC00008931,4348,Current,Active,2023-02-05,309500.0,3.25
8932,ACC00008932,9294,Savings,Blocked,2020-06-05,0.0,2.84
8933,ACC00008933,4751,Current,Active,2018-05-07,118600.0,4.77
8934,ACC00008934,470,Savings,Active,2025-07-22,0.0,3.21
8935,ACC00008935,7328,Loan,Blocked,2020-01-10,750300.0,10.66
8936,ACC00008936,5082,Savings,Active,2021-11-16,0.0,3.61
8937,ACC00008937,5056,Loan,Active,2021-11-17,1645800.0,8.11
8938,ACC00008938,9528,Fixed Deposit,Active,2019-02-14,0.0,6.81
8939,ACC00008939,1112,Fixed Deposit,Active,2022-05-02,0.0,6.41
8940,ACC00008940,5285,Loan,Active,2023-01-15,247400.0,11.3
8941,ACC00008941,1406,Fixed Deposit,Active,2020-03-08,0.0,7.68
8942,ACC00008942,1346,Savings,Dormant,2023-01-10,0.0,3.66
8943,ACC00008943,3271,Savings,Active,2025-04-04,0.0,3.53
8944,ACC00008944,8200,Current,Active,2019-07-28,1668500.0,3.69
8945,ACC00008945,7364,Savings,Active,2019-09-20,0.0,4.44
8946,ACC00008946,3131,Loan,Active,2019-05-27,1620700.0,9.51
8947,ACC00008947,4590,Fixed Deposit,Closed,2024-09-05,0.0,7.65
8948,ACC00008948,5110,Fixed Deposit,Active,2020-02-01,0.0,6.91
8949,ACC00008949,2186,Savings,Active,2024-02-24,0.0,3.95
8950,ACC00008950,4624,Savings,Closed,2018-08-30,0.0,2.65
8951,ACC00008951,514,Salary,Active,2025-09-24,0.0,3.87
8952,ACC00008952,5744,Salary,Active,2019-05-12,0.0,3.47
8953,ACC00008953,319,Fixed Deposit,Active,2021-07-15,0.0,7.99
8954,ACC00008954,4645,Current,Dormant,2022-01-12,1106200.0,2.8
8955,ACC00008955,8381,Savings,Active,2021-09-01,0.0,4.6
8956,ACC00008956,6932,Fixed Deposit,Active,2019-02-05,0.0,6.75
8957,ACC00008957,9532,Salary,Active,2025-03-14,0.0,3.03
8958,ACC00008958,7957,Loan,Active,2018-05-01,1248300.0,12.37
8959,ACC00008959,8542,Savings,Active,2019-08-07,0.0,3.07
8960,ACC00008960,3481,Current,Active,2022-12-18,757600.0,4.85
8961,ACC00008961,4143,Salary,Active,2023-08-15,0.0,3.14
8962,ACC00008962,1873,Loan,Active,2024-07-23,626800.0,14.1
8963,ACC00008963,3624,Fixed Deposit,Active,2021-02-15,0.0,6.6
8964,ACC00008964,6579,Savings,Closed,2020-08-30,0.0,3.07
8965,ACC00008965,979,Current,Active,2024-10-08,1637200.0,4.09
8966,ACC00008966,3221,Savings,Active,2022-02-13,0.0,4.99
8967,ACC00008967,8455,Loan,Active,2021-12-19,1223000.0,11.66
8968,ACC00008968,4802,Current,Active,2020-04-01,978800.0,4.69
8969,ACC00008969,4348,Loan,Blocked,2025-09-26,1884800.0,11.49
8970,ACC00008970,7100,Savings,Closed,2024-08-20,0.0,4.45
8971,ACC00008971,6294,Savings,Active,2021-08-19,0.0,4.69
8972,ACC00008972,5554,Current,Active,2020-07-03,1559000.0,2.69
8973,ACC00008973,1275,Loan,Active,2024-11-09,437500.0,10.18
8974,ACC00008974,8245,Current,Active,2023-06-07,1054000.0,4.96
8975,ACC00008975,8176,Savings,Active,2024-06-09,0.0,4.28
8976,ACC00008976,2057,Savings,Active,2018-11-15,0.0,2.7
8977,ACC00008977,6996,Savings,Active,2020-06-30,0.0,4.4
8978,ACC00008978,3570,Savings,Active,2023-07-04,0.0,2.66
8979,ACC00008979,831,Savings,Active,2019-05-02,0.0,3.21
8980,ACC00008980,4304,Salary,Active,2019-01-05,0.0,3.72
8981,ACC00008981,7514,Salary,Active,2023-05-13,0.0,3.15
8982,ACC00008982,2638,Savings,Active,2019-05-16,0.0,2.57
8983,ACC00008983,855,Fixed Deposit,Active,2025-04-25,0.0,6.26
8984,ACC00008984,9292,Savings,Dormant,2020-10-13,0.0,4.35
8985,ACC00008985,9732,Salary,Active,2021-01-11,0.0,3.31
8986,ACC00008986,5073,Current,Active,2018-06-08,880900.0,3.97
8987,ACC00008987,4956,Fixed Deposit,Active,2022-06-07,0.0,6.05
8988,ACC00008988,821,Salary,Active,2020-07-16,0.0,2.66
8989,ACC00008989,6454,Savings,Active,2024-02-05,0.0,4.88
8990,ACC00008990,3879,Savings,Active,2023-07-18,0.0,3.79
8991,ACC00008991,7804,Savings,Active,2019-07-11,0.0,4.93
8992,ACC00008992,1396,Fixed Deposit,Active,2025-08-05,0.0,6.32
8993,ACC00008993,7670,Current,Active,2019-01-03,1664300.0,4.32
8994,ACC00008994,3615,Loan,Active,2020-09-28,1728300.0,12.13
8995,ACC00008995,4617,Savings,Active,2021-04-19,0.0,3.99
8996,ACC00008996,9033,Savings,Dormant,2018-03-17,0.0,4.77
8997,ACC00008997,1014,Savings,Active,2018-05-07,0.0,4.47
8998,ACC00008998,3392,Savings,Active,2020-10-24,0.0,4.72
8999,ACC00008999,7308,Fixed Deposit,Active,2020-07-07,0.0,7.77
9000,ACC00009000,2268,Savings,Active,2023-04-21,0.0,4.47
9001,ACC00009001,1168,Savings,Active,2020-09-15,0.0,4.06
9002,ACC00009002,9573,Savings,Active,2021-06-06,0.0,4.95
9003,ACC00009003,8697,Fixed Deposit,Active,2019-05-08,0.0,6.48
9004,ACC00009004,9158,Savings,Active,2023-05-13,0.0,3.5
9005,ACC00009005,8440,Current,Active,2019-12-27,997500.0,4.38
9006,ACC00009006,2055,Savings,Active,2020-04-30,0.0,3.2
9007,ACC00009007,160,Savings,Active,2025-12-06,0.0,4.82
9008,ACC00009008,6065,Savings,Active,2019-03-09,0.0,3.53
9009,ACC00009009,5430,Fixed Deposit,Active,2018-12-28,0.0,8.13
9010,ACC00009010,5208,Salary,Active,2020-10-25,0.0,4.33
9011,ACC00009011,3038,Savings,Active,2021-07-18,0.0,4.78
9012,ACC00009012,4010,Savings,Active,2020-02-01,0.0,2.81
9013,ACC00009013,8929,Savings,Active,2020-08-16,0.0,3.23
9014,ACC00009014,8538,Savings,Active,2025-04-18,0.0,2.62
9015,ACC00009015,3329,Salary,Dormant,2022-08-17,0.0,3.57
9016,ACC00009016,756,Savings,Active,2019-09-08,0.0,2.72
9017,ACC00009017,4884,Savings,Active,2024-09-21,0.0,4.47
9018,ACC00009018,6512,Current,Active,2019-07-09,1293900.0,2.74
9019,ACC00009019,5132,Savings,Active,2019-04-13,0.0,4.23
9020,ACC00009020,7867,Savings,Active,2025-04-29,0.0,4.28
9021,ACC00009021,3819,Savings,Active,2025-04-04,0.0,3.35
9022,ACC00009022,470,Savings,Active,2024-10-03,0.0,4.18
9023,ACC00009023,631,Savings,Active,2022-01-21,0.0,3.31
9024,ACC00009024,4871,Savings,Active,2024-08-01,0.0,3.05
9025,ACC00009025,5846,Savings,Dormant,2025-04-11,0.0,3.24
9026,ACC00009026,7323,Savings,Dormant,2021-06-13,0.0,4.56
9027,ACC00009027,4365,Salary,Active,2019-02-14,0.0,4.88
9028,ACC00009028,2414,Fixed Deposit,Active,2022-09-24,0.0,7.19
9029,ACC00009029,186,Salary,Blocked,2018-09-24,0.0,3.68
9030,ACC00009030,836,Savings,Active,2024-09-17,0.0,3.29
9031,ACC00009031,4055,Savings,Active,2023-09-12,0.0,3.04
9032,ACC00009032,3351,Loan,Active,2023-03-23,1780000.0,8.14
9033,ACC00009033,9284,Current,Active,2025-04-24,1090500.0,3.37
9034,ACC00009034,3500,Fixed Deposit,Active,2019-09-16,0.0,7.42
9035,ACC00009035,8691,Salary,Active,2023-02-08,0.0,3.83
9036,ACC00009036,5810,Salary,Active,2025-04-29,0.0,2.79
9037,ACC00009037,4161,Savings,Active,2018-01-19,0.0,4.44
9038,ACC00009038,9162,Fixed Deposit,Active,2023-11-07,0.0,7.88
9039,ACC00009039,3960,Savings,Active,2019-12-22,0.0,3.44
9040,ACC00009040,8607,Savings,Active,2018-06-02,0.0,4.6
9041,ACC00009041,3952,Current,Active,2022-03-03,1043800.0,3.77
9042,ACC00009042,2707,Savings,Active,2023-10-31,0.0,3.02
9043,ACC00009043,4344,Savings,Active,2020-02-23,0.0,4.8
9044,ACC00009044,7991,Savings,Active,2019-01-27,0.0,3.68
9045,ACC00009045,2788,Savings,Active,2024-08-07,0.0,3.42
9046,ACC00009046,5406,Current,Active,2020-05-02,1019300.0,4.63
9047,ACC00009047,1502,Savings,Active,2024-09-12,0.0,4.33
9048,ACC00009048,3387,Fixed Deposit,Dormant,2023-01-04,0.0,8.38
9049,ACC00009049,4391,Loan,Active,2021-11-22,1116600.0,11.21
9050,ACC00009050,8729,Savings,Active,2021-02-12,0.0,3.2
9051,ACC00009051,813,Current,Active,2025-10-01,447600.0,3.31
9052,ACC00009052,5640,Savings,Active,2020-09-10,0.0,3.31
9053,ACC00009053,3936,Savings,Active,2024-05-13,0.0,3.76
9054,ACC00009054,3692,Savings,Active,2025-10-04,0.0,4.01
9055,ACC00009055,4295,Current,Active,2025-11-26,546600.0,3.14
9056,ACC00009056,7611,Savings,Active,2025-11-12,0.0,3.59
9057,ACC00009057,4694,Savings,Active,2018-07-29,0.0,4.2
9058,ACC00009058,4829,Savings,Active,2021-05-18,0.0,3.63
9059,ACC00009059,7170,Savings,Active,2024-02-25,0.0,3.92
9060,ACC00009060,7409,Loan,Active,2018-11-16,736500.0,11.07
9061,ACC00009061,2959,Current,Active,2019-01-18,626700.0,4.51
9062,ACC00009062,8182,Savings,Active,2018-06-09,0.0,3.51
9063,ACC00009063,2906,Salary,Active,2021-11-13,0.0,4.62
9064,ACC00009064,9355,Fixed Deposit,Closed,2024-10-11,0.0,6.62
9065,ACC00009065,3572,Salary,Active,2019-10-24,0.0,3.98
9066,ACC00009066,7236,Savings,Active,2018-06-09,0.0,2.81
9067,ACC00009067,2352,Savings,Active,2023-09-21,0.0,3.77
9068,ACC00009068,3927,Savings,Active,2019-03-11,0.0,3.3
9069,ACC00009069,8509,Savings,Active,2020-11-10,0.0,3.14
9070,ACC00009070,583,Current,Active,2021-04-10,289700.0,4.78
9071,ACC00009071,2082,Savings,Closed,2025-03-17,0.0,3.46
9072,ACC00009072,7421,Salary,Active,2023-01-10,0.0,4.57
9073,ACC00009073,6000,Salary,Active,2023-01-20,0.0,4.56
9074,ACC00009074,6614,Current,Active,2020-06-08,1126600.0,4.42
9075,ACC00009075,9610,Savings,Active,2022-01-06,0.0,4.21
9076,ACC00009076,490,Fixed Deposit,Active,2023-03-17,0.0,5.61
9077,ACC00009077,6371,Savings,Active,2020-10-03,0.0,3.68
9078,ACC00009078,2779,Savings,Active,2018-09-28,0.0,4.93
9079,ACC00009079,4551,Savings,Active,2019-11-20,0.0,3.03
9080,ACC00009080,8597,Salary,Closed,2023-09-05,0.0,4.14
9081,ACC00009081,1915,Current,Active,2024-07-03,1179200.0,4.37
9082,ACC00009082,996,Savings,Active,2020-10-22,0.0,2.91
9083,ACC00009083,592,Current,Active,2025-07-23,1326400.0,3.74
9084,ACC00009084,6374,Fixed Deposit,Active,2019-09-04,0.0,6.03
9085,ACC00009085,4375,Current,Active,2024-03-07,1482600.0,3.82
9086,ACC00009086,4012,Fixed Deposit,Active,2025-10-10,0.0,6.2
9087,ACC00009087,9061,Loan,Active,2024-10-12,753300.0,12.64
9088,ACC00009088,749,Savings,Dormant,2023-12-15,0.0,3.75
9089,ACC00009089,1165,Current,Active,2018-02-21,1125400.0,2.69
9090,ACC00009090,5860,Fixed Deposit,Active,2021-07-14,0.0,6.85
9091,ACC00009091,5451,Current,Active,2025-07-26,670700.0,4.99
9092,ACC00009092,3518,Savings,Active,2025-09-16,0.0,4.93
9093,ACC00009093,6589,Current,Active,2022-04-29,755000.0,3.93
9094,ACC00009094,460,Salary,Active,2022-11-12,0.0,4.83
9095,ACC00009095,9130,Savings,Active,2022-07-28,0.0,3.92
9096,ACC00009096,6435,Savings,Closed,2022-05-26,0.0,4.82
9097,ACC00009097,6823,Savings,Active,2024-02-22,0.0,3.56
9098,ACC00009098,4315,Salary,Closed,2023-11-28,0.0,4.95
9099,ACC00009099,780,Savings,Active,2025-09-12,0.0,4.92
9100,ACC00009100,257,Savings,Active,2022-12-20,0.0,4.83
9101,ACC00009101,1229,Fixed Deposit,Blocked,2019-01-05,0.0,7.03
9102,ACC00009102,4082,Fixed Deposit,Active,2025-04-17,0.0,7.83
9103,ACC00009103,6440,Loan,Active,2025-11-06,1313800.0,8.07
9104,ACC00009104,646,Current,Active,2018-08-17,1903900.0,4.58
9105,ACC00009105,4527,Savings,Active,2022-07-04,0.0,4.05
9106,ACC00009106,5810,Salary,Active,2018-05-14,0.0,3.48
9107,ACC00009107,3052,Savings,Active,2021-02-07,0.0,4.95
9108,ACC00009108,7432,Savings,Active,2023-02-22,0.0,2.89
9109,ACC00009109,613,Loan,Dormant,2018-09-28,842800.0,12.31
9110,ACC00009110,6658,Savings,Active,2023-11-29,0.0,3.13
9111,ACC00009111,6898,Current,Active,2022-10-28,1713700.0,4.52
9112,ACC00009112,4356,Savings,Active,2021-09-02,0.0,5.0
9113,ACC00009113,1685,Savings,Active,2021-12-31,0.0,3.65
9114,ACC00009114,6965,Savings,Active,2024-02-07,0.0,4.61
9115,ACC00009115,9754,Savings,Active,2021-08-29,0.0,4.94
9116,ACC00009116,7070,Savings,Active,2022-05-22,0.0,4.71
9117,ACC00009117,6817,Savings,Active,2018-12-16,0.0,3.5
9118,ACC00009118,1996,Current,Active,2024-07-11,1544700.0,4.34
9119,ACC00009119,2566,Fixed Deposit,Active,2024-05-06,0.0,6.08
9120,ACC00009120,596,Savings,Active,2025-01-24,0.0,2.54
9121,ACC00009121,286,Savings,Active,2019-03-26,0.0,3.6
9122,ACC00009122,107,Savings,Active,2022-05-04,0.0,3.36
9123,ACC00009123,3080,Current,Active,2020-06-10,621000.0,4.06
9124,ACC00009124,1387,Salary,Active,2018-12-27,0.0,4.92
9125,ACC00009125,9888,Savings,Active,2019-07-18,0.0,2.99
9126,ACC00009126,9520,Savings,Active,2024-05-09,0.0,4.56
9127,ACC00009127,3012,Fixed Deposit,Active,2024-07-09,0.0,6.93
9128,ACC00009128,9475,Savings,Active,2018-09-26,0.0,3.45
9129,ACC00009129,4908,Current,Active,2023-09-06,1712600.0,4.55
9130,ACC00009130,6372,Salary,Active,2022-03-22,0.0,4.61
9131,ACC00009131,8496,Salary,Dormant,2022-08-26,0.0,4.29
9132,ACC00009132,3847,Current,Closed,2021-06-04,379400.0,2.66
9133,ACC00009133,3082,Savings,Dormant,2023-04-22,0.0,4.68
9134,ACC00009134,7649,Salary,Active,2018-10-17,0.0,4.59
9135,ACC00009135,5454,Current,Closed,2018-06-13,622800.0,3.19
9136,ACC00009136,4352,Savings,Closed,2024-09-19,0.0,4.0
9137,ACC00009137,5266,Salary,Active,2021-10-19,0.0,4.77
9138,ACC00009138,33,Savings,Active,2025-03-12,0.0,3.21
9139,ACC00009139,7670,Savings,Active,2025-03-07,0.0,3.54
9140,ACC00009140,7719,Savings,Active,2020-01-24,0.0,2.7
9141,ACC00009141,4608,Savings,Closed,2025-02-13,0.0,3.45
9142,ACC00009142,6328,Current,Blocked,2018-11-08,1034400.0,3.51
9143,ACC00009143,6578,Current,Active,2021-08-04,229800.0,4.6
9144,ACC00009144,412,Current,Active,2020-08-30,1946300.0,2.53
9145,ACC00009145,2114,Savings,Active,2020-09-10,0.0,3.78
9146,ACC00009146,3944,Savings,Active,2018-05-24,0.0,3.25
9147,ACC00009147,9631,Savings,Active,2024-06-26,0.0,4.04
9148,ACC00009148,6518,Savings,Active,2021-10-01,0.0,2.66
9149,ACC00009149,4448,Savings,Dormant,2021-11-24,0.0,3.58
9150,ACC00009150,8971,Salary,Active,2025-10-31,0.0,4.49
9151,ACC00009151,7673,Savings,Active,2018-02-12,0.0,3.01
9152,ACC00009152,8879,Salary,Blocked,2021-05-28,0.0,3.97
9153,ACC00009153,8128,Current,Closed,2019-02-08,1113200.0,3.55
9154,ACC00009154,60,Savings,Active,2020-02-26,0.0,3.65
9155,ACC00009155,6264,Loan,Closed,2019-01-27,299600.0,10.91
9156,ACC00009156,6051,Savings,Active,2024-07-12,0.0,3.22
9157,ACC00009157,4561,Current,Active,2021-05-19,996000.0,2.83
9158,ACC00009158,9780,Fixed Deposit,Active,2022-02-26,0.0,5.98
9159,ACC00009159,817,Savings,Active,2024-01-04,0.0,4.98
9160,ACC00009160,1387,Savings,Active,2025-01-12,0.0,4.87
9161,ACC00009161,5880,Current,Closed,2021-10-09,1367200.0,2.61
9162,ACC00009162,8358,Current,Active,2023-06-09,1726900.0,2.82
9163,ACC00009163,453,Savings,Active,2020-07-01,0.0,4.61
9164,ACC00009164,1871,Savings,Active,2021-02-20,0.0,2.94
9165,ACC00009165,9790,Savings,Closed,2025-09-01,0.0,3.49
9166,ACC00009166,672,Salary,Active,2019-10-12,0.0,2.72
9167,ACC00009167,4194,Loan,Active,2020-02-04,557800.0,8.35
9168,ACC00009168,4122,Loan,Blocked,2023-07-17,1586700.0,13.9
9169,ACC00009169,3443,Fixed Deposit,Active,2022-09-24,0.0,6.07
9170,ACC00009170,2447,Savings,Dormant,2025-06-03,0.0,2.92
9171,ACC00009171,9033,Current,Active,2025-03-31,915200.0,3.94
9172,ACC00009172,4962,Loan,Active,2019-05-09,1568500.0,10.81
9173,ACC00009173,7957,Fixed Deposit,Active,2022-09-06,0.0,8.25
9174,ACC00009174,8062,Savings,Closed,2024-01-24,0.0,5.0
9175,ACC00009175,4824,Savings,Active,2024-09-15,0.0,3.35
9176,ACC00009176,180,Savings,Active,2020-01-03,0.0,3.13
9177,ACC00009177,2064,Savings,Active,2018-09-30,0.0,4.05
9178,ACC00009178,8163,Salary,Active,2025-06-18,0.0,2.94
9179,ACC00009179,7322,Current,Active,2024-07-01,1301700.0,3.31
9180,ACC00009180,5612,Salary,Active,2018-09-11,0.0,3.95
9181,ACC00009181,8504,Loan,Active,2019-04-16,1243100.0,13.46
9182,ACC00009182,7297,Loan,Active,2021-11-16,989200.0,7.79
9183,ACC00009183,6996,Savings,Dormant,2019-11-27,0.0,3.26
9184,ACC00009184,4278,Savings,Active,2022-05-15,0.0,2.73
9185,ACC00009185,4846,Savings,Active,2019-09-08,0.0,2.78
9186,ACC00009186,5012,Fixed Deposit,Active,2024-02-05,0.0,5.56
9187,ACC00009187,807,Savings,Closed,2024-09-09,0.0,2.81
9188,ACC00009188,6404,Savings,Active,2018-03-22,0.0,4.18
9189,ACC00009189,4006,Current,Dormant,2022-02-25,430600.0,2.83
9190,ACC00009190,6318,Savings,Closed,2020-11-04,0.0,3.06
9191,ACC00009191,5406,Fixed Deposit,Active,2022-07-26,0.0,7.73
9192,ACC00009192,2980,Savings,Dormant,2020-07-28,0.0,4.52
9193,ACC00009193,2838,Current,Active,2020-11-06,119800.0,3.87
9194,ACC00009194,5010,Fixed Deposit,Active,2023-09-06,0.0,5.63
9195,ACC00009195,6021,Fixed Deposit,Active,2023-05-21,0.0,7.99
9196,ACC00009196,2860,Savings,Active,2023-06-27,0.0,3.34
9197,ACC00009197,478,Fixed Deposit,Active,2018-02-04,0.0,8.26
9198,ACC00009198,8103,Fixed Deposit,Closed,2023-04-17,0.0,6.3
9199,ACC00009199,9550,Savings,Active,2020-02-25,0.0,4.09
9200,ACC00009200,7957,Savings,Active,2018-08-07,0.0,3.96
9201,ACC00009201,5579,Loan,Active,2024-08-08,1700800.0,10.95
9202,ACC00009202,7968,Current,Active,2023-07-23,996200.0,3.15
9203,ACC00009203,9539,Savings,Dormant,2018-05-22,0.0,2.55
9204,ACC00009204,9862,Fixed Deposit,Active,2020-02-05,0.0,6.92
9205,ACC00009205,3450,Loan,Active,2018-01-15,301900.0,13.22
9206,ACC00009206,476,Savings,Active,2020-04-11,0.0,4.92
9207,ACC00009207,5343,Salary,Active,2022-04-10,0.0,4.3
9208,ACC00009208,2839,Salary,Active,2021-07-12,0.0,3.19
9209,ACC00009209,1894,Savings,Active,2022-04-14,0.0,3.99
9210,ACC00009210,7654,Current,Active,2022-05-30,600700.0,2.88
9211,ACC00009211,7029,Current,Active,2024-07-11,1151000.0,4.67
9212,ACC00009212,9798,Savings,Active,2025-09-05,0.0,3.33
9213,ACC00009213,2106,Current,Active,2020-03-05,1188000.0,4.81
9214,ACC00009214,4642,Savings,Active,2023-07-21,0.0,3.46
9215,ACC00009215,6653,Savings,Active,2022-07-28,0.0,2.59
9216,ACC00009216,2534,Savings,Active,2025-03-19,0.0,3.31
9217,ACC00009217,513,Current,Active,2024-05-27,1096900.0,4.43
9218,ACC00009218,5352,Loan,Active,2022-07-07,445900.0,13.98
9219,ACC00009219,8387,Fixed Deposit,Active,2022-08-15,0.0,7.53
9220,ACC00009220,4735,Loan,Active,2019-11-26,1318400.0,8.05
9221,ACC00009221,5841,Savings,Active,2025-02-23,0.0,4.06
9222,ACC00009222,5847,Fixed Deposit,Dormant,2023-07-06,0.0,5.86
9223,ACC00009223,4537,Savings,Active,2023-12-26,0.0,4.06
9224,ACC00009224,9666,Loan,Active,2021-12-26,1974700.0,9.93
9225,ACC00009225,759,Savings,Active,2018-12-14,0.0,4.36
9226,ACC00009226,8754,Savings,Active,2021-08-15,0.0,2.88
9227,ACC00009227,536,Savings,Active,2024-03-25,0.0,3.67
9228,ACC00009228,4162,Loan,Active,2025-01-12,1405500.0,10.84
9229,ACC00009229,9612,Current,Active,2019-12-23,430800.0,2.72
9230,ACC00009230,7146,Savings,Active,2018-12-03,0.0,2.78
9231,ACC00009231,5837,Savings,Active,2025-10-12,0.0,2.75
9232,ACC00009232,4618,Salary,Active,2021-01-21,0.0,3.26
9233,ACC00009233,2582,Savings,Blocked,2025-01-25,0.0,3.76
9234,ACC00009234,2413,Savings,Active,2022-09-04,0.0,4.02
9235,ACC00009235,4182,Current,Active,2022-05-02,955100.0,3.35
9236,ACC00009236,6148,Savings,Active,2025-01-22,0.0,2.89
9237,ACC00009237,8770,Savings,Active,2024-09-22,0.0,3.21
9238,ACC00009238,2390,Salary,Dormant,2024-11-05,0.0,2.86
9239,ACC00009239,8986,Current,Active,2018-03-03,206900.0,4.11
9240,ACC00009240,4630,Savings,Active,2024-02-21,0.0,3.87
9241,ACC00009241,1598,Savings,Active,2021-08-17,0.0,2.9
9242,ACC00009242,3859,Loan,Active,2022-01-31,1440400.0,7.92
9243,ACC00009243,1705,Savings,Active,2021-07-20,0.0,3.93
9244,ACC00009244,22,Savings,Active,2018-02-13,0.0,3.18
9245,ACC00009245,2837,Savings,Active,2024-10-31,0.0,2.95
9246,ACC00009246,9305,Current,Active,2018-03-06,1504900.0,4.61
9247,ACC00009247,22,Fixed Deposit,Active,2022-02-21,0.0,6.16
9248,ACC00009248,1929,Salary,Active,2019-08-07,0.0,3.54
9249,ACC00009249,7839,Salary,Active,2022-02-22,0.0,4.99
9250,ACC00009250,9729,Savings,Active,2025-05-27,0.0,3.61
9251,ACC00009251,4587,Current,Active,2024-09-19,1983400.0,3.45
9252,ACC00009252,5666,Savings,Active,2023-08-10,0.0,3.33
9253,ACC00009253,6585,Savings,Active,2021-07-03,0.0,3.06
9254,ACC00009254,7201,Fixed Deposit,Active,2019-05-06,0.0,7.36
9255,ACC00009255,5205,Current,Dormant,2022-08-19,1166600.0,4.35
9256,ACC00009256,9846,Savings,Active,2021-12-10,0.0,3.0
9257,ACC00009257,5787,Savings,Active,2019-11-28,0.0,3.92
9258,ACC00009258,7578,Loan,Active,2018-10-10,1925300.0,11.59
9259,ACC00009259,6163,Savings,Active,2025-01-22,0.0,3.95
9260,ACC00009260,3769,Savings,Dormant,2020-05-02,0.0,4.86
9261,ACC00009261,5108,Fixed Deposit,Active,2019-11-16,0.0,6.75
9262,ACC00009262,8418,Fixed Deposit,Active,2023-11-06,0.0,7.51
9263,ACC00009263,4702,Fixed Deposit,Active,2019-07-10,0.0,7.63
9264,ACC00009264,9358,Fixed Deposit,Active,2019-10-04,0.0,5.7
9265,ACC00009265,4951,Savings,Dormant,2021-05-25,0.0,4.46
9266,ACC00009266,4465,Savings,Active,2018-01-18,0.0,3.85
9267,ACC00009267,1671,Salary,Blocked,2018-10-09,0.0,3.28
9268,ACC00009268,9326,Loan,Active,2019-09-03,423500.0,9.35
9269,ACC00009269,218,Savings,Active,2023-06-11,0.0,4.47
9270,ACC00009270,4874,Current,Active,2025-11-06,1433800.0,2.86
9271,ACC00009271,1374,Loan,Active,2020-06-17,1731600.0,13.54
9272,ACC00009272,3118,Loan,Active,2019-04-23,783800.0,9.26
9273,ACC00009273,3694,Salary,Active,2018-01-07,0.0,3.99
9274,ACC00009274,3159,Current,Active,2020-03-27,1477300.0,2.8
9275,ACC00009275,4335,Current,Active,2020-09-10,1056300.0,2.79
9276,ACC00009276,2330,Loan,Dormant,2020-10-24,828300.0,9.93
9277,ACC00009277,3830,Salary,Active,2022-01-20,0.0,2.59
9278,ACC00009278,1027,Savings,Active,2019-05-17,0.0,3.85
9279,ACC00009279,4682,Savings,Active,2025-01-21,0.0,4.2
9280,ACC00009280,5149,Savings,Active,2022-08-20,0.0,3.62
9281,ACC00009281,7168,Current,Active,2021-01-15,438300.0,3.73
9282,ACC00009282,6287,Salary,Active,2025-09-13,0.0,2.7
9283,ACC00009283,9498,Savings,Active,2019-12-07,0.0,3.35
9284,ACC00009284,6651,Salary,Dormant,2023-11-01,0.0,4.19
9285,ACC00009285,1882,Current,Active,2022-07-18,1359700.0,3.52
9286,ACC00009286,9970,Savings,Active,2024-09-18,0.0,3.07
9287,ACC00009287,534,Loan,Active,2023-06-25,1931700.0,12.72
9288,ACC00009288,8894,Current,Active,2025-09-01,1618900.0,2.85
9289,ACC00009289,2303,Current,Active,2021-01-23,236700.0,3.53
9290,ACC00009290,2665,Savings,Active,2025-08-21,0.0,3.96
9291,ACC00009291,6133,Current,Active,2023-10-16,1445800.0,2.98
9292,ACC00009292,511,Savings,Active,2019-11-18,0.0,4.69
9293,ACC00009293,7862,Savings,Active,2023-04-23,0.0,3.42
9294,ACC00009294,7799,Current,Active,2024-09-10,1588900.0,2.64
9295,ACC00009295,8675,Salary,Active,2022-01-21,0.0,2.74
9296,ACC00009296,2187,Current,Dormant,2024-07-20,1416800.0,4.44
9297,ACC00009297,5889,Loan,Active,2024-09-14,1245200.0,10.35
9298,ACC00009298,8619,Salary,Active,2021-04-25,0.0,2.64
9299,ACC00009299,6562,Savings,Active,2021-07-08,0.0,3.11
9300,ACC00009300,7303,Savings,Active,2022-08-16,0.0,4.45
9301,ACC00009301,6815,Current,Active,2023-06-22,412100.0,3.04
9302,ACC00009302,6268,Savings,Active,2020-10-16,0.0,4.52
9303,ACC00009303,8504,Savings,Active,2024-03-14,0.0,4.27
9304,ACC00009304,5249,Loan,Dormant,2019-06-06,1188400.0,8.37
9305,ACC00009305,1178,Salary,Active,2021-11-22,0.0,2.73
9306,ACC00009306,8178,Salary,Active,2022-08-19,0.0,3.18
9307,ACC00009307,3357,Current,Active,2018-05-01,666300.0,3.27
9308,ACC00009308,1699,Fixed Deposit,Active,2024-05-26,0.0,6.38
9309,ACC00009309,9253,Savings,Active,2018-03-30,0.0,4.82
9310,ACC00009310,4874,Fixed Deposit,Active,2022-03-12,0.0,8.23
9311,ACC00009311,4805,Savings,Active,2024-10-17,0.0,4.58
9312,ACC00009312,114,Loan,Active,2019-06-29,1481900.0,7.54
9313,ACC00009313,5614,Fixed Deposit,Active,2020-11-17,0.0,5.7
9314,ACC00009314,8196,Savings,Active,2025-12-21,0.0,4.16
9315,ACC00009315,711,Savings,Blocked,2018-09-08,0.0,4.82
9316,ACC00009316,639,Savings,Active,2022-01-06,0.0,4.75
9317,ACC00009317,6771,Salary,Closed,2024-06-02,0.0,4.18
9318,ACC00009318,468,Salary,Active,2020-06-19,0.0,4.05
9319,ACC00009319,1884,Savings,Active,2022-11-02,0.0,2.95
9320,ACC00009320,4043,Savings,Dormant,2024-02-15,0.0,2.63
9321,ACC00009321,6321,Savings,Active,2021-04-08,0.0,4.55
9322,ACC00009322,9928,Savings,Active,2025-05-24,0.0,3.24
9323,ACC00009323,2611,Savings,Active,2025-08-20,0.0,3.97
9324,ACC00009324,2079,Savings,Active,2018-04-27,0.0,4.61
9325,ACC00009325,4267,Salary,Active,2021-09-11,0.0,4.71
9326,ACC00009326,1112,Savings,Dormant,2024-01-22,0.0,4.13
9327,ACC00009327,6835,Savings,Active,2023-09-29,0.0,2.84
9328,ACC00009328,4550,Savings,Active,2020-05-13,0.0,3.99
9329,ACC00009329,8971,Loan,Active,2024-04-21,1976300.0,8.8
9330,ACC00009330,2737,Salary,Active,2019-03-02,0.0,2.64
9331,ACC00009331,2576,Loan,Active,2023-05-19,1136300.0,13.79
9332,ACC00009332,6877,Fixed Deposit,Active,2025-01-21,0.0,6.0
9333,ACC00009333,5289,Current,Active,2020-12-06,400100.0,3.82
9334,ACC00009334,2477,Savings,Active,2024-12-04,0.0,4.54
9335,ACC00009335,1252,Savings,Dormant,2018-07-30,0.0,3.76
9336,ACC00009336,7179,Current,Active,2018-06-25,680200.0,3.1
9337,ACC00009337,7379,Current,Active,2023-01-26,651100.0,2.95
9338,ACC00009338,1358,Current,Active,2020-10-30,195900.0,4.8
9339,ACC00009339,7631,Savings,Closed,2019-05-20,0.0,3.56
9340,ACC00009340,3592,Salary,Dormant,2023-05-27,0.0,3.2
9341,ACC00009341,8972,Savings,Active,2023-06-08,0.0,3.77
9342,ACC00009342,5099,Savings,Active,2018-11-17,0.0,3.06
9343,ACC00009343,61,Current,Active,2024-10-22,1270400.0,3.23
9344,ACC00009344,1958,Fixed Deposit,Active,2020-12-22,0.0,7.31
9345,ACC00009345,4749,Salary,Active,2024-02-17,0.0,4.47
9346,ACC00009346,6307,Fixed Deposit,Blocked,2019-12-14,0.0,5.56
9347,ACC00009347,5438,Current,Dormant,2020-08-26,1000700.0,2.65
9348,ACC00009348,20,Current,Active,2023-10-22,768100.0,3.44
9349,ACC00009349,7734,Fixed Deposit,Closed,2023-06-09,0.0,7.85
9350,ACC00009350,1727,Savings,Active,2020-12-21,0.0,4.77
9351,ACC00009351,4968,Loan,Active,2018-02-08,1607400.0,10.88
9352,ACC00009352,4074,Current,Active,2020-01-07,1010100.0,2.93
9353,ACC00009353,4959,Savings,Active,2020-08-16,0.0,3.74
9354,ACC00009354,9848,Savings,Active,2019-12-22,0.0,3.29
9355,ACC00009355,9205,Savings,Active,2018-11-25,0.0,4.27
9356,ACC00009356,6450,Savings,Active,2024-01-14,0.0,4.93
9357,ACC00009357,9403,Savings,Active,2021-12-15,0.0,2.86
9358,ACC00009358,2577,Salary,Closed,2021-03-08,0.0,3.26
9359,ACC00009359,9012,Savings,Active,2024-09-29,0.0,3.93
9360,ACC00009360,1075,Salary,Active,2023-09-17,0.0,2.99
9361,ACC00009361,6725,Current,Dormant,2021-02-08,1561800.0,3.49
9362,ACC00009362,5570,Savings,Active,2018-03-08,0.0,4.54
9363,ACC00009363,2745,Savings,Active,2019-04-04,0.0,3.36
9364,ACC00009364,2959,Current,Active,2023-09-19,1436400.0,2.94
9365,ACC00009365,4181,Savings,Active,2019-01-09,0.0,3.34
9366,ACC00009366,2661,Savings,Active,2024-09-20,0.0,4.37
9367,ACC00009367,3406,Savings,Active,2021-08-05,0.0,3.23
9368,ACC00009368,6003,Savings,Active,2025-06-02,0.0,4.04
9369,ACC00009369,8834,Current,Active,2019-01-01,846500.0,4.53
9370,ACC00009370,795,Salary,Active,2023-10-26,0.0,2.93
9371,ACC00009371,7029,Loan,Active,2021-01-04,1864500.0,9.85
9372,ACC00009372,1043,Savings,Active,2025-08-02,0.0,3.55
9373,ACC00009373,4714,Current,Active,2020-02-12,51600.0,4.29
9374,ACC00009374,3056,Loan,Closed,2023-03-24,1938600.0,7.94
9375,ACC00009375,8350,Current,Active,2023-08-01,959200.0,4.83
9376,ACC00009376,4593,Current,Active,2018-12-21,1264200.0,3.41
9377,ACC00009377,6218,Savings,Active,2025-10-30,0.0,4.97
9378,ACC00009378,8159,Savings,Active,2022-05-18,0.0,3.87
9379,ACC00009379,4243,Savings,Active,2021-03-23,0.0,4.43
9380,ACC00009380,485,Loan,Active,2020-12-08,933900.0,13.4
9381,ACC00009381,8463,Current,Active,2020-06-22,877600.0,3.32
9382,ACC00009382,6044,Savings,Active,2018-06-05,0.0,4.19
9383,ACC00009383,6706,Salary,Active,2020-03-06,0.0,2.92
9384,ACC00009384,4897,Savings,Active,2019-07-19,0.0,4.77
9385,ACC00009385,6265,Fixed Deposit,Active,2021-04-28,0.0,6.11
9386,ACC00009386,5462,Salary,Active,2023-11-12,0.0,4.91
9387,ACC00009387,6342,Savings,Active,2024-03-12,0.0,3.45
9388,ACC00009388,642,Current,Active,2022-01-01,189900.0,3.08
9389,ACC00009389,3563,Fixed Deposit,Closed,2021-04-11,0.0,6.82
9390,ACC00009390,1195,Loan,Active,2021-07-10,494800.0,10.16
9391,ACC00009391,1178,Savings,Active,2023-08-20,0.0,2.6
9392,ACC00009392,8773,Savings,Active,2021-05-23,0.0,3.77
9393,ACC00009393,9495,Current,Closed,2022-03-24,570200.0,2.56
9394,ACC00009394,3974,Savings,Active,2021-07-19,0.0,4.5
9395,ACC00009395,573,Savings,Active,2020-02-14,0.0,3.63
9396,ACC00009396,2037,Salary,Active,2023-04-01,0.0,3.13
9397,ACC00009397,2401,Fixed Deposit,Active,2024-11-09,0.0,8.39
9398,ACC00009398,4890,Savings,Active,2018-08-13,0.0,3.99
9399,ACC00009399,7949,Loan,Active,2022-01-06,1759200.0,12.19
9400,ACC00009400,9616,Savings,Active,2020-08-27,0.0,4.6
9401,ACC00009401,9343,Savings,Dormant,2024-06-27,0.0,4.8
9402,ACC00009402,8492,Savings,Closed,2022-09-22,0.0,3.79
9403,ACC00009403,158,Fixed Deposit,Active,2019-12-28,0.0,8.05
9404,ACC00009404,4226,Loan,Active,2020-12-07,671800.0,13.53
9405,ACC00009405,4932,Current,Active,2025-06-21,257900.0,2.64
9406,ACC00009406,7373,Salary,Active,2020-01-18,0.0,3.59
9407,ACC00009407,550,Fixed Deposit,Active,2019-10-05,0.0,7.94
9408,ACC00009408,7633,Savings,Active,2024-06-06,0.0,3.03
9409,ACC00009409,9367,Current,Active,2020-02-25,1743600.0,2.68
9410,ACC00009410,8688,Loan,Active,2020-12-28,381100.0,9.12
9411,ACC00009411,1081,Savings,Active,2022-07-07,0.0,3.87
9412,ACC00009412,8393,Loan,Active,2023-10-19,1242000.0,12.42
9413,ACC00009413,3855,Salary,Active,2019-10-08,0.0,4.47
9414,ACC00009414,3906,Salary,Active,2023-05-26,0.0,2.73
9415,ACC00009415,1245,Savings,Active,2024-08-02,0.0,4.1
9416,ACC00009416,3791,Savings,Active,2022-03-06,0.0,4.76
9417,ACC00009417,6083,Savings,Closed,2018-08-01,0.0,4.16
9418,ACC00009418,9106,Loan,Active,2020-02-17,1916200.0,9.73
9419,ACC00009419,1509,Fixed Deposit,Active,2020-05-19,0.0,8.05
9420,ACC00009420,6116,Current,Active,2021-10-31,1465100.0,3.94
9421,ACC00009421,1831,Current,Active,2020-11-14,1070000.0,4.85
9422,ACC00009422,775,Savings,Active,2022-11-13,0.0,4.34
9423,ACC00009423,87,Savings,Active,2022-12-14,0.0,2.95
9424,ACC00009424,380,Savings,Active,2019-07-01,0.0,2.68
9425,ACC00009425,7962,Savings,Active,2018-12-18,0.0,4.63
9426,ACC00009426,4212,Savings,Active,2024-05-18,0.0,4.07
9427,ACC00009427,1871,Savings,Active,2020-10-04,0.0,4.35
9428,ACC00009428,5528,Salary,Active,2024-03-18,0.0,2.61
9429,ACC00009429,8408,Salary,Active,2021-10-15,0.0,2.66
9430,ACC00009430,6094,Savings,Active,2019-09-11,0.0,4.72
9431,ACC00009431,6653,Salary,Active,2020-10-28,0.0,3.03
9432,ACC00009432,2912,Savings,Active,2025-02-07,0.0,4.47
9433,ACC00009433,7907,Loan,Blocked,2021-11-21,156100.0,13.79
9434,ACC00009434,9121,Savings,Active,2022-11-04,0.0,4.2
9435,ACC00009435,5506,Current,Active,2025-09-14,1283400.0,4.69
9436,ACC00009436,8397,Savings,Blocked,2024-04-26,0.0,4.03
9437,ACC00009437,7101,Current,Active,2024-10-24,1160800.0,4.93
9438,ACC00009438,5090,Savings,Closed,2020-07-08,0.0,3.44
9439,ACC00009439,5707,Savings,Active,2020-10-05,0.0,2.57
9440,ACC00009440,9189,Savings,Active,2023-07-21,0.0,4.34
9441,ACC00009441,396,Savings,Active,2019-07-05,0.0,3.78
9442,ACC00009442,1618,Current,Active,2019-09-16,1195700.0,4.2
9443,ACC00009443,333,Fixed Deposit,Blocked,2018-12-24,0.0,6.79
9444,ACC00009444,6113,Current,Closed,2023-01-08,1842500.0,3.13
9445,ACC00009445,8626,Savings,Active,2023-10-19,0.0,3.02
9446,ACC00009446,4996,Savings,Active,2019-05-16,0.0,3.53
9447,ACC00009447,5797,Savings,Dormant,2019-07-24,0.0,3.96
9448,ACC00009448,7914,Savings,Active,2023-08-22,0.0,4.66
9449,ACC00009449,9420,Fixed Deposit,Active,2025-06-09,0.0,7.39
9450,ACC00009450,1989,Loan,Active,2018-08-18,874600.0,8.13
9451,ACC00009451,5849,Fixed Deposit,Active,2022-02-15,0.0,8.18
9452,ACC00009452,4404,Savings,Dormant,2025-02-04,0.0,4.44
9453,ACC00009453,8783,Savings,Active,2021-04-15,0.0,4.53
9454,ACC00009454,8148,Salary,Active,2021-07-12,0.0,4.99
9455,ACC00009455,7655,Salary,Active,2022-03-26,0.0,4.21
9456,ACC00009456,3404,Savings,Active,2024-10-11,0.0,2.71
9457,ACC00009457,7318,Fixed Deposit,Blocked,2019-07-17,0.0,8.1
9458,ACC00009458,1752,Fixed Deposit,Active,2020-11-04,0.0,7.64
9459,ACC00009459,7892,Salary,Active,2023-12-26,0.0,3.08
9460,ACC00009460,3312,Salary,Active,2018-05-05,0.0,3.78
9461,ACC00009461,7098,Salary,Active,2020-07-07,0.0,4.6
9462,ACC00009462,973,Savings,Active,2018-06-14,0.0,2.98
9463,ACC00009463,5785,Current,Active,2018-11-25,795000.0,4.11
9464,ACC00009464,2768,Current,Active,2022-12-30,570000.0,4.91
9465,ACC00009465,3038,Current,Dormant,2019-04-10,123600.0,3.92
9466,ACC00009466,4353,Current,Active,2018-10-18,1693900.0,4.96
9467,ACC00009467,540,Savings,Active,2019-10-20,0.0,4.67
9468,ACC00009468,735,Salary,Active,2021-03-06,0.0,3.47
9469,ACC00009469,4708,Savings,Active,2025-08-04,0.0,2.83
9470,ACC00009470,7600,Fixed Deposit,Active,2025-03-07,0.0,6.53
9471,ACC00009471,365,Fixed Deposit,Active,2024-02-15,0.0,7.85
9472,ACC00009472,5234,Current,Active,2024-08-09,878800.0,4.53
9473,ACC00009473,4034,Current,Active,2020-08-12,1266200.0,2.59
9474,ACC00009474,311,Savings,Active,2022-08-25,0.0,4.93
9475,ACC00009475,4453,Savings,Active,2021-08-11,0.0,3.14
9476,ACC00009476,2718,Savings,Closed,2019-07-31,0.0,3.86
9477,ACC00009477,8436,Salary,Active,2020-03-04,0.0,2.89
9478,ACC00009478,2530,Savings,Active,2024-02-26,0.0,3.04
9479,ACC00009479,7808,Savings,Active,2021-09-02,0.0,2.87
9480,ACC00009480,2177,Savings,Active,2025-02-24,0.0,4.81
9481,ACC00009481,2584,Savings,Active,2018-04-22,0.0,3.49
9482,ACC00009482,5515,Current,Closed,2018-08-04,349700.0,3.53
9483,ACC00009483,8294,Savings,Active,2018-12-24,0.0,4.6
9484,ACC00009484,9847,Salary,Active,2025-05-02,0.0,2.96
9485,ACC00009485,5382,Salary,Active,2025-02-16,0.0,4.82
9486,ACC00009486,8970,Current,Active,2018-06-22,1452000.0,2.59
9487,ACC00009487,5056,Current,Active,2023-10-22,1556300.0,4.78
9488,ACC00009488,2034,Savings,Active,2022-01-14,0.0,3.68
9489,ACC00009489,8560,Fixed Deposit,Active,2021-04-25,0.0,6.87
9490,ACC00009490,7794,Loan,Active,2018-07-09,1125200.0,9.31
9491,ACC00009491,3030,Salary,Active,2025-02-12,0.0,3.41
9492,ACC00009492,7441,Fixed Deposit,Active,2020-07-17,0.0,8.48
9493,ACC00009493,4611,Fixed Deposit,Active,2025-11-23,0.0,7.35
9494,ACC00009494,8956,Savings,Active,2024-01-30,0.0,4.59
9495,ACC00009495,1792,Fixed Deposit,Active,2025-03-16,0.0,6.87
9496,ACC00009496,7326,Savings,Closed,2019-02-16,0.0,3.15
9497,ACC00009497,6626,Fixed Deposit,Active,2020-07-21,0.0,8.3
9498,ACC00009498,3867,Current,Active,2022-10-07,1966500.0,4.13
9499,ACC00009499,9092,Savings,Active,2019-05-07,0.0,4.58
9500,ACC00009500,9633,Current,Active,2023-02-15,1228900.0,4.47
9501,ACC00009501,4011,Salary,Active,2025-05-03,0.0,3.71
9502,ACC00009502,5771,Current,Active,2018-10-06,1696700.0,4.96
9503,ACC00009503,6644,Current,Closed,2024-06-29,339400.0,2.84
9504,ACC00009504,3919,Savings,Active,2021-11-27,0.0,4.22
9505,ACC00009505,6996,Salary,Active,2020-03-11,0.0,3.61
9506,ACC00009506,3762,Salary,Active,2018-08-17,0.0,2.52
9507,ACC00009507,6834,Savings,Active,2018-03-20,0.0,3.67
9508,ACC00009508,9422,Savings,Active,2021-04-25,0.0,4.9
9509,ACC00009509,2840,Loan,Active,2024-11-07,422400.0,12.84
9510,ACC00009510,2872,Salary,Active,2020-11-06,0.0,2.7
9511,ACC00009511,1314,Current,Active,2018-10-06,1581400.0,3.71
9512,ACC00009512,2641,Savings,Active,2024-03-12,0.0,4.17
9513,ACC00009513,7304,Savings,Active,2022-06-22,0.0,4.56
9514,ACC00009514,4001,Savings,Active,2020-08-20,0.0,2.51
9515,ACC00009515,3347,Current,Active,2018-09-08,484500.0,3.58
9516,ACC00009516,396,Current,Active,2021-08-09,1842400.0,3.16
9517,ACC00009517,2052,Loan,Active,2022-04-17,499300.0,9.32
9518,ACC00009518,9439,Current,Active,2021-11-14,1108700.0,2.77
9519,ACC00009519,6591,Current,Active,2019-01-07,1214800.0,4.2
9520,ACC00009520,9388,Fixed Deposit,Active,2019-04-18,0.0,7.71
9521,ACC00009521,9592,Current,Active,2020-08-11,571000.0,3.71
9522,ACC00009522,4245,Salary,Active,2021-02-13,0.0,2.74
9523,ACC00009523,7463,Current,Closed,2022-02-19,1716200.0,4.59
9524,ACC00009524,2891,Savings,Active,2018-03-05,0.0,4.37
9525,ACC00009525,8737,Savings,Active,2023-02-09,0.0,3.25
9526,ACC00009526,4054,Current,Closed,2024-05-11,1671200.0,2.97
9527,ACC00009527,423,Loan,Active,2019-07-27,701000.0,9.95
9528,ACC00009528,6939,Loan,Active,2025-11-29,1296700.0,7.79
9529,ACC00009529,4828,Loan,Active,2019-11-24,1187700.0,7.74
9530,ACC00009530,4567,Fixed Deposit,Active,2019-11-05,0.0,5.8
9531,ACC00009531,8873,Savings,Active,2022-11-19,0.0,3.22
9532,ACC00009532,3850,Current,Active,2019-05-15,802900.0,3.67
9533,ACC00009533,5527,Current,Active,2024-05-16,1696600.0,4.54
9534,ACC00009534,3277,Current,Active,2022-10-23,1303700.0,4.4
9535,ACC00009535,671,Salary,Dormant,2025-08-15,0.0,2.9
9536,ACC00009536,2203,Savings,Active,2023-10-11,0.0,3.75
9537,ACC00009537,6413,Savings,Active,2020-05-31,0.0,2.51
9538,ACC00009538,9655,Loan,Dormant,2023-08-08,87900.0,14.12
9539,ACC00009539,2618,Fixed Deposit,Closed,2025-12-07,0.0,5.84
9540,ACC00009540,2813,Fixed Deposit,Active,2019-04-01,0.0,6.2
9541,ACC00009541,9519,Current,Active,2021-11-28,965900.0,4.84
9542,ACC00009542,98,Current,Active,2019-08-29,803100.0,4.5
9543,ACC00009543,3119,Current,Active,2025-11-03,1615100.0,3.06
9544,ACC00009544,1991,Savings,Active,2024-06-17,0.0,3.94
9545,ACC00009545,6956,Savings,Active,2022-05-17,0.0,4.94
9546,ACC00009546,5324,Savings,Active,2021-07-31,0.0,3.92
9547,ACC00009547,2662,Current,Active,2023-06-27,1820900.0,3.27
9548,ACC00009548,6150,Savings,Active,2018-10-12,0.0,3.89
9549,ACC00009549,346,Savings,Dormant,2019-06-22,0.0,2.66
9550,ACC00009550,8083,Loan,Dormant,2022-03-05,1508100.0,8.31
9551,ACC00009551,5385,Current,Active,2024-12-28,764100.0,4.47
9552,ACC00009552,3149,Current,Active,2020-08-25,1762200.0,4.62
9553,ACC00009553,1954,Savings,Active,2021-10-07,0.0,2.97
9554,ACC00009554,4799,Savings,Active,2021-12-25,0.0,2.69
9555,ACC00009555,2786,Savings,Active,2020-02-29,0.0,3.41
9556,ACC00009556,7901,Savings,Active,2025-11-03,0.0,4.28
9557,ACC00009557,8679,Fixed Deposit,Active,2020-03-10,0.0,7.96
9558,ACC00009558,9100,Fixed Deposit,Active,2023-12-06,0.0,7.08
9559,ACC00009559,7042,Salary,Active,2021-06-19,0.0,3.72
9560,ACC00009560,5039,Fixed Deposit,Active,2024-07-31,0.0,6.54
9561,ACC00009561,1124,Savings,Active,2025-07-29,0.0,3.01
9562,ACC00009562,9525,Savings,Active,2024-03-08,0.0,3.04
9563,ACC00009563,8274,Salary,Active,2025-09-10,0.0,3.65
9564,ACC00009564,6613,Loan,Active,2019-06-13,1508800.0,13.64
9565,ACC00009565,952,Salary,Active,2022-01-16,0.0,2.67
9566,ACC00009566,6678,Savings,Active,2022-02-16,0.0,2.76
9567,ACC00009567,121,Savings,Active,2018-06-15,0.0,4.09
9568,ACC00009568,2699,Savings,Active,2018-12-13,0.0,4.07
9569,ACC00009569,1639,Savings,Closed,2018-05-17,0.0,4.45
9570,ACC00009570,6696,Savings,Active,2023-10-15,0.0,4.2
9571,ACC00009571,7978,Savings,Active,2023-07-17,0.0,4.42
9572,ACC00009572,3847,Savings,Active,2021-10-24,0.0,4.91
9573,ACC00009573,8007,Savings,Active,2023-07-11,0.0,3.0
9574,ACC00009574,5688,Savings,Active,2022-05-16,0.0,4.37
9575,ACC00009575,9542,Savings,Active,2022-06-18,0.0,4.87
9576,ACC00009576,6234,Loan,Active,2023-09-05,462800.0,12.55
9577,ACC00009577,8137,Current,Active,2022-01-08,870600.0,3.32
9578,ACC00009578,7928,Fixed Deposit,Active,2019-05-28,0.0,6.6
9579,ACC00009579,5028,Savings,Active,2023-07-08,0.0,5.0
9580,ACC00009580,4483,Fixed Deposit,Active,2021-03-16,0.0,6.21
9581,ACC00009581,3069,Salary,Active,2019-09-27,0.0,4.63
9582,ACC00009582,3257,Loan,Closed,2022-02-09,1253100.0,11.01
9583,ACC00009583,2668,Savings,Dormant,2018-11-10,0.0,3.62
9584,ACC00009584,5568,Salary,Closed,2025-07-10,0.0,3.36
9585,ACC00009585,4254,Savings,Active,2025-12-15,0.0,3.98
9586,ACC00009586,6059,Savings,Active,2023-04-27,0.0,4.67
9587,ACC00009587,424,Salary,Dormant,2018-02-22,0.0,2.78
9588,ACC00009588,734,Loan,Active,2025-03-31,1948100.0,12.48
9589,ACC00009589,665,Savings,Active,2020-01-11,0.0,4.22
9590,ACC00009590,3422,Current,Active,2019-06-15,219600.0,4.43
9591,ACC00009591,5146,Savings,Active,2023-05-13,0.0,3.81
9592,ACC00009592,2371,Savings,Active,2022-02-12,0.0,3.09
9593,ACC00009593,8365,Salary,Active,2019-02-16,0.0,2.59
9594,ACC00009594,8905,Savings,Active,2019-01-22,0.0,4.93
9595,ACC00009595,5065,Salary,Active,2021-07-22,0.0,2.63
9596,ACC00009596,7259,Savings,Active,2022-12-21,0.0,3.95
9597,ACC00009597,632,Savings,Active,2019-11-27,0.0,3.24
9598,ACC00009598,4219,Current,Active,2018-12-13,1413600.0,4.3
9599,ACC00009599,7038,Savings,Blocked,2025-12-11,0.0,2.61
9600,ACC00009600,3537,Current,Active,2021-11-16,1181200.0,4.31
9601,ACC00009601,3543,Savings,Active,2019-04-10,0.0,3.17
9602,ACC00009602,7513,Savings,Active,2024-03-03,0.0,3.97
9603,ACC00009603,1311,Fixed Deposit,Blocked,2024-03-20,0.0,7.35
9604,ACC00009604,774,Salary,Active,2021-05-18,0.0,3.0
9605,ACC00009605,1509,Fixed Deposit,Active,2020-12-20,0.0,7.01
9606,ACC00009606,959,Savings,Active,2025-07-21,0.0,4.17
9607,ACC00009607,2722,Savings,Dormant,2019-07-03,0.0,2.53
9608,ACC00009608,152,Salary,Active,2022-05-06,0.0,3.77
9609,ACC00009609,4026,Fixed Deposit,Active,2024-03-06,0.0,5.9
9610,ACC00009610,5834,Current,Active,2021-08-17,605400.0,3.97
9611,ACC00009611,9594,Savings,Active,2018-07-13,0.0,4.54
9612,ACC00009612,2363,Salary,Active,2024-03-10,0.0,3.8
9613,ACC00009613,1816,Savings,Blocked,2019-07-03,0.0,3.52
9614,ACC00009614,8126,Savings,Active,2018-09-24,0.0,3.99
9615,ACC00009615,1330,Savings,Active,2020-02-02,0.0,3.11
9616,ACC00009616,9470,Savings,Dormant,2022-07-23,0.0,2.5
9617,ACC00009617,7645,Loan,Active,2025-09-12,1195100.0,8.42
9618,ACC00009618,1111,Fixed Deposit,Active,2021-03-16,0.0,8.23
9619,ACC00009619,1315,Current,Closed,2020-12-11,682300.0,4.24
9620,ACC00009620,6521,Loan,Active,2018-10-11,1081800.0,7.99
9621,ACC00009621,8022,Savings,Active,2019-08-17,0.0,2.73
9622,ACC00009622,7814,Savings,Active,2018-04-17,0.0,2.71
9623,ACC00009623,2744,Savings,Active,2021-08-09,0.0,3.64
9624,ACC00009624,5463,Loan,Active,2024-01-04,1562400.0,14.05
9625,ACC00009625,8957,Loan,Active,2024-07-09,317400.0,9.9
9626,ACC00009626,1893,Savings,Active,2021-09-01,0.0,3.4
9627,ACC00009627,938,Loan,Active,2020-02-08,920300.0,11.55
9628,ACC00009628,6036,Salary,Active,2022-06-15,0.0,3.58
9629,ACC00009629,2699,Savings,Active,2022-11-27,0.0,2.58
9630,ACC00009630,5464,Fixed Deposit,Active,2023-04-16,0.0,7.28
9631,ACC00009631,697,Fixed Deposit,Active,2023-01-09,0.0,7.29
9632,ACC00009632,9170,Savings,Dormant,2018-07-02,0.0,3.16
9633,ACC00009633,2311,Savings,Active,2019-04-30,0.0,4.56
9634,ACC00009634,3248,Salary,Dormant,2023-07-02,0.0,4.08
9635,ACC00009635,8789,Current,Active,2018-04-17,842200.0,3.88
9636,ACC00009636,5368,Savings,Active,2024-12-30,0.0,3.43
9637,ACC00009637,1615,Savings,Active,2022-04-15,0.0,3.66
9638,ACC00009638,4316,Savings,Active,2018-12-14,0.0,4.54
9639,ACC00009639,2652,Savings,Closed,2019-06-04,0.0,3.44
9640,ACC00009640,463,Savings,Active,2018-08-03,0.0,3.25
9641,ACC00009641,629,Salary,Active,2021-07-15,0.0,3.44
9642,ACC00009642,1243,Savings,Active,2020-04-20,0.0,3.33
9643,ACC00009643,6057,Fixed Deposit,Active,2025-06-12,0.0,7.74
9644,ACC00009644,6732,Savings,Dormant,2021-11-25,0.0,4.93
9645,ACC00009645,5311,Salary,Active,2023-11-20,0.0,2.58
9646,ACC00009646,7263,Fixed Deposit,Active,2020-07-28,0.0,5.84
9647,ACC00009647,3075,Salary,Active,2018-09-17,0.0,3.67
9648,ACC00009648,5433,Loan,Active,2025-11-12,509600.0,9.54
9649,ACC00009649,2246,Savings,Active,2024-08-14,0.0,3.42
9650,ACC00009650,5780,Savings,Active,2023-03-01,0.0,2.65
9651,ACC00009651,3251,Savings,Dormant,2025-12-13,0.0,3.58
9652,ACC00009652,3752,Current,Dormant,2023-01-15,402300.0,2.9
9653,ACC00009653,2625,Loan,Closed,2020-09-25,832800.0,8.24
9654,ACC00009654,4365,Savings,Active,2024-05-01,0.0,4.72
9655,ACC00009655,466,Salary,Active,2025-08-07,0.0,3.79
9656,ACC00009656,500,Savings,Active,2019-04-08,0.0,4.77
9657,ACC00009657,1972,Savings,Active,2024-09-04,0.0,3.43
9658,ACC00009658,8716,Savings,Closed,2020-04-03,0.0,4.28
9659,ACC00009659,8876,Current,Active,2022-04-05,780900.0,4.48
9660,ACC00009660,3354,Loan,Active,2022-03-03,729800.0,9.78
9661,ACC00009661,3882,Loan,Active,2019-02-24,892500.0,7.95
9662,ACC00009662,668,Savings,Active,2024-11-15,0.0,2.6
9663,ACC00009663,6873,Fixed Deposit,Dormant,2020-03-18,0.0,7.78
9664,ACC00009664,8661,Savings,Active,2025-06-24,0.0,4.46
9665,ACC00009665,4912,Savings,Dormant,2022-09-29,0.0,3.2
9666,ACC00009666,3506,Fixed Deposit,Dormant,2022-01-29,0.0,7.67
9667,ACC00009667,4337,Savings,Active,2021-07-12,0.0,3.17
9668,ACC00009668,1291,Fixed Deposit,Active,2020-11-23,0.0,6.92
9669,ACC00009669,9161,Fixed Deposit,Active,2025-11-14,0.0,7.1
9670,ACC00009670,3573,Savings,Active,2024-06-26,0.0,3.94
9671,ACC00009671,7972,Savings,Active,2024-08-18,0.0,4.34
9672,ACC00009672,6641,Fixed Deposit,Active,2018-04-04,0.0,7.79
9673,ACC00009673,8232,Current,Active,2023-02-18,1195200.0,2.69
9674,ACC00009674,3985,Salary,Active,2020-01-02,0.0,4.7
9675,ACC00009675,6949,Savings,Active,2021-09-15,0.0,3.57
9676,ACC00009676,689,Current,Dormant,2022-03-25,1714700.0,3.81
9677,ACC00009677,7861,Current,Active,2024-01-13,1463900.0,4.93
9678,ACC00009678,6508,Savings,Active,2023-08-26,0.0,3.2
9679,ACC00009679,7791,Savings,Active,2025-01-26,0.0,2.85
9680,ACC00009680,3909,Salary,Active,2024-01-20,0.0,4.14
9681,ACC00009681,7818,Savings,Dormant,2022-10-05,0.0,3.25
9682,ACC00009682,233,Current,Active,2020-11-13,1037100.0,4.63
9683,ACC00009683,2351,Savings,Blocked,2022-08-26,0.0,4.68
9684,ACC00009684,3792,Savings,Active,2023-05-19,0.0,2.75
9685,ACC00009685,8091,Salary,Active,2023-09-24,0.0,4.96
9686,ACC00009686,3104,Loan,Active,2025-06-17,525300.0,14.04
9687,ACC00009687,5432,Savings,Active,2019-06-22,0.0,2.65
9688,ACC00009688,3304,Current,Active,2024-02-04,451200.0,4.97
9689,ACC00009689,4973,Current,Active,2020-06-07,128700.0,2.62
9690,ACC00009690,7141,Savings,Active,2019-02-26,0.0,2.86
9691,ACC00009691,8095,Loan,Active,2019-01-14,964300.0,8.53
9692,ACC00009692,3699,Current,Active,2023-07-27,1783000.0,4.08
9693,ACC00009693,3875,Savings,Dormant,2020-10-31,0.0,4.76
9694,ACC00009694,2512,Savings,Active,2025-09-10,0.0,3.1
9695,ACC00009695,3688,Current,Active,2023-03-25,327900.0,3.43
9696,ACC00009696,4260,Loan,Active,2020-04-22,1260300.0,13.79
9697,ACC00009697,6224,Current,Active,2019-10-07,1724500.0,3.92
9698,ACC00009698,4401,Savings,Active,2021-09-21,0.0,4.38
9699,ACC00009699,2373,Savings,Active,2018-09-27,0.0,3.68
9700,ACC00009700,8303,Loan,Active,2025-09-08,1790100.0,12.38
9701,ACC00009701,7700,Savings,Active,2019-11-04,0.0,3.27
9702,ACC00009702,5542,Loan,Active,2022-12-02,355200.0,8.08
9703,ACC00009703,896,Current,Active,2023-01-17,785500.0,4.54
9704,ACC00009704,3255,Salary,Active,2022-08-08,0.0,4.19
9705,ACC00009705,9064,Savings,Active,2018-03-02,0.0,3.97
9706,ACC00009706,4939,Loan,Active,2025-03-20,1121700.0,12.58
9707,ACC00009707,8683,Savings,Blocked,2021-09-12,0.0,4.63
9708,ACC00009708,4785,Fixed Deposit,Blocked,2025-01-17,0.0,6.19
9709,ACC00009709,1036,Salary,Active,2020-12-15,0.0,4.66
9710,ACC00009710,9556,Salary,Active,2023-10-29,0.0,3.0
9711,ACC00009711,3355,Savings,Active,2023-05-05,0.0,4.07
9712,ACC00009712,4249,Savings,Active,2022-11-10,0.0,4.21
9713,ACC00009713,5554,Current,Active,2023-11-03,1158600.0,3.78
9714,ACC00009714,8546,Loan,Active,2024-04-03,486300.0,11.76
9715,ACC00009715,2083,Savings,Closed,2024-12-06,0.0,3.63
9716,ACC00009716,3574,Fixed Deposit,Active,2018-02-20,0.0,5.79
9717,ACC00009717,180,Savings,Active,2022-05-18,0.0,4.03
9718,ACC00009718,7656,Savings,Dormant,2019-05-06,0.0,3.35
9719,ACC00009719,9919,Savings,Active,2023-06-29,0.0,4.63
9720,ACC00009720,3912,Savings,Active,2020-09-29,0.0,3.97
9721,ACC00009721,3730,Salary,Dormant,2018-10-09,0.0,4.85
9722,ACC00009722,6262,Current,Active,2020-06-09,169400.0,3.98
9723,ACC00009723,8912,Current,Active,2021-01-05,1021700.0,4.05
9724,ACC00009724,979,Current,Active,2019-12-17,367400.0,4.57
9725,ACC00009725,3151,Savings,Active,2018-12-23,0.0,4.53
9726,ACC00009726,7645,Savings,Active,2023-11-02,0.0,3.71
9727,ACC00009727,847,Current,Dormant,2022-12-11,61600.0,2.61
9728,ACC00009728,7036,Current,Active,2024-01-26,729200.0,4.45
9729,ACC00009729,1297,Fixed Deposit,Dormant,2025-12-13,0.0,6.24
9730,ACC00009730,5647,Current,Active,2020-02-20,1113100.0,4.8
9731,ACC00009731,168,Salary,Active,2021-11-16,0.0,3.57
9732,ACC00009732,75,Savings,Active,2022-02-11,0.0,4.06
9733,ACC00009733,7427,Savings,Active,2019-05-08,0.0,3.96
9734,ACC00009734,3447,Savings,Active,2019-08-26,0.0,3.59
9735,ACC00009735,6902,Savings,Active,2025-10-17,0.0,3.92
9736,ACC00009736,7130,Current,Active,2025-11-20,202200.0,3.59
9737,ACC00009737,4153,Savings,Active,2025-10-21,0.0,2.95
9738,ACC00009738,5855,Savings,Closed,2019-09-24,0.0,3.82
9739,ACC00009739,5506,Salary,Closed,2019-05-27,0.0,2.89
9740,ACC00009740,1441,Loan,Dormant,2021-04-10,71800.0,12.99
9741,ACC00009741,4869,Loan,Active,2022-01-28,1860600.0,13.55
9742,ACC00009742,3509,Loan,Active,2020-05-03,63400.0,13.08
9743,ACC00009743,7163,Savings,Active,2021-10-24,0.0,3.14
9744,ACC00009744,9279,Salary,Active,2023-05-03,0.0,3.15
9745,ACC00009745,9272,Savings,Active,2023-01-25,0.0,3.18
9746,ACC00009746,6888,Fixed Deposit,Active,2018-09-25,0.0,6.11
9747,ACC00009747,5007,Savings,Closed,2019-10-07,0.0,3.43
9748,ACC00009748,8893,Fixed Deposit,Active,2022-01-18,0.0,5.57
9749,ACC00009749,4364,Current,Active,2025-08-01,698300.0,4.96
9750,ACC00009750,913,Savings,Active,2020-02-01,0.0,4.23
9751,ACC00009751,7818,Loan,Blocked,2019-02-14,320400.0,8.13
9752,ACC00009752,8919,Fixed Deposit,Active,2019-03-31,0.0,6.1
9753,ACC00009753,2324,Salary,Active,2018-10-02,0.0,2.54
9754,ACC00009754,2484,Savings,Active,2018-12-01,0.0,2.81
9755,ACC00009755,5612,Current,Active,2020-08-26,1353800.0,4.02
9756,ACC00009756,6536,Savings,Active,2019-12-26,0.0,5.0
9757,ACC00009757,4073,Salary,Active,2018-04-08,0.0,4.21
9758,ACC00009758,8407,Loan,Active,2025-06-02,514600.0,11.61
9759,ACC00009759,3701,Savings,Active,2022-08-16,0.0,4.87
9760,ACC00009760,2510,Savings,Active,2018-01-02,0.0,2.99
9761,ACC00009761,360,Fixed Deposit,Active,2023-01-14,0.0,5.88
9762,ACC00009762,4379,Savings,Active,2018-03-18,0.0,4.52
9763,ACC00009763,5611,Savings,Blocked,2022-08-05,0.0,4.55
9764,ACC00009764,8487,Loan,Closed,2019-05-09,1459600.0,12.86
9765,ACC00009765,4459,Salary,Active,2024-06-27,0.0,2.59
9766,ACC00009766,831,Savings,Active,2025-09-15,0.0,4.94
9767,ACC00009767,8684,Current,Active,2025-10-04,656800.0,3.22
9768,ACC00009768,363,Current,Active,2018-01-11,261300.0,2.58
9769,ACC00009769,2739,Salary,Active,2022-04-25,0.0,4.99
9770,ACC00009770,80,Savings,Dormant,2018-09-28,0.0,4.72
9771,ACC00009771,1265,Savings,Active,2024-04-07,0.0,2.96
9772,ACC00009772,4487,Fixed Deposit,Dormant,2018-02-26,0.0,6.33
9773,ACC00009773,7329,Savings,Active,2024-07-31,0.0,4.31
9774,ACC00009774,9796,Savings,Active,2024-08-25,0.0,4.86
9775,ACC00009775,5763,Salary,Active,2022-04-14,0.0,4.24
9776,ACC00009776,2857,Current,Active,2023-11-05,1547300.0,3.23
9777,ACC00009777,2651,Loan,Active,2023-03-18,1902600.0,9.7
9778,ACC00009778,8058,Current,Active,2023-07-20,1534200.0,2.65
9779,ACC00009779,7430,Savings,Active,2025-02-14,0.0,3.1
9780,ACC00009780,1982,Fixed Deposit,Active,2020-06-17,0.0,7.59
9781,ACC00009781,9526,Salary,Active,2019-10-24,0.0,3.22
9782,ACC00009782,9167,Savings,Active,2024-02-13,0.0,3.39
9783,ACC00009783,8089,Salary,Active,2019-07-14,0.0,3.8
9784,ACC00009784,8859,Savings,Active,2020-01-03,0.0,3.27
9785,ACC00009785,7148,Current,Active,2025-06-19,1346500.0,2.79
9786,ACC00009786,2829,Loan,Dormant,2020-04-15,397500.0,13.2
9787,ACC00009787,7892,Savings,Dormant,2021-10-07,0.0,2.57
9788,ACC00009788,2693,Savings,Active,2022-04-16,0.0,3.39
9789,ACC00009789,3046,Current,Active,2021-05-29,1022600.0,3.16
9790,ACC00009790,8519,Savings,Active,2024-11-07,0.0,4.07
9791,ACC00009791,5690,Savings,Active,2020-02-17,0.0,2.92
9792,ACC00009792,8133,Current,Active,2019-04-24,1355000.0,4.26
9793,ACC00009793,6693,Fixed Deposit,Active,2023-11-25,0.0,5.51
9794,ACC00009794,6877,Current,Active,2022-06-28,496300.0,3.75
9795,ACC00009795,5354,Savings,Active,2022-01-10,0.0,3.42
9796,ACC00009796,4731,Savings,Active,2021-06-15,0.0,2.86
9797,ACC00009797,1454,Fixed Deposit,Dormant,2019-03-28,0.0,7.14
9798,ACC00009798,8943,Loan,Active,2018-11-14,1027500.0,9.4
9799,ACC00009799,7679,Salary,Active,2019-10-24,0.0,4.1
9800,ACC00009800,4170,Savings,Active,2022-09-06,0.0,3.21
9801,ACC00009801,8888,Savings,Active,2024-11-15,0.0,4.05
9802,ACC00009802,4970,Savings,Active,2023-06-25,0.0,3.04
9803,ACC00009803,3694,Savings,Closed,2019-10-01,0.0,4.33
9804,ACC00009804,8031,Savings,Active,2024-10-20,0.0,3.12
9805,ACC00009805,9444,Salary,Active,2024-07-17,0.0,4.71
9806,ACC00009806,7278,Fixed Deposit,Active,2018-11-06,0.0,8.38
9807,ACC00009807,9478,Savings,Blocked,2021-10-22,0.0,3.3
9808,ACC00009808,3023,Savings,Active,2023-03-19,0.0,4.86
9809,ACC00009809,3160,Current,Active,2025-12-09,335800.0,2.83
9810,ACC00009810,1033,Savings,Active,2022-11-24,0.0,4.91
9811,ACC00009811,4161,Fixed Deposit,Active,2022-12-09,0.0,7.67
9812,ACC00009812,4914,Savings,Active,2022-03-24,0.0,3.96
9813,ACC00009813,6543,Savings,Active,2018-02-23,0.0,4.49
9814,ACC00009814,826,Fixed Deposit,Active,2024-09-17,0.0,5.85
9815,ACC00009815,9862,Salary,Active,2025-11-15,0.0,4.25
9816,ACC00009816,4815,Current,Dormant,2019-08-03,1750000.0,2.57
9817,ACC00009817,1019,Savings,Active,2023-11-18,0.0,3.29
9818,ACC00009818,3399,Savings,Blocked,2021-02-13,0.0,3.27
9819,ACC00009819,6446,Savings,Active,2019-11-21,0.0,2.67
9820,ACC00009820,347,Savings,Active,2024-06-19,0.0,4.4
9821,ACC00009821,906,Fixed Deposit,Active,2025-10-14,0.0,6.11
9822,ACC00009822,3680,Loan,Active,2024-11-18,361700.0,8.85
9823,ACC00009823,6693,Savings,Active,2019-12-16,0.0,4.15
9824,ACC00009824,6454,Savings,Active,2023-05-28,0.0,4.08
9825,ACC00009825,740,Savings,Active,2020-09-28,0.0,2.74
9826,ACC00009826,1998,Savings,Closed,2022-11-13,0.0,3.01
9827,ACC00009827,9511,Savings,Closed,2025-01-04,0.0,3.34
9828,ACC00009828,3632,Savings,Active,2018-11-19,0.0,3.19
9829,ACC00009829,2306,Loan,Active,2018-11-20,755000.0,10.26
9830,ACC00009830,664,Current,Active,2022-12-10,691700.0,3.22
9831,ACC00009831,9226,Salary,Active,2021-04-23,0.0,4.27
9832,ACC00009832,6275,Savings,Active,2025-02-20,0.0,4.15
9833,ACC00009833,4286,Current,Active,2018-12-24,463100.0,2.52
9834,ACC00009834,8610,Savings,Active,2025-10-05,0.0,2.96
9835,ACC00009835,2010,Fixed Deposit,Active,2023-07-19,0.0,6.25
9836,ACC00009836,6398,Salary,Closed,2025-11-28,0.0,3.88
9837,ACC00009837,8870,Savings,Active,2022-10-24,0.0,3.3
9838,ACC00009838,2998,Salary,Active,2022-04-19,0.0,4.65
9839,ACC00009839,8789,Savings,Active,2021-03-21,0.0,3.75
9840,ACC00009840,7204,Savings,Active,2022-02-17,0.0,3.88
9841,ACC00009841,8001,Savings,Active,2020-09-17,0.0,4.38
9842,ACC00009842,5884,Salary,Active,2024-06-02,0.0,3.74
9843,ACC00009843,428,Fixed Deposit,Active,2022-06-11,0.0,8.22
9844,ACC00009844,4028,Current,Blocked,2023-09-20,1352700.0,2.91
9845,ACC00009845,9558,Salary,Active,2024-06-19,0.0,4.56
9846,ACC00009846,8558,Current,Active,2021-12-24,661600.0,4.47
9847,ACC00009847,4015,Current,Dormant,2018-09-21,1552600.0,2.54
9848,ACC00009848,8162,Savings,Closed,2021-02-12,0.0,3.9
9849,ACC00009849,1504,Savings,Dormant,2019-06-04,0.0,3.52
9850,ACC00009850,3967,Savings,Active,2022-01-11,0.0,2.77
9851,ACC00009851,1502,Savings,Active,2018-09-25,0.0,3.74
9852,ACC00009852,8356,Savings,Active,2021-05-18,0.0,4.85
9853,ACC00009853,6587,Salary,Active,2021-04-02,0.0,3.68
9854,ACC00009854,6879,Savings,Active,2025-02-04,0.0,4.03
9855,ACC00009855,581,Current,Active,2019-07-24,1521400.0,4.79
9856,ACC00009856,4238,Savings,Closed,2024-09-27,0.0,3.04
9857,ACC00009857,1125,Savings,Active,2022-08-12,0.0,3.59
9858,ACC00009858,6093,Savings,Active,2020-02-17,0.0,3.1
9859,ACC00009859,3860,Savings,Active,2021-01-10,0.0,4.98
9860,ACC00009860,9756,Fixed Deposit,Active,2025-05-14,0.0,7.66
9861,ACC00009861,262,Savings,Active,2018-05-29,0.0,4.62
9862,ACC00009862,790,Current,Active,2024-05-23,147300.0,3.52
9863,ACC00009863,7511,Salary,Active,2020-05-16,0.0,4.95
9864,ACC00009864,4349,Loan,Active,2022-01-31,335900.0,13.33
9865,ACC00009865,1160,Savings,Dormant,2022-05-16,0.0,4.09
9866,ACC00009866,1665,Salary,Active,2018-06-14,0.0,3.92
9867,ACC00009867,7869,Savings,Active,2019-01-22,0.0,2.77
9868,ACC00009868,2727,Fixed Deposit,Active,2025-04-10,0.0,6.45
9869,ACC00009869,4689,Savings,Active,2020-01-05,0.0,4.07
9870,ACC00009870,7730,Salary,Active,2022-09-23,0.0,3.21
9871,ACC00009871,7504,Salary,Closed,2022-11-30,0.0,3.33
9872,ACC00009872,5385,Current,Active,2022-03-21,517900.0,2.58
9873,ACC00009873,521,Savings,Closed,2023-02-05,0.0,3.05
9874,ACC00009874,5083,Savings,Active,2019-12-13,0.0,3.57
9875,ACC00009875,7756,Savings,Closed,2024-01-24,0.0,3.15
9876,ACC00009876,5026,Salary,Active,2023-10-31,0.0,3.0
9877,ACC00009877,2199,Savings,Active,2021-07-24,0.0,4.04
9878,ACC00009878,483,Current,Active,2022-12-29,1043200.0,3.92
9879,ACC00009879,4328,Savings,Active,2022-11-30,0.0,4.73
9880,ACC00009880,265,Current,Closed,2021-12-26,715400.0,3.8
9881,ACC00009881,6605,Savings,Active,2020-09-29,0.0,3.88
9882,ACC00009882,1396,Salary,Active,2021-08-20,0.0,3.13
9883,ACC00009883,1714,Savings,Dormant,2019-10-26,0.0,4.75
9884,ACC00009884,121,Savings,Active,2025-02-21,0.0,4.93
9885,ACC00009885,5163,Salary,Active,2018-03-24,0.0,3.71
9886,ACC00009886,8322,Current,Active,2025-12-12,882800.0,2.68
9887,ACC00009887,9133,Salary,Active,2024-03-09,0.0,3.18
9888,ACC00009888,441,Salary,Active,2024-05-22,0.0,2.53
9889,ACC00009889,4411,Fixed Deposit,Closed,2018-12-13,0.0,6.96
9890,ACC00009890,6767,Fixed Deposit,Active,2019-04-20,0.0,8.45
9891,ACC00009891,9116,Salary,Active,2020-10-19,0.0,4.11
9892,ACC00009892,8912,Savings,Closed,2019-07-15,0.0,4.57
9893,ACC00009893,3969,Savings,Active,2024-08-09,0.0,4.67
9894,ACC00009894,8599,Current,Dormant,2020-06-21,1793400.0,3.15
9895,ACC00009895,5768,Savings,Active,2023-08-27,0.0,3.88
9896,ACC00009896,6132,Current,Active,2023-01-08,1846300.0,4.25
9897,ACC00009897,4680,Salary,Active,2020-09-23,0.0,4.32
9898,ACC00009898,5377,Savings,Active,2025-05-24,0.0,2.59
9899,ACC00009899,8971,Fixed Deposit,Active,2022-08-02,0.0,6.99
9900,ACC00009900,8,Savings,Closed,2019-10-30,0.0,3.45
9901,ACC00009901,8755,Savings,Active,2022-12-05,0.0,3.17
9902,ACC00009902,8558,Current,Active,2020-06-29,1682200.0,4.45
9903,ACC00009903,6344,Current,Closed,2024-07-13,71800.0,2.88
9904,ACC00009904,6616,Fixed Deposit,Active,2018-11-20,0.0,6.59
9905,ACC00009905,748,Savings,Active,2025-07-04,0.0,4.65
9906,ACC00009906,6226,Current,Dormant,2021-09-20,1371400.0,3.79
9907,ACC00009907,5321,Fixed Deposit,Active,2025-01-10,0.0,7.6
9908,ACC00009908,9892,Salary,Active,2024-04-11,0.0,3.46
9909,ACC00009909,4134,Current,Active,2024-09-21,572700.0,2.92
9910,ACC00009910,3853,Fixed Deposit,Active,2019-09-10,0.0,6.65
9911,ACC00009911,4916,Salary,Blocked,2024-07-10,0.0,2.52
9912,ACC00009912,3656,Savings,Active,2021-09-08,0.0,4.94
9913,ACC00009913,5772,Savings,Active,2023-06-30,0.0,4.44
9914,ACC00009914,2868,Salary,Active,2020-10-20,0.0,2.5
9915,ACC00009915,4066,Salary,Active,2025-06-13,0.0,4.57
9916,ACC00009916,1412,Savings,Active,2022-10-12,0.0,2.95
9917,ACC00009917,9912,Savings,Active,2025-02-14,0.0,4.82
9918,ACC00009918,4615,Current,Active,2025-07-09,1713800.0,3.0
9919,ACC00009919,4919,Savings,Active,2021-06-04,0.0,3.03
9920,ACC00009920,9342,Salary,Active,2020-07-23,0.0,4.84
9921,ACC00009921,3660,Current,Active,2021-05-15,1200900.0,3.73
9922,ACC00009922,9663,Fixed Deposit,Active,2019-01-20,0.0,6.84
9923,ACC00009923,4485,Current,Active,2018-03-31,1253300.0,3.9
9924,ACC00009924,7648,Savings,Active,2019-06-29,0.0,4.02
9925,ACC00009925,4340,Fixed Deposit,Active,2020-03-19,0.0,6.15
9926,ACC00009926,5598,Salary,Active,2024-09-02,0.0,3.59
9927,ACC00009927,3326,Savings,Active,2018-08-05,0.0,4.4
9928,ACC00009928,1185,Savings,Active,2023-11-06,0.0,4.29
9929,ACC00009929,7593,Savings,Active,2020-01-06,0.0,2.52
9930,ACC00009930,1155,Current,Active,2025-04-02,1916300.0,3.49
9931,ACC00009931,8486,Current,Active,2023-11-08,922600.0,3.43
9932,ACC00009932,4329,Savings,Closed,2019-12-01,0.0,4.88
9933,ACC00009933,2594,Savings,Active,2021-12-22,0.0,2.58
9934,ACC00009934,9806,Savings,Dormant,2024-06-26,0.0,3.17
9935,ACC00009935,2285,Salary,Active,2018-04-24,0.0,2.74
9936,ACC00009936,3438,Savings,Closed,2023-06-21,0.0,2.54
9937,ACC00009937,2641,Current,Active,2025-10-16,1889500.0,3.99
9938,ACC00009938,5711,Savings,Active,2024-09-25,0.0,4.29
9939,ACC00009939,1831,Fixed Deposit,Active,2023-02-26,0.0,7.26
9940,ACC00009940,3561,Salary,Active,2024-12-22,0.0,4.63
9941,ACC00009941,2668,Loan,Active,2024-08-19,763100.0,14.1
9942,ACC00009942,7998,Fixed Deposit,Blocked,2023-03-31,0.0,6.1
9943,ACC00009943,9019,Savings,Active,2021-11-17,0.0,4.61
9944,ACC00009944,967,Salary,Dormant,2018-06-11,0.0,4.55
9945,ACC00009945,8432,Savings,Active,2018-10-01,0.0,3.81
9946,ACC00009946,9507,Current,Active,2018-02-09,1609900.0,4.95
9947,ACC00009947,3700,Salary,Dormant,2025-11-03,0.0,2.56
9948,ACC00009948,8692,Salary,Active,2019-10-18,0.0,4.57
9949,ACC00009949,808,Current,Active,2024-07-01,1120500.0,4.72
9950,ACC00009950,1445,Savings,Active,2021-04-19,0.0,3.75
9951,ACC00009951,3827,Loan,Active,2023-10-24,1396500.0,8.99
9952,ACC00009952,5562,Savings,Active,2021-01-31,0.0,4.01
9953,ACC00009953,3100,Savings,Active,2021-11-11,0.0,3.0
9954,ACC00009954,7238,Savings,Active,2018-11-16,0.0,3.87
9955,ACC00009955,9540,Fixed Deposit,Active,2019-01-18,0.0,8.42
9956,ACC00009956,1633,Salary,Active,2024-08-19,0.0,4.4
9957,ACC00009957,9784,Savings,Active,2019-07-22,0.0,4.62
9958,ACC00009958,9221,Savings,Active,2019-08-01,0.0,3.94
9959,ACC00009959,2441,Savings,Dormant,2025-01-10,0.0,3.63
9960,ACC00009960,6247,Savings,Blocked,2023-11-26,0.0,4.25
9961,ACC00009961,4434,Current,Dormant,2019-07-27,1384100.0,3.3
9962,ACC00009962,9184,Savings,Active,2024-09-05,0.0,3.78
9963,ACC00009963,3708,Savings,Active,2024-04-16,0.0,2.78
9964,ACC00009964,8994,Current,Active,2025-11-20,142200.0,4.3
9965,ACC00009965,8155,Current,Active,2025-07-25,858800.0,2.94
9966,ACC00009966,3429,Savings,Active,2020-06-14,0.0,4.1
9967,ACC00009967,1660,Current,Active,2025-04-15,1529300.0,4.64
9968,ACC00009968,8999,Fixed Deposit,Active,2019-10-01,0.0,6.44
9969,ACC00009969,3180,Current,Active,2021-06-24,383700.0,4.66
9970,ACC00009970,388,Loan,Active,2019-06-01,241300.0,12.24
9971,ACC00009971,5129,Current,Active,2024-05-23,205100.0,3.54
9972,ACC00009972,3361,Savings,Active,2022-05-16,0.0,3.92
9973,ACC00009973,6086,Loan,Active,2024-04-06,195500.0,8.86
9974,ACC00009974,4144,Savings,Active,2024-02-02,0.0,4.05
9975,ACC00009975,3409,Fixed Deposit,Active,2020-09-20,0.0,5.81
9976,ACC00009976,6605,Savings,Active,2020-02-18,0.0,3.39
9977,ACC00009977,8988,Salary,Active,2021-07-14,0.0,4.62
9978,ACC00009978,6007,Fixed Deposit,Active,2024-04-02,0.0,6.76
9979,ACC00009979,1653,Savings,Active,2024-11-26,0.0,3.56
9980,ACC00009980,3327,Loan,Active,2020-02-13,1955200.0,13.89
9981,ACC00009981,363,Current,Active,2021-08-04,288700.0,2.81
9982,ACC00009982,1901,Current,Active,2025-03-01,350900.0,4.16
9983,ACC00009983,3503,Savings,Dormant,2019-06-25,0.0,4.41
9984,ACC00009984,3833,Savings,Active,2020-05-25,0.0,4.23
9985,ACC00009985,6219,Current,Active,2019-12-29,814300.0,4.04
9986,ACC00009986,9874,Savings,Active,2023-06-07,0.0,4.51
9987,ACC00009987,1520,Current,Active,2025-11-19,177200.0,4.17
9988,ACC00009988,5222,Current,Dormant,2022-04-04,398900.0,4.97
9989,ACC00009989,8234,Savings,Dormant,2023-06-11,0.0,2.79
9990,ACC00009990,7204,Salary,Active,2022-02-05,0.0,4.36
9991,ACC00009991,2409,Current,Active,2018-08-11,1607500.0,2.82
9992,ACC00009992,3746,Savings,Closed,2022-05-20,0.0,4.69
9993,ACC00009993,5965,Fixed Deposit,Active,2020-03-29,0.0,7.1
9994,ACC00009994,3995,Current,Dormant,2024-08-19,1631100.0,2.61
9995,ACC00009995,4708,Savings,Dormant,2023-10-30,0.0,3.19
9996,ACC00009996,2637,Savings,Active,2020-08-06,0.0,2.56
9997,ACC00009997,6535,Fixed Deposit,Active,2018-04-13,0.0,6.64
9998,ACC00009998,9661,Savings,Active,2019-03-10,0.0,4.52
9999,ACC00009999,6637,Salary,Active,2019-03-08,0.0,3.45
10000,ACC00010000,7681,Salary,Active,2021-09-24,0.0,4.14
10001,ACC00010001,7657,Savings,Active,2021-02-08,0.0,4.0
10002,ACC00010002,5525,Loan,Active,2022-09-01,1275300.0,10.61
10003,ACC00010003,7696,Current,Active,2025-06-15,1893800.0,3.04
10004,ACC00010004,9117,Current,Active,2025-11-21,935600.0,4.47
10005,ACC00010005,2643,Salary,Active,2019-10-17,0.0,3.26
10006,ACC00010006,91,Current,Closed,2020-09-27,1159000.0,4.24
10007,ACC00010007,5360,Fixed Deposit,Active,2022-07-19,0.0,5.85
10008,ACC00010008,4699,Savings,Active,2025-12-02,0.0,3.71
10009,ACC00010009,5262,Fixed Deposit,Closed,2023-09-01,0.0,8.33
10010,ACC00010010,9519,Savings,Active,2022-09-14,0.0,4.56
10011,ACC00010011,2748,Salary,Active,2023-02-12,0.0,3.83
10012,ACC00010012,5716,Loan,Active,2022-08-13,680300.0,8.63
10013,ACC00010013,3189,Salary,Active,2022-07-30,0.0,2.56
10014,ACC00010014,7424,Savings,Active,2025-11-15,0.0,2.54
10015,ACC00010015,7706,Current,Active,2023-11-09,1037700.0,2.53
10016,ACC00010016,7442,Loan,Blocked,2021-08-09,1043000.0,14.04
10017,ACC00010017,164,Current,Active,2020-11-21,239200.0,4.63
10018,ACC00010018,3294,Fixed Deposit,Active,2020-07-03,0.0,7.91
10019,ACC00010019,9555,Savings,Blocked,2019-01-25,0.0,4.19
10020,ACC00010020,3069,Fixed Deposit,Active,2022-04-04,0.0,6.97
10021,ACC00010021,7230,Savings,Dormant,2024-12-30,0.0,3.99
10022,ACC00010022,6082,Loan,Active,2022-03-23,1991200.0,7.93
10023,ACC00010023,138,Savings,Active,2025-04-06,0.0,3.81
10024,ACC00010024,1841,Savings,Dormant,2023-03-28,0.0,2.98
10025,ACC00010025,8299,Salary,Active,2025-07-25,0.0,4.93
10026,ACC00010026,1719,Salary,Active,2018-04-21,0.0,4.9
10027,ACC00010027,2099,Savings,Active,2022-11-12,0.0,4.91
10028,ACC00010028,1686,Current,Active,2020-02-11,1526400.0,2.71
10029,ACC00010029,681,Savings,Active,2020-06-13,0.0,3.56
10030,ACC00010030,6197,Savings,Active,2023-07-31,0.0,3.63
10031,ACC00010031,2354,Savings,Active,2023-10-11,0.0,3.61
10032,ACC00010032,7179,Savings,Active,2021-06-02,0.0,2.66
10033,ACC00010033,7529,Current,Active,2021-10-04,1541100.0,3.37
10034,ACC00010034,6719,Savings,Active,2023-06-22,0.0,3.55
10035,ACC00010035,1139,Savings,Active,2018-01-21,0.0,4.24
10036,ACC00010036,1672,Loan,Active,2018-01-15,1371600.0,11.37
10037,ACC00010037,2643,Current,Active,2019-10-12,971200.0,3.74
10038,ACC00010038,7753,Savings,Closed,2025-08-29,0.0,4.89
10039,ACC00010039,2888,Savings,Active,2019-06-13,0.0,4.82
10040,ACC00010040,5135,Current,Active,2023-08-11,1236400.0,3.11
10041,ACC00010041,1935,Savings,Closed,2025-02-02,0.0,4.88
10042,ACC00010042,1385,Loan,Active,2021-07-04,1378800.0,8.43
10043,ACC00010043,5895,Savings,Active,2019-05-12,0.0,3.7
10044,ACC00010044,213,Savings,Active,2022-09-16,0.0,3.81
10045,ACC00010045,2158,Fixed Deposit,Active,2025-05-17,0.0,6.69
10046,ACC00010046,410,Fixed Deposit,Active,2020-12-02,0.0,5.54
10047,ACC00010047,3393,Fixed Deposit,Active,2020-08-04,0.0,8.23
10048,ACC00010048,7091,Fixed Deposit,Active,2023-11-18,0.0,7.99
10049,ACC00010049,5978,Savings,Active,2018-03-04,0.0,3.6
10050,ACC00010050,8090,Salary,Active,2021-03-02,0.0,3.51
10051,ACC00010051,1372,Fixed Deposit,Active,2019-06-29,0.0,6.19
10052,ACC00010052,2569,Fixed Deposit,Active,2018-06-19,0.0,6.32
10053,ACC00010053,4250,Current,Closed,2022-10-01,1715900.0,2.63
10054,ACC00010054,6003,Salary,Closed,2023-08-10,0.0,3.98
10055,ACC00010055,9733,Loan,Active,2021-05-27,1638700.0,14.18
10056,ACC00010056,6766,Current,Active,2019-04-16,754800.0,2.95
10057,ACC00010057,8599,Savings,Active,2021-05-12,0.0,2.97
10058,ACC00010058,1244,Savings,Active,2022-02-24,0.0,3.37
10059,ACC00010059,6629,Savings,Active,2025-04-07,0.0,2.93
10060,ACC00010060,9925,Current,Dormant,2021-01-16,1068400.0,3.61
10061,ACC00010061,5949,Current,Active,2020-06-21,420900.0,2.69
10062,ACC00010062,1252,Savings,Active,2024-02-22,0.0,4.71
10063,ACC00010063,9189,Savings,Active,2025-04-08,0.0,2.54
10064,ACC00010064,9391,Savings,Active,2025-01-30,0.0,4.39
10065,ACC00010065,2057,Savings,Active,2021-04-01,0.0,4.07
10066,ACC00010066,5323,Current,Active,2020-11-23,313600.0,3.03
10067,ACC00010067,9861,Salary,Blocked,2022-05-19,0.0,4.85
10068,ACC00010068,4299,Loan,Active,2025-07-08,176800.0,11.67
10069,ACC00010069,2563,Current,Dormant,2024-09-02,169200.0,4.63
10070,ACC00010070,5466,Savings,Active,2019-10-16,0.0,3.17
10071,ACC00010071,3849,Salary,Dormant,2025-05-15,0.0,3.66
10072,ACC00010072,5112,Fixed Deposit,Active,2019-09-24,0.0,6.26
10073,ACC00010073,5843,Savings,Active,2023-09-21,0.0,4.27
10074,ACC00010074,7889,Salary,Active,2025-10-08,0.0,2.96
10075,ACC00010075,9649,Fixed Deposit,Active,2020-10-10,0.0,5.55
10076,ACC00010076,7738,Savings,Active,2018-03-08,0.0,4.24
10077,ACC00010077,1390,Current,Dormant,2023-04-25,1732700.0,4.87
10078,ACC00010078,6616,Savings,Active,2021-07-03,0.0,2.99
10079,ACC00010079,1870,Savings,Active,2025-08-23,0.0,3.81
10080,ACC00010080,4234,Current,Active,2020-05-26,1874700.0,4.03
10081,ACC00010081,9719,Fixed Deposit,Active,2023-03-24,0.0,7.0
10082,ACC00010082,2429,Savings,Active,2023-11-11,0.0,3.41
10083,ACC00010083,4999,Loan,Active,2021-02-06,266800.0,8.52
10084,ACC00010084,6845,Savings,Active,2018-08-01,0.0,4.24
10085,ACC00010085,3110,Savings,Active,2023-01-11,0.0,3.15
10086,ACC00010086,1501,Savings,Active,2021-01-12,0.0,3.06
10087,ACC00010087,582,Salary,Active,2024-11-06,0.0,2.95
10088,ACC00010088,2265,Savings,Closed,2022-08-22,0.0,2.64
10089,ACC00010089,9285,Fixed Deposit,Closed,2024-04-16,0.0,5.66
10090,ACC00010090,1354,Fixed Deposit,Active,2020-03-23,0.0,5.77
10091,ACC00010091,279,Savings,Active,2022-10-01,0.0,3.28
10092,ACC00010092,3853,Loan,Active,2024-03-24,444400.0,14.46
10093,ACC00010093,4691,Savings,Active,2022-02-15,0.0,4.5
10094,ACC00010094,5564,Current,Active,2023-02-22,1332400.0,3.63
10095,ACC00010095,880,Savings,Dormant,2021-05-29,0.0,4.28
10096,ACC00010096,1074,Current,Active,2019-01-01,792900.0,2.8
10097,ACC00010097,4074,Loan,Active,2025-11-16,1085100.0,14.08
10098,ACC00010098,2937,Savings,Active,2020-11-07,0.0,3.76
10099,ACC00010099,8639,Savings,Active,2018-10-13,0.0,3.44
10100,ACC00010100,7123,Savings,Active,2025-04-06,0.0,4.94
10101,ACC00010101,332,Savings,Active,2023-07-18,0.0,4.22
10102,ACC00010102,8117,Salary,Active,2019-01-18,0.0,4.37
10103,ACC00010103,7757,Savings,Active,2021-02-28,0.0,3.74
10104,ACC00010104,4068,Savings,Closed,2025-06-16,0.0,4.58
10105,ACC00010105,8129,Loan,Active,2023-08-05,155000.0,8.31
10106,ACC00010106,1717,Salary,Closed,2025-10-11,0.0,3.44
10107,ACC00010107,7172,Salary,Active,2022-04-08,0.0,4.11
10108,ACC00010108,1544,Current,Active,2022-08-12,419800.0,3.75
10109,ACC00010109,9801,Savings,Active,2025-07-14,0.0,4.13
10110,ACC00010110,9974,Current,Active,2023-05-21,1434700.0,3.01
10111,ACC00010111,6599,Salary,Active,2024-01-22,0.0,2.53
10112,ACC00010112,4328,Salary,Active,2020-09-13,0.0,4.19
10113,ACC00010113,4477,Salary,Active,2018-04-12,0.0,3.95
10114,ACC00010114,2257,Savings,Active,2023-05-09,0.0,4.26
10115,ACC00010115,7966,Salary,Active,2021-09-09,0.0,4.1
10116,ACC00010116,3147,Savings,Active,2022-12-15,0.0,4.12
10117,ACC00010117,5035,Loan,Active,2018-05-14,1003600.0,9.95
10118,ACC00010118,783,Fixed Deposit,Active,2024-01-31,0.0,7.62
10119,ACC00010119,5447,Savings,Active,2020-03-19,0.0,3.76
10120,ACC00010120,7229,Savings,Active,2023-05-22,0.0,4.59
10121,ACC00010121,9027,Current,Active,2021-11-23,1544300.0,4.58
10122,ACC00010122,5648,Savings,Closed,2024-05-29,0.0,3.08
10123,ACC00010123,6068,Loan,Dormant,2024-12-09,1863500.0,11.87
10124,ACC00010124,6922,Fixed Deposit,Active,2025-03-09,0.0,6.52
10125,ACC00010125,4893,Savings,Blocked,2024-04-04,0.0,4.47
10126,ACC00010126,5326,Loan,Active,2021-03-23,873100.0,10.81
10127,ACC00010127,7557,Salary,Active,2018-02-19,0.0,3.04
10128,ACC00010128,4299,Current,Blocked,2019-09-23,91600.0,3.98
10129,ACC00010129,4470,Current,Active,2022-04-15,1899700.0,3.67
10130,ACC00010130,2521,Savings,Active,2023-11-05,0.0,2.96
10131,ACC00010131,1548,Current,Active,2021-03-31,1575000.0,3.36
10132,ACC00010132,4148,Current,Active,2022-11-11,592800.0,2.71
10133,ACC00010133,6495,Savings,Active,2023-09-25,0.0,3.51
10134,ACC00010134,3915,Current,Dormant,2022-05-22,1660000.0,4.21
10135,ACC00010135,1767,Savings,Active,2021-06-29,0.0,3.4
10136,ACC00010136,843,Salary,Active,2023-08-29,0.0,3.05
10137,ACC00010137,9287,Fixed Deposit,Dormant,2024-02-12,0.0,5.51
10138,ACC00010138,3906,Fixed Deposit,Active,2025-10-17,0.0,7.63
10139,ACC00010139,46,Savings,Active,2022-11-14,0.0,4.91
10140,ACC00010140,4964,Salary,Active,2021-10-20,0.0,3.39
10141,ACC00010141,5723,Fixed Deposit,Active,2019-04-03,0.0,7.4
10142,ACC00010142,6163,Savings,Active,2021-11-25,0.0,3.47
10143,ACC00010143,2899,Fixed Deposit,Dormant,2019-06-27,0.0,7.46
10144,ACC00010144,7797,Savings,Closed,2025-07-02,0.0,3.41
10145,ACC00010145,7797,Salary,Active,2019-04-21,0.0,4.29
10146,ACC00010146,7107,Savings,Active,2023-01-23,0.0,4.54
10147,ACC00010147,5398,Savings,Active,2023-11-12,0.0,3.24
10148,ACC00010148,3768,Current,Active,2022-11-02,56900.0,3.24
10149,ACC00010149,477,Savings,Active,2022-02-09,0.0,2.81
10150,ACC00010150,5039,Current,Active,2025-11-09,1980900.0,3.26
10151,ACC00010151,6773,Fixed Deposit,Active,2018-07-24,0.0,5.97
10152,ACC00010152,2902,Savings,Active,2025-10-13,0.0,3.73
10153,ACC00010153,7125,Loan,Active,2022-09-27,1010000.0,14.1
10154,ACC00010154,7780,Savings,Active,2019-07-21,0.0,3.32
10155,ACC00010155,5810,Salary,Active,2021-08-16,0.0,4.97
10156,ACC00010156,9917,Salary,Active,2021-09-15,0.0,3.53
10157,ACC00010157,5616,Current,Active,2024-01-30,587600.0,3.7
10158,ACC00010158,4836,Savings,Active,2024-10-09,0.0,4.6
10159,ACC00010159,2912,Loan,Active,2018-08-13,1228500.0,10.09
10160,ACC00010160,5346,Salary,Active,2025-01-29,0.0,4.54
10161,ACC00010161,4634,Savings,Active,2021-06-27,0.0,5.0
10162,ACC00010162,8310,Current,Active,2022-02-18,820700.0,4.67
10163,ACC00010163,7398,Current,Dormant,2025-09-08,1884900.0,2.79
10164,ACC00010164,2289,Fixed Deposit,Active,2023-09-04,0.0,6.85
10165,ACC00010165,8685,Savings,Active,2019-03-19,0.0,3.42
10166,ACC00010166,6338,Savings,Active,2025-06-19,0.0,4.08
10167,ACC00010167,1865,Current,Active,2020-07-26,610800.0,3.29
10168,ACC00010168,3963,Savings,Active,2025-06-02,0.0,4.11
10169,ACC00010169,1453,Savings,Active,2021-11-10,0.0,2.78
10170,ACC00010170,1991,Savings,Active,2019-11-30,0.0,4.83
10171,ACC00010171,1345,Loan,Active,2018-05-19,644600.0,11.88
10172,ACC00010172,7785,Savings,Active,2020-07-25,0.0,2.79
10173,ACC00010173,1641,Savings,Closed,2018-08-08,0.0,4.54
10174,ACC00010174,1955,Savings,Closed,2018-05-12,0.0,4.42
10175,ACC00010175,4946,Loan,Active,2019-10-29,208600.0,10.39
10176,ACC00010176,4822,Salary,Active,2021-12-24,0.0,4.23
10177,ACC00010177,6544,Savings,Dormant,2018-03-07,0.0,4.6
10178,ACC00010178,559,Loan,Blocked,2020-09-29,1918600.0,11.77
10179,ACC00010179,8307,Current,Active,2025-08-19,842300.0,3.75
10180,ACC00010180,7957,Fixed Deposit,Dormant,2022-09-15,0.0,6.19
10181,ACC00010181,6122,Savings,Active,2022-08-29,0.0,4.97
10182,ACC00010182,3465,Loan,Active,2019-01-24,829100.0,13.42
10183,ACC00010183,6109,Loan,Closed,2018-09-22,1038200.0,9.25
10184,ACC00010184,3788,Fixed Deposit,Closed,2019-01-16,0.0,8.38
10185,ACC00010185,8456,Savings,Active,2024-04-14,0.0,3.95
10186,ACC00010186,330,Savings,Closed,2023-02-11,0.0,3.84
10187,ACC00010187,6319,Fixed Deposit,Active,2025-11-08,0.0,7.45
10188,ACC00010188,5332,Savings,Active,2018-11-03,0.0,4.52
10189,ACC00010189,6539,Savings,Active,2019-03-01,0.0,2.73
10190,ACC00010190,7920,Current,Active,2024-09-12,1885000.0,3.25
10191,ACC00010191,8063,Savings,Active,2020-03-25,0.0,3.93
10192,ACC00010192,6568,Current,Active,2022-06-16,1645100.0,3.66
10193,ACC00010193,6532,Savings,Active,2022-05-30,0.0,3.14
10194,ACC00010194,384,Salary,Active,2023-09-11,0.0,4.56
10195,ACC00010195,5222,Savings,Active,2019-07-15,0.0,4.08
10196,ACC00010196,3890,Savings,Active,2019-12-09,0.0,4.4
10197,ACC00010197,3630,Loan,Active,2018-10-31,437200.0,9.71
10198,ACC00010198,4952,Savings,Active,2025-03-22,0.0,4.52
10199,ACC00010199,6186,Current,Active,2025-01-09,989400.0,2.94
10200,ACC00010200,6236,Savings,Active,2024-06-28,0.0,3.95
10201,ACC00010201,8472,Salary,Active,2021-12-20,0.0,3.33
10202,ACC00010202,1869,Current,Active,2018-05-06,731200.0,3.66
10203,ACC00010203,1766,Salary,Closed,2020-08-29,0.0,4.69
10204,ACC00010204,6938,Fixed Deposit,Blocked,2023-04-10,0.0,6.47
10205,ACC00010205,7554,Salary,Active,2021-12-03,0.0,3.02
10206,ACC00010206,7393,Savings,Active,2018-09-09,0.0,4.96
10207,ACC00010207,4444,Current,Active,2024-07-22,770400.0,4.3
10208,ACC00010208,3419,Salary,Active,2020-01-09,0.0,2.77
10209,ACC00010209,4797,Salary,Active,2018-06-26,0.0,3.91
10210,ACC00010210,2490,Savings,Blocked,2021-04-01,0.0,4.38
10211,ACC00010211,8673,Salary,Active,2022-07-18,0.0,3.95
10212,ACC00010212,4943,Savings,Dormant,2023-12-23,0.0,3.34
10213,ACC00010213,9390,Loan,Active,2025-05-22,289900.0,9.69
10214,ACC00010214,6659,Current,Active,2022-09-20,1136300.0,3.03
10215,ACC00010215,8010,Current,Active,2021-02-02,535300.0,4.0
10216,ACC00010216,8029,Current,Active,2021-03-04,1881600.0,2.96
10217,ACC00010217,9799,Savings,Active,2022-10-10,0.0,4.34
10218,ACC00010218,9764,Loan,Active,2022-04-10,858900.0,11.83
10219,ACC00010219,6742,Salary,Active,2019-04-16,0.0,3.47
10220,ACC00010220,4575,Salary,Active,2021-05-28,0.0,4.54
10221,ACC00010221,7655,Salary,Active,2025-04-29,0.0,4.33
10222,ACC00010222,9922,Current,Blocked,2020-02-11,1438400.0,3.56
10223,ACC00010223,9905,Current,Active,2024-12-26,1958600.0,4.34
10224,ACC00010224,4038,Loan,Active,2018-10-26,711400.0,12.05
10225,ACC00010225,9811,Savings,Active,2020-12-04,0.0,2.57
10226,ACC00010226,1179,Current,Active,2019-10-10,599400.0,4.33
10227,ACC00010227,4550,Savings,Active,2021-04-16,0.0,3.23
10228,ACC00010228,2,Savings,Active,2022-06-18,0.0,3.11
10229,ACC00010229,4599,Savings,Dormant,2021-01-28,0.0,4.32
10230,ACC00010230,9404,Savings,Active,2019-03-20,0.0,4.59
10231,ACC00010231,4746,Savings,Closed,2022-08-22,0.0,2.81
10232,ACC00010232,1213,Savings,Dormant,2018-02-06,0.0,3.06
10233,ACC00010233,9512,Savings,Active,2022-10-30,0.0,2.97
10234,ACC00010234,5125,Savings,Active,2019-05-13,0.0,3.81
10235,ACC00010235,7950,Savings,Active,2018-12-22,0.0,4.04
10236,ACC00010236,8415,Savings,Active,2019-01-14,0.0,3.41
10237,ACC00010237,7257,Savings,Active,2024-01-23,0.0,3.57
10238,ACC00010238,710,Salary,Active,2023-03-23,0.0,2.7
10239,ACC00010239,4547,Savings,Active,2025-04-11,0.0,2.91
10240,ACC00010240,3695,Salary,Active,2024-11-30,0.0,3.51
10241,ACC00010241,6386,Savings,Active,2024-10-18,0.0,4.89
10242,ACC00010242,5271,Loan,Active,2018-07-10,1129300.0,9.9
10243,ACC00010243,3521,Savings,Active,2023-04-12,0.0,4.34
10244,ACC00010244,1103,Savings,Active,2020-05-15,0.0,3.85
10245,ACC00010245,5873,Savings,Active,2024-07-10,0.0,3.64
10246,ACC00010246,5608,Salary,Active,2018-01-07,0.0,2.92
10247,ACC00010247,4518,Fixed Deposit,Dormant,2021-06-10,0.0,7.94
10248,ACC00010248,8846,Current,Active,2021-04-13,889100.0,3.04
10249,ACC00010249,915,Salary,Active,2022-05-03,0.0,4.26
10250,ACC00010250,801,Fixed Deposit,Active,2020-10-28,0.0,7.92
10251,ACC00010251,3061,Current,Dormant,2018-03-28,1868000.0,3.14
10252,ACC00010252,3873,Savings,Closed,2021-12-09,0.0,2.54
10253,ACC00010253,6061,Savings,Active,2023-01-14,0.0,5.0
10254,ACC00010254,3588,Current,Active,2019-10-28,479300.0,2.75
10255,ACC00010255,8530,Fixed Deposit,Active,2021-09-21,0.0,7.18
10256,ACC00010256,5145,Savings,Active,2018-02-19,0.0,3.17
10257,ACC00010257,2275,Loan,Active,2018-07-02,1133400.0,8.88
10258,ACC00010258,2294,Savings,Active,2022-08-04,0.0,4.99
10259,ACC00010259,4455,Savings,Active,2018-11-06,0.0,2.61
10260,ACC00010260,1234,Salary,Dormant,2023-09-30,0.0,4.14
10261,ACC00010261,3986,Savings,Active,2020-02-12,0.0,3.52
10262,ACC00010262,6008,Salary,Active,2022-01-22,0.0,4.92
10263,ACC00010263,925,Savings,Active,2023-03-17,0.0,4.87
10264,ACC00010264,745,Savings,Dormant,2018-09-14,0.0,3.9
10265,ACC00010265,8584,Current,Active,2018-07-25,291800.0,4.28
10266,ACC00010266,7746,Loan,Active,2024-01-25,1145400.0,10.82
10267,ACC00010267,2248,Savings,Active,2018-07-17,0.0,3.56
10268,ACC00010268,7262,Savings,Active,2023-08-04,0.0,4.88
10269,ACC00010269,303,Salary,Active,2020-06-07,0.0,4.62
10270,ACC00010270,3239,Loan,Closed,2023-11-24,985800.0,10.26
10271,ACC00010271,8408,Savings,Closed,2022-08-14,0.0,4.26
10272,ACC00010272,2752,Current,Active,2023-10-15,841100.0,4.55
10273,ACC00010273,9460,Loan,Blocked,2025-12-14,1111500.0,7.76
10274,ACC00010274,3212,Salary,Active,2022-11-29,0.0,3.67
10275,ACC00010275,3108,Salary,Active,2025-11-30,0.0,2.86
10276,ACC00010276,6123,Savings,Active,2023-02-12,0.0,2.74
10277,ACC00010277,4279,Current,Active,2025-11-12,602800.0,4.86
10278,ACC00010278,334,Fixed Deposit,Active,2021-10-27,0.0,7.24
10279,ACC00010279,2204,Salary,Active,2023-06-11,0.0,4.88
10280,ACC00010280,2603,Savings,Closed,2020-02-16,0.0,3.63
10281,ACC00010281,9613,Salary,Active,2023-12-09,0.0,2.82
10282,ACC00010282,174,Fixed Deposit,Active,2019-11-05,0.0,6.88
10283,ACC00010283,7085,Savings,Active,2020-09-20,0.0,3.44
10284,ACC00010284,9297,Salary,Active,2019-02-23,0.0,3.23
10285,ACC00010285,30,Salary,Closed,2025-04-08,0.0,4.69
10286,ACC00010286,8624,Savings,Active,2022-08-24,0.0,4.0
10287,ACC00010287,7569,Salary,Active,2019-08-22,0.0,3.02
10288,ACC00010288,9184,Salary,Active,2022-05-09,0.0,3.45
10289,ACC00010289,9004,Savings,Active,2020-07-22,0.0,3.91
10290,ACC00010290,636,Current,Active,2020-12-14,1886600.0,3.52
10291,ACC00010291,9811,Current,Active,2019-12-06,569700.0,4.34
10292,ACC00010292,2219,Savings,Active,2024-06-17,0.0,3.5
10293,ACC00010293,7744,Salary,Active,2019-11-18,0.0,4.98
10294,ACC00010294,2865,Savings,Dormant,2023-06-25,0.0,4.99
10295,ACC00010295,109,Savings,Active,2020-12-16,0.0,4.67
10296,ACC00010296,268,Loan,Active,2024-01-20,1233600.0,13.12
10297,ACC00010297,6263,Savings,Active,2020-12-19,0.0,4.62
10298,ACC00010298,4124,Savings,Active,2022-12-03,0.0,2.72
10299,ACC00010299,109,Loan,Active,2018-05-11,544300.0,12.04
10300,ACC00010300,3046,Salary,Active,2023-03-03,0.0,2.75
10301,ACC00010301,3487,Salary,Active,2021-05-04,0.0,3.92
10302,ACC00010302,6644,Fixed Deposit,Active,2021-08-17,0.0,5.6
10303,ACC00010303,2571,Savings,Active,2025-03-11,0.0,3.09
10304,ACC00010304,1932,Fixed Deposit,Active,2021-11-25,0.0,6.2
10305,ACC00010305,215,Savings,Active,2020-11-27,0.0,4.25
10306,ACC00010306,1654,Savings,Active,2020-03-25,0.0,3.01
10307,ACC00010307,8797,Fixed Deposit,Blocked,2020-08-18,0.0,5.59
10308,ACC00010308,9279,Savings,Active,2022-01-13,0.0,3.65
10309,ACC00010309,3465,Savings,Active,2025-05-12,0.0,4.73
10310,ACC00010310,6158,Fixed Deposit,Active,2023-08-21,0.0,8.26
10311,ACC00010311,992,Savings,Active,2019-07-28,0.0,4.38
10312,ACC00010312,2499,Savings,Active,2022-12-06,0.0,3.67
10313,ACC00010313,4992,Fixed Deposit,Active,2025-05-16,0.0,6.8
10314,ACC00010314,2567,Savings,Active,2020-03-18,0.0,2.76
10315,ACC00010315,3291,Fixed Deposit,Active,2023-01-23,0.0,6.85
10316,ACC00010316,4887,Fixed Deposit,Active,2024-05-25,0.0,6.15
10317,ACC00010317,906,Current,Active,2022-01-03,427200.0,4.95
10318,ACC00010318,783,Salary,Active,2020-11-19,0.0,4.93
10319,ACC00010319,1847,Savings,Closed,2018-09-10,0.0,4.36
10320,ACC00010320,6034,Savings,Active,2024-09-30,0.0,3.77
10321,ACC00010321,5146,Fixed Deposit,Blocked,2024-12-08,0.0,7.4
10322,ACC00010322,8921,Savings,Active,2018-12-07,0.0,2.58
10323,ACC00010323,936,Savings,Active,2019-03-28,0.0,4.54
10324,ACC00010324,2475,Loan,Active,2020-07-06,980400.0,9.8
10325,ACC00010325,7939,Salary,Closed,2025-10-09,0.0,3.29
10326,ACC00010326,8540,Fixed Deposit,Active,2022-01-20,0.0,6.98
10327,ACC00010327,896,Loan,Active,2020-07-06,212400.0,12.85
10328,ACC00010328,8563,Salary,Closed,2020-08-14,0.0,4.95
10329,ACC00010329,3410,Current,Active,2018-02-05,997600.0,2.6
10330,ACC00010330,4078,Savings,Blocked,2022-03-11,0.0,2.54
10331,ACC00010331,398,Savings,Active,2025-09-12,0.0,4.61
10332,ACC00010332,2483,Current,Active,2018-05-09,758500.0,4.73
10333,ACC00010333,32,Savings,Active,2021-09-17,0.0,4.97
10334,ACC00010334,811,Fixed Deposit,Active,2020-09-18,0.0,8.17
10335,ACC00010335,518,Current,Active,2021-09-08,289100.0,3.23
10336,ACC00010336,5278,Loan,Active,2022-09-29,1328500.0,10.61
10337,ACC00010337,5254,Current,Active,2025-04-06,1509000.0,4.55
10338,ACC00010338,9940,Loan,Active,2018-12-03,1361300.0,11.16
10339,ACC00010339,7554,Savings,Active,2024-10-18,0.0,4.89
10340,ACC00010340,3082,Savings,Blocked,2024-05-14,0.0,4.43
10341,ACC00010341,1085,Savings,Closed,2019-10-10,0.0,4.32
10342,ACC00010342,8705,Savings,Active,2022-06-18,0.0,5.0
10343,ACC00010343,2338,Fixed Deposit,Active,2020-07-27,0.0,7.39
10344,ACC00010344,804,Current,Active,2020-01-14,256100.0,3.3
10345,ACC00010345,8360,Current,Active,2024-02-10,124200.0,3.41
10346,ACC00010346,916,Current,Closed,2024-09-18,174000.0,4.8
10347,ACC00010347,9440,Fixed Deposit,Blocked,2019-10-09,0.0,7.65
10348,ACC00010348,5688,Savings,Active,2022-07-04,0.0,2.91
10349,ACC00010349,17,Savings,Active,2023-04-24,0.0,4.57
10350,ACC00010350,3751,Loan,Active,2022-03-29,1143000.0,10.54
10351,ACC00010351,1494,Savings,Active,2021-06-05,0.0,4.21
10352,ACC00010352,133,Loan,Closed,2019-05-13,635600.0,10.42
10353,ACC00010353,2783,Savings,Active,2022-10-03,0.0,2.95
10354,ACC00010354,9234,Savings,Active,2021-11-22,0.0,2.57
10355,ACC00010355,6213,Current,Active,2022-12-13,1260600.0,4.12
10356,ACC00010356,8254,Fixed Deposit,Active,2022-05-02,0.0,6.75
10357,ACC00010357,5447,Salary,Active,2021-11-24,0.0,2.97
10358,ACC00010358,2446,Salary,Closed,2025-09-21,0.0,3.52
10359,ACC00010359,7262,Loan,Active,2020-03-23,464400.0,10.24
10360,ACC00010360,4497,Fixed Deposit,Closed,2022-06-13,0.0,6.03
10361,ACC00010361,397,Current,Active,2020-09-13,1580100.0,4.18
10362,ACC00010362,9023,Salary,Active,2022-02-07,0.0,2.96
10363,ACC00010363,7319,Fixed Deposit,Blocked,2022-02-06,0.0,6.8
10364,ACC00010364,2454,Savings,Closed,2019-05-14,0.0,4.18
10365,ACC00010365,1561,Savings,Active,2021-11-22,0.0,4.54
10366,ACC00010366,7980,Current,Active,2023-11-28,1292500.0,4.32
10367,ACC00010367,7780,Savings,Active,2024-06-26,0.0,3.15
10368,ACC00010368,9109,Savings,Active,2019-04-19,0.0,4.35
10369,ACC00010369,7792,Loan,Active,2025-06-24,786800.0,14.17
10370,ACC00010370,4078,Current,Active,2021-08-08,874700.0,4.24
10371,ACC00010371,8989,Salary,Active,2024-05-10,0.0,2.86
10372,ACC00010372,5621,Salary,Active,2021-05-23,0.0,3.58
10373,ACC00010373,2558,Savings,Active,2021-09-13,0.0,3.68
10374,ACC00010374,8072,Savings,Active,2018-04-03,0.0,3.1
10375,ACC00010375,706,Loan,Active,2023-09-23,1930100.0,8.97
10376,ACC00010376,8372,Fixed Deposit,Active,2025-07-08,0.0,8.34
10377,ACC00010377,2455,Savings,Active,2018-12-06,0.0,3.27
10378,ACC00010378,1238,Fixed Deposit,Active,2021-05-17,0.0,5.55
10379,ACC00010379,6252,Fixed Deposit,Active,2020-03-22,0.0,5.75
10380,ACC00010380,1660,Savings,Active,2025-01-04,0.0,3.42
10381,ACC00010381,7633,Savings,Closed,2020-04-18,0.0,3.79
10382,ACC00010382,6312,Fixed Deposit,Active,2021-01-06,0.0,5.68
10383,ACC00010383,8281,Current,Active,2024-04-30,864400.0,4.98
10384,ACC00010384,4121,Loan,Active,2024-12-30,1556400.0,13.49
10385,ACC00010385,2170,Salary,Active,2020-01-02,0.0,3.82
10386,ACC00010386,1597,Current,Active,2018-05-18,1888700.0,4.66
10387,ACC00010387,1352,Savings,Active,2024-05-01,0.0,4.26
10388,ACC00010388,7536,Salary,Active,2021-07-10,0.0,3.33
10389,ACC00010389,134,Savings,Active,2023-05-23,0.0,4.05
10390,ACC00010390,3191,Savings,Active,2022-01-19,0.0,2.99
10391,ACC00010391,1559,Savings,Active,2019-04-03,0.0,3.96
10392,ACC00010392,3151,Current,Closed,2018-09-15,1694600.0,2.75
10393,ACC00010393,2006,Savings,Closed,2020-11-12,0.0,3.54
10394,ACC00010394,8868,Savings,Active,2025-08-25,0.0,4.02
10395,ACC00010395,963,Savings,Active,2024-11-23,0.0,3.44
10396,ACC00010396,6573,Savings,Dormant,2024-03-11,0.0,2.85
10397,ACC00010397,8585,Fixed Deposit,Active,2020-05-02,0.0,7.56
10398,ACC00010398,8645,Savings,Dormant,2021-10-25,0.0,3.26
10399,ACC00010399,5248,Fixed Deposit,Active,2020-10-01,0.0,6.31
10400,ACC00010400,12,Salary,Active,2018-12-18,0.0,4.77
10401,ACC00010401,7901,Salary,Active,2021-07-26,0.0,4.74
10402,ACC00010402,4161,Salary,Active,2025-03-22,0.0,4.25
10403,ACC00010403,3809,Current,Active,2023-07-28,1893500.0,4.85
10404,ACC00010404,8725,Savings,Active,2019-09-29,0.0,3.05
10405,ACC00010405,1726,Savings,Dormant,2020-03-09,0.0,4.52
10406,ACC00010406,2651,Current,Active,2018-07-30,1481100.0,4.28
10407,ACC00010407,7852,Savings,Active,2021-12-20,0.0,5.0
10408,ACC00010408,8029,Salary,Active,2021-02-19,0.0,3.9
10409,ACC00010409,6109,Savings,Active,2021-10-29,0.0,3.21
10410,ACC00010410,2509,Savings,Active,2025-04-01,0.0,2.5
10411,ACC00010411,9346,Savings,Active,2025-12-25,0.0,4.78
10412,ACC00010412,1679,Fixed Deposit,Blocked,2019-07-21,0.0,6.14
10413,ACC00010413,1752,Salary,Dormant,2020-03-25,0.0,4.53
10414,ACC00010414,7730,Savings,Active,2018-04-06,0.0,3.7
10415,ACC00010415,3688,Savings,Active,2024-06-17,0.0,3.13
10416,ACC00010416,4789,Current,Active,2018-09-24,1681800.0,3.79
10417,ACC00010417,6856,Loan,Active,2025-04-05,935500.0,12.91
10418,ACC00010418,4270,Current,Active,2018-01-25,1451100.0,2.92
10419,ACC00010419,7534,Fixed Deposit,Active,2024-10-10,0.0,7.54
10420,ACC00010420,7996,Salary,Active,2024-08-24,0.0,2.85
10421,ACC00010421,6270,Savings,Blocked,2019-02-14,0.0,4.1
10422,ACC00010422,1152,Salary,Closed,2020-07-10,0.0,3.15
10423,ACC00010423,9388,Current,Active,2022-03-24,152200.0,3.4
10424,ACC00010424,4431,Savings,Active,2019-05-04,0.0,3.73
10425,ACC00010425,4272,Loan,Active,2024-11-04,1847800.0,9.37
10426,ACC00010426,7390,Savings,Active,2023-06-10,0.0,3.63
10427,ACC00010427,5647,Savings,Active,2024-02-13,0.0,4.88
10428,ACC00010428,2726,Savings,Active,2021-06-15,0.0,3.81
10429,ACC00010429,1928,Savings,Active,2020-07-27,0.0,4.34
10430,ACC00010430,8701,Fixed Deposit,Active,2020-11-03,0.0,8.49
10431,ACC00010431,6479,Savings,Active,2018-05-16,0.0,3.35
10432,ACC00010432,7910,Fixed Deposit,Active,2025-02-14,0.0,6.83
10433,ACC00010433,691,Savings,Active,2022-11-30,0.0,4.97
10434,ACC00010434,5412,Current,Active,2024-11-23,1210800.0,4.08
10435,ACC00010435,5140,Savings,Active,2023-06-24,0.0,3.76
10436,ACC00010436,6669,Savings,Blocked,2025-06-15,0.0,4.26
10437,ACC00010437,3628,Current,Active,2019-07-18,1424200.0,4.79
10438,ACC00010438,1581,Savings,Active,2020-03-23,0.0,3.88
10439,ACC00010439,6677,Savings,Active,2024-08-15,0.0,4.3
10440,ACC00010440,5999,Savings,Active,2025-08-01,0.0,4.83
10441,ACC00010441,407,Savings,Closed,2018-09-15,0.0,4.92
10442,ACC00010442,8750,Savings,Blocked,2025-03-21,0.0,2.93
10443,ACC00010443,771,Current,Active,2025-04-17,1357500.0,3.34
10444,ACC00010444,5725,Savings,Active,2018-07-12,0.0,4.99
10445,ACC00010445,3806,Salary,Active,2022-10-01,0.0,4.6
10446,ACC00010446,2496,Fixed Deposit,Active,2018-05-17,0.0,7.6
10447,ACC00010447,2393,Savings,Active,2018-02-17,0.0,4.51
10448,ACC00010448,434,Loan,Active,2023-06-18,114800.0,8.59
10449,ACC00010449,1172,Savings,Active,2023-05-12,0.0,3.06
10450,ACC00010450,7649,Savings,Active,2024-02-25,0.0,4.07
10451,ACC00010451,3222,Savings,Closed,2018-02-19,0.0,4.44
10452,ACC00010452,3453,Savings,Active,2020-10-03,0.0,4.63
10453,ACC00010453,7470,Fixed Deposit,Active,2020-04-16,0.0,7.53
10454,ACC00010454,4469,Savings,Active,2020-03-03,0.0,4.33
10455,ACC00010455,1050,Current,Active,2025-06-13,1378400.0,2.74
10456,ACC00010456,300,Savings,Dormant,2025-09-10,0.0,4.73
10457,ACC00010457,8135,Fixed Deposit,Active,2019-10-14,0.0,7.09
10458,ACC00010458,8456,Savings,Active,2022-12-07,0.0,3.38
10459,ACC00010459,7485,Current,Active,2024-08-12,635100.0,2.62
10460,ACC00010460,3851,Salary,Active,2022-02-16,0.0,4.08
10461,ACC00010461,6843,Savings,Active,2019-03-24,0.0,2.52
10462,ACC00010462,2792,Savings,Closed,2022-07-15,0.0,3.04
10463,ACC00010463,528,Savings,Active,2025-04-07,0.0,2.52
10464,ACC00010464,873,Current,Closed,2024-12-04,398500.0,4.34
10465,ACC00010465,6859,Salary,Closed,2024-08-28,0.0,4.73
10466,ACC00010466,2826,Savings,Active,2024-09-25,0.0,4.48
10467,ACC00010467,3643,Current,Active,2021-12-02,801300.0,4.13
10468,ACC00010468,2613,Savings,Active,2025-08-24,0.0,4.89
10469,ACC00010469,7645,Fixed Deposit,Active,2018-11-16,0.0,5.56
10470,ACC00010470,4099,Fixed Deposit,Active,2023-02-15,0.0,8.46
10471,ACC00010471,7632,Savings,Closed,2018-06-26,0.0,2.74
10472,ACC00010472,2921,Savings,Active,2025-04-02,0.0,3.17
10473,ACC00010473,5704,Current,Active,2023-07-14,1640500.0,3.27
10474,ACC00010474,9500,Loan,Active,2024-06-20,1226500.0,8.55
10475,ACC00010475,7064,Loan,Blocked,2023-03-11,1770800.0,10.74
10476,ACC00010476,4674,Savings,Active,2020-12-31,0.0,3.61
10477,ACC00010477,7430,Fixed Deposit,Active,2025-02-01,0.0,5.59
10478,ACC00010478,4883,Savings,Closed,2025-08-22,0.0,3.74
10479,ACC00010479,2706,Current,Active,2021-07-05,1902800.0,4.94
10480,ACC00010480,62,Savings,Closed,2022-11-02,0.0,3.07
10481,ACC00010481,4568,Loan,Active,2021-09-01,1450800.0,9.95
10482,ACC00010482,7956,Salary,Dormant,2018-10-06,0.0,3.35
10483,ACC00010483,6712,Fixed Deposit,Active,2020-07-04,0.0,6.82
10484,ACC00010484,2487,Current,Active,2021-08-06,442200.0,3.0
10485,ACC00010485,1403,Savings,Active,2018-06-09,0.0,4.23
10486,ACC00010486,3202,Savings,Active,2022-04-12,0.0,3.18
10487,ACC00010487,8327,Savings,Active,2024-04-03,0.0,3.66
10488,ACC00010488,35,Current,Dormant,2024-08-25,858500.0,4.64
10489,ACC00010489,5415,Savings,Active,2022-08-25,0.0,4.5
10490,ACC00010490,656,Current,Dormant,2023-05-06,1326000.0,4.57
10491,ACC00010491,8590,Savings,Active,2022-01-20,0.0,4.44
10492,ACC00010492,5408,Savings,Active,2022-09-02,0.0,3.57
10493,ACC00010493,1460,Fixed Deposit,Active,2021-07-31,0.0,5.54
10494,ACC00010494,5959,Savings,Active,2025-04-30,0.0,2.99
10495,ACC00010495,9303,Savings,Dormant,2018-06-08,0.0,4.62
10496,ACC00010496,7113,Savings,Active,2019-10-10,0.0,2.69
10497,ACC00010497,3685,Current,Active,2023-02-23,177700.0,4.87
10498,ACC00010498,9632,Savings,Dormant,2025-08-17,0.0,4.57
10499,ACC00010499,7805,Loan,Active,2025-03-15,237200.0,12.78
10500,ACC00010500,7359,Current,Closed,2021-10-25,1594700.0,4.4
10501,ACC00010501,3042,Savings,Active,2023-03-27,0.0,3.32
10502,ACC00010502,3217,Fixed Deposit,Active,2025-07-06,0.0,7.05
10503,ACC00010503,7941,Current,Active,2019-09-04,1106300.0,2.91
10504,ACC00010504,8590,Savings,Active,2023-06-13,0.0,4.65
10505,ACC00010505,8563,Loan,Active,2020-06-30,1417200.0,7.92
10506,ACC00010506,483,Savings,Active,2025-07-26,0.0,3.19
10507,ACC00010507,703,Current,Dormant,2022-04-18,1182200.0,4.72
10508,ACC00010508,1536,Loan,Active,2018-09-03,968900.0,10.04
10509,ACC00010509,8977,Savings,Active,2019-03-06,0.0,4.38
10510,ACC00010510,4356,Savings,Active,2018-05-08,0.0,4.97
10511,ACC00010511,7811,Fixed Deposit,Active,2023-12-10,0.0,8.47
10512,ACC00010512,2816,Current,Active,2022-04-18,1226900.0,3.11
10513,ACC00010513,7903,Salary,Closed,2021-04-04,0.0,4.58
10514,ACC00010514,1084,Savings,Active,2018-03-03,0.0,2.95
10515,ACC00010515,2043,Salary,Active,2022-11-20,0.0,3.1
10516,ACC00010516,846,Current,Active,2019-11-13,246500.0,3.59
10517,ACC00010517,9772,Savings,Active,2023-04-25,0.0,4.7
10518,ACC00010518,5542,Fixed Deposit,Active,2022-01-08,0.0,7.1
10519,ACC00010519,8215,Current,Active,2021-10-07,1304300.0,4.65
10520,ACC00010520,458,Savings,Active,2023-10-28,0.0,4.19
10521,ACC00010521,8341,Savings,Closed,2018-01-25,0.0,3.47
10522,ACC00010522,5618,Savings,Active,2025-08-19,0.0,3.24
10523,ACC00010523,8752,Savings,Active,2021-09-28,0.0,3.28
10524,ACC00010524,3595,Savings,Dormant,2023-08-07,0.0,3.02
10525,ACC00010525,2957,Current,Closed,2024-12-04,1286700.0,3.5
10526,ACC00010526,2767,Loan,Dormant,2019-12-17,1004800.0,10.62
10527,ACC00010527,4787,Current,Active,2022-03-23,342600.0,3.32
10528,ACC00010528,5336,Current,Active,2022-11-21,1948500.0,2.96
10529,ACC00010529,3607,Salary,Active,2025-06-12,0.0,3.37
10530,ACC00010530,9714,Salary,Active,2024-10-30,0.0,3.49
10531,ACC00010531,2850,Loan,Active,2023-09-03,237500.0,8.58
10532,ACC00010532,707,Loan,Active,2024-05-15,901600.0,11.13
10533,ACC00010533,5786,Fixed Deposit,Closed,2021-12-17,0.0,6.5
10534,ACC00010534,2365,Savings,Active,2024-03-23,0.0,3.42
10535,ACC00010535,93,Savings,Active,2023-04-09,0.0,4.97
10536,ACC00010536,524,Savings,Active,2025-11-15,0.0,3.04
10537,ACC00010537,5381,Fixed Deposit,Active,2023-09-11,0.0,6.38
10538,ACC00010538,1340,Salary,Active,2020-05-29,0.0,3.2
10539,ACC00010539,819,Current,Active,2022-05-27,266600.0,4.55
10540,ACC00010540,9799,Savings,Active,2020-04-09,0.0,3.38
10541,ACC00010541,7983,Loan,Active,2021-08-04,1320600.0,8.17
10542,ACC00010542,5247,Fixed Deposit,Active,2021-01-11,0.0,6.2
10543,ACC00010543,3243,Loan,Dormant,2020-10-12,1502300.0,12.09
10544,ACC00010544,1020,Current,Active,2023-11-20,699600.0,3.61
10545,ACC00010545,2010,Savings,Active,2019-09-09,0.0,4.1
10546,ACC00010546,9635,Salary,Active,2021-08-15,0.0,2.85
10547,ACC00010547,7826,Salary,Active,2025-10-21,0.0,3.1
10548,ACC00010548,6084,Loan,Active,2021-09-14,580500.0,8.31
10549,ACC00010549,4947,Current,Closed,2020-10-20,1996200.0,3.57
10550,ACC00010550,6342,Fixed Deposit,Active,2018-10-30,0.0,7.88
10551,ACC00010551,4193,Savings,Active,2025-12-26,0.0,3.65
10552,ACC00010552,4036,Savings,Active,2023-12-11,0.0,3.88
10553,ACC00010553,2785,Savings,Active,2022-05-08,0.0,3.51
10554,ACC00010554,2052,Savings,Active,2020-06-23,0.0,2.55
10555,ACC00010555,5845,Salary,Active,2024-07-10,0.0,3.36
10556,ACC00010556,2076,Fixed Deposit,Active,2018-10-16,0.0,8.1
10557,ACC00010557,2112,Fixed Deposit,Active,2019-05-23,0.0,5.58
10558,ACC00010558,7943,Current,Active,2024-09-24,1973700.0,4.5
10559,ACC00010559,8776,Fixed Deposit,Active,2025-04-23,0.0,7.1
10560,ACC00010560,7523,Savings,Active,2022-12-30,0.0,3.0
10561,ACC00010561,9356,Current,Active,2025-04-10,747200.0,3.5
10562,ACC00010562,8019,Savings,Active,2024-07-19,0.0,2.71
10563,ACC00010563,9386,Savings,Active,2025-05-17,0.0,4.49
10564,ACC00010564,5364,Current,Active,2020-08-18,1573100.0,3.9
10565,ACC00010565,7590,Salary,Closed,2022-01-20,0.0,4.92
10566,ACC00010566,3346,Loan,Active,2018-03-28,455700.0,8.45
10567,ACC00010567,1820,Fixed Deposit,Active,2021-11-16,0.0,7.49
10568,ACC00010568,5824,Salary,Active,2024-10-31,0.0,3.53
10569,ACC00010569,5926,Salary,Active,2020-07-13,0.0,4.47
10570,ACC00010570,4192,Savings,Active,2019-06-14,0.0,3.38
10571,ACC00010571,5691,Current,Active,2020-10-04,1014200.0,2.51
10572,ACC00010572,3934,Salary,Dormant,2018-07-19,0.0,3.87
10573,ACC00010573,2646,Savings,Active,2025-03-01,0.0,3.39
10574,ACC00010574,1586,Salary,Active,2018-09-23,0.0,2.65
10575,ACC00010575,9925,Current,Active,2019-07-01,516200.0,3.39
10576,ACC00010576,6123,Savings,Closed,2021-06-27,0.0,4.84
10577,ACC00010577,6855,Savings,Active,2020-06-22,0.0,4.48
10578,ACC00010578,2835,Fixed Deposit,Active,2019-01-24,0.0,6.1
10579,ACC00010579,6892,Savings,Active,2018-10-07,0.0,3.65
10580,ACC00010580,670,Current,Active,2024-05-28,106100.0,2.8
10581,ACC00010581,840,Savings,Active,2022-09-29,0.0,2.98
10582,ACC00010582,7069,Savings,Active,2022-03-10,0.0,4.02
10583,ACC00010583,5100,Fixed Deposit,Dormant,2024-01-15,0.0,6.38
10584,ACC00010584,2045,Current,Dormant,2023-12-05,457900.0,4.08
10585,ACC00010585,8849,Loan,Active,2020-07-22,892300.0,8.45
10586,ACC00010586,8376,Salary,Active,2022-12-23,0.0,4.8
10587,ACC00010587,3086,Savings,Active,2019-11-10,0.0,2.59
10588,ACC00010588,5904,Savings,Active,2025-11-22,0.0,2.51
10589,ACC00010589,9919,Salary,Active,2025-04-17,0.0,3.92
10590,ACC00010590,3602,Savings,Dormant,2022-11-13,0.0,2.75
10591,ACC00010591,1381,Current,Active,2022-08-28,326000.0,3.46
10592,ACC00010592,3807,Current,Active,2020-01-15,1949100.0,3.89
10593,ACC00010593,5361,Savings,Active,2024-09-11,0.0,3.92
10594,ACC00010594,7720,Salary,Active,2021-01-18,0.0,3.88
10595,ACC00010595,9545,Current,Active,2021-08-31,659500.0,3.35
10596,ACC00010596,9966,Fixed Deposit,Active,2024-06-29,0.0,7.02
10597,ACC00010597,7089,Loan,Active,2019-12-18,587600.0,9.17
10598,ACC00010598,1510,Current,Active,2021-12-19,1638400.0,4.64
10599,ACC00010599,1863,Salary,Active,2020-11-23,0.0,2.73
10600,ACC00010600,152,Current,Active,2023-02-13,1361500.0,3.13
10601,ACC00010601,1508,Savings,Active,2021-01-17,0.0,2.65
10602,ACC00010602,6427,Loan,Active,2022-02-05,766400.0,10.43
10603,ACC00010603,7467,Current,Active,2024-02-20,990200.0,4.72
10604,ACC00010604,2698,Savings,Active,2021-09-23,0.0,4.78
10605,ACC00010605,767,Loan,Active,2020-04-29,1218900.0,10.88
10606,ACC00010606,2420,Savings,Dormant,2019-04-16,0.0,3.51
10607,ACC00010607,6077,Salary,Active,2020-05-02,0.0,4.28
10608,ACC00010608,3862,Loan,Active,2024-04-23,640200.0,9.33
10609,ACC00010609,7478,Current,Active,2019-09-30,262800.0,4.94
10610,ACC00010610,9606,Current,Active,2020-01-30,648100.0,3.17
10611,ACC00010611,3378,Savings,Active,2024-05-21,0.0,4.39
10612,ACC00010612,9004,Salary,Active,2022-09-17,0.0,2.79
10613,ACC00010613,9414,Current,Closed,2021-04-29,393900.0,2.51
10614,ACC00010614,1526,Current,Active,2022-02-12,1655300.0,4.8
10615,ACC00010615,1571,Savings,Active,2021-10-30,0.0,4.18
10616,ACC00010616,9310,Savings,Active,2019-07-02,0.0,4.93
10617,ACC00010617,8958,Loan,Active,2023-06-20,1103700.0,12.0
10618,ACC00010618,4126,Savings,Dormant,2024-11-13,0.0,3.38
10619,ACC00010619,2490,Savings,Active,2020-06-17,0.0,4.27
10620,ACC00010620,8762,Current,Active,2022-05-04,1176300.0,4.48
10621,ACC00010621,5525,Current,Active,2018-09-08,1444200.0,2.6
10622,ACC00010622,8046,Current,Active,2024-11-25,1431600.0,4.57
10623,ACC00010623,1931,Savings,Active,2018-10-28,0.0,3.64
10624,ACC00010624,1094,Loan,Active,2023-03-21,1950000.0,9.42
10625,ACC00010625,9939,Current,Active,2020-01-27,188300.0,3.73
10626,ACC00010626,8992,Current,Active,2018-01-22,1900300.0,2.53
10627,ACC00010627,8091,Savings,Active,2025-11-17,0.0,3.08
10628,ACC00010628,7342,Current,Active,2022-03-03,558700.0,3.92
10629,ACC00010629,5645,Current,Active,2023-12-11,1305300.0,2.87
10630,ACC00010630,9649,Loan,Active,2025-02-24,153800.0,14.29
10631,ACC00010631,4467,Current,Active,2019-06-22,1377200.0,4.97
10632,ACC00010632,6610,Loan,Active,2021-01-13,415100.0,10.62
10633,ACC00010633,1513,Salary,Closed,2020-10-26,0.0,4.29
10634,ACC00010634,3582,Savings,Closed,2023-03-15,0.0,4.39
10635,ACC00010635,2010,Savings,Closed,2018-07-05,0.0,3.48
10636,ACC00010636,7339,Current,Blocked,2019-11-07,1894000.0,4.36
10637,ACC00010637,3791,Loan,Blocked,2022-05-01,1722700.0,13.92
10638,ACC00010638,2406,Savings,Active,2025-06-01,0.0,4.39
10639,ACC00010639,7017,Fixed Deposit,Active,2021-04-21,0.0,6.62
10640,ACC00010640,961,Savings,Active,2020-03-21,0.0,4.01
10641,ACC00010641,9166,Salary,Active,2023-05-09,0.0,4.69
10642,ACC00010642,6067,Savings,Active,2024-05-06,0.0,4.77
10643,ACC00010643,1014,Savings,Active,2025-10-11,0.0,3.12
10644,ACC00010644,9691,Savings,Closed,2022-01-28,0.0,2.86
10645,ACC00010645,4256,Savings,Closed,2024-04-05,0.0,3.5
10646,ACC00010646,6725,Savings,Active,2021-12-17,0.0,3.3
10647,ACC00010647,2617,Savings,Active,2020-08-20,0.0,3.71
10648,ACC00010648,8894,Current,Active,2025-11-29,358400.0,3.59
10649,ACC00010649,2144,Fixed Deposit,Active,2025-03-14,0.0,8.3
10650,ACC00010650,7839,Salary,Active,2019-11-24,0.0,3.82
10651,ACC00010651,8902,Fixed Deposit,Active,2019-10-14,0.0,5.94
10652,ACC00010652,2101,Savings,Active,2023-01-23,0.0,4.69
10653,ACC00010653,5432,Fixed Deposit,Active,2022-10-22,0.0,7.2
10654,ACC00010654,7391,Savings,Active,2022-08-27,0.0,3.7
10655,ACC00010655,2860,Fixed Deposit,Active,2025-03-09,0.0,7.7
10656,ACC00010656,6151,Savings,Active,2022-08-29,0.0,4.55
10657,ACC00010657,8116,Salary,Dormant,2018-08-02,0.0,2.87
10658,ACC00010658,7665,Savings,Closed,2022-08-25,0.0,3.44
10659,ACC00010659,2813,Current,Blocked,2024-02-01,673500.0,3.29
10660,ACC00010660,4703,Savings,Active,2019-07-18,0.0,3.82
10661,ACC00010661,5933,Loan,Active,2018-06-20,492900.0,14.26
10662,ACC00010662,681,Savings,Dormant,2023-09-08,0.0,2.68
10663,ACC00010663,5256,Salary,Active,2022-02-15,0.0,3.05
10664,ACC00010664,7914,Current,Active,2020-07-22,715700.0,3.25
10665,ACC00010665,169,Savings,Active,2024-06-23,0.0,5.0
10666,ACC00010666,8694,Salary,Active,2021-05-16,0.0,3.29
10667,ACC00010667,5735,Savings,Active,2024-10-02,0.0,4.85
10668,ACC00010668,5066,Salary,Active,2020-04-02,0.0,2.84
10669,ACC00010669,6650,Current,Active,2024-11-10,397800.0,3.05
10670,ACC00010670,8038,Salary,Dormant,2024-05-04,0.0,2.98
10671,ACC00010671,1204,Salary,Active,2021-12-11,0.0,3.03
10672,ACC00010672,1267,Current,Active,2019-07-03,1663400.0,3.53
10673,ACC00010673,2597,Savings,Active,2025-12-13,0.0,3.14
10674,ACC00010674,1828,Fixed Deposit,Active,2020-04-13,0.0,5.64
10675,ACC00010675,1685,Loan,Active,2023-02-21,702000.0,13.35
10676,ACC00010676,5036,Savings,Active,2021-06-24,0.0,4.05
10677,ACC00010677,4840,Loan,Active,2022-07-22,1697500.0,8.74
10678,ACC00010678,4687,Loan,Active,2024-11-18,1717900.0,8.19
10679,ACC00010679,3736,Savings,Active,2025-10-06,0.0,3.8
10680,ACC00010680,5994,Current,Dormant,2019-05-04,855800.0,3.7
10681,ACC00010681,6835,Fixed Deposit,Active,2020-09-04,0.0,6.29
10682,ACC00010682,2155,Savings,Active,2023-05-03,0.0,4.87
10683,ACC00010683,6930,Savings,Dormant,2023-07-29,0.0,3.26
10684,ACC00010684,4723,Current,Closed,2019-05-12,68900.0,4.58
10685,ACC00010685,8914,Savings,Active,2021-07-28,0.0,2.54
10686,ACC00010686,7975,Savings,Dormant,2019-04-04,0.0,4.56
10687,ACC00010687,9189,Current,Active,2024-12-06,1809700.0,3.66
10688,ACC00010688,7150,Fixed Deposit,Active,2020-10-28,0.0,7.16
10689,ACC00010689,1211,Savings,Active,2025-04-05,0.0,3.78
10690,ACC00010690,4363,Salary,Active,2020-08-16,0.0,4.64
10691,ACC00010691,5771,Loan,Active,2023-07-10,1353900.0,11.67
10692,ACC00010692,7008,Savings,Active,2023-10-10,0.0,3.22
10693,ACC00010693,3234,Savings,Active,2023-03-11,0.0,4.83
10694,ACC00010694,4793,Fixed Deposit,Active,2025-11-30,0.0,6.42
10695,ACC00010695,2048,Savings,Active,2019-12-25,0.0,3.7
10696,ACC00010696,8449,Current,Dormant,2021-05-30,1943500.0,2.81
10697,ACC00010697,1167,Savings,Active,2021-03-25,0.0,2.75
10698,ACC00010698,2968,Current,Closed,2020-06-02,1390100.0,2.65
10699,ACC00010699,1960,Current,Active,2025-08-15,1089300.0,3.2
10700,ACC00010700,5049,Current,Active,2023-10-05,1706500.0,4.41
10701,ACC00010701,6142,Fixed Deposit,Active,2024-11-16,0.0,7.07
10702,ACC00010702,3142,Savings,Active,2019-10-07,0.0,4.55
10703,ACC00010703,5058,Savings,Active,2023-06-05,0.0,3.24
10704,ACC00010704,5073,Fixed Deposit,Active,2022-07-26,0.0,6.18
10705,ACC00010705,3015,Loan,Active,2023-05-01,1476900.0,11.77
10706,ACC00010706,8259,Savings,Active,2018-03-05,0.0,3.35
10707,ACC00010707,9086,Savings,Active,2022-01-28,0.0,3.34
10708,ACC00010708,3020,Loan,Active,2021-07-04,1233300.0,10.44
10709,ACC00010709,696,Savings,Active,2021-01-01,0.0,3.8
10710,ACC00010710,5960,Savings,Active,2018-01-31,0.0,4.8
10711,ACC00010711,6444,Savings,Active,2025-05-09,0.0,2.71
10712,ACC00010712,445,Savings,Active,2018-05-16,0.0,4.93
10713,ACC00010713,1818,Savings,Blocked,2022-09-22,0.0,4.74
10714,ACC00010714,4417,Loan,Active,2023-07-16,1696700.0,13.77
10715,ACC00010715,1793,Savings,Active,2024-01-08,0.0,2.58
10716,ACC00010716,3331,Savings,Active,2020-08-18,0.0,2.56
10717,ACC00010717,4714,Savings,Closed,2019-03-25,0.0,4.88
10718,ACC00010718,9944,Salary,Active,2018-11-30,0.0,4.02
10719,ACC00010719,204,Loan,Active,2019-11-29,1073500.0,9.12
10720,ACC00010720,9294,Savings,Active,2020-01-13,0.0,3.28
10721,ACC00010721,5096,Current,Dormant,2022-06-20,1903600.0,4.64
10722,ACC00010722,1639,Savings,Active,2025-08-20,0.0,2.97
10723,ACC00010723,545,Savings,Active,2020-01-18,0.0,4.25
10724,ACC00010724,7793,Current,Active,2018-08-08,1937800.0,2.85
10725,ACC00010725,8213,Loan,Active,2020-12-21,1885500.0,11.87
10726,ACC00010726,655,Current,Active,2022-08-27,476600.0,4.71
10727,ACC00010727,7100,Current,Active,2020-10-23,516900.0,4.67
10728,ACC00010728,4832,Savings,Active,2019-03-24,0.0,4.99
10729,ACC00010729,1765,Current,Active,2019-05-13,893000.0,3.08
10730,ACC00010730,9973,Current,Active,2020-05-16,343700.0,4.79
10731,ACC00010731,7775,Savings,Active,2018-01-14,0.0,4.23
10732,ACC00010732,4915,Salary,Active,2024-04-16,0.0,4.53
10733,ACC00010733,2018,Savings,Active,2023-06-18,0.0,3.52
10734,ACC00010734,491,Loan,Active,2021-11-08,1976100.0,12.93
10735,ACC00010735,3692,Fixed Deposit,Active,2021-04-07,0.0,7.2
10736,ACC00010736,3019,Current,Active,2020-06-03,1054100.0,4.35
10737,ACC00010737,8052,Loan,Active,2021-06-28,1069900.0,9.65
10738,ACC00010738,7524,Loan,Active,2020-02-11,720100.0,12.71
10739,ACC00010739,3061,Savings,Active,2022-08-01,0.0,4.71
10740,ACC00010740,1161,Fixed Deposit,Active,2019-08-06,0.0,6.01
10741,ACC00010741,8479,Savings,Dormant,2025-01-30,0.0,4.52
10742,ACC00010742,1693,Loan,Blocked,2023-05-08,602400.0,12.3
10743,ACC00010743,2381,Savings,Closed,2018-03-10,0.0,2.96
10744,ACC00010744,1618,Fixed Deposit,Dormant,2020-01-04,0.0,5.72
10745,ACC00010745,2427,Savings,Dormant,2024-06-01,0.0,4.39
10746,ACC00010746,3739,Loan,Active,2019-05-04,1837500.0,12.88
10747,ACC00010747,416,Salary,Active,2019-06-22,0.0,4.82
10748,ACC00010748,8456,Savings,Active,2020-08-04,0.0,3.0
10749,ACC00010749,4045,Salary,Active,2019-10-08,0.0,3.23
10750,ACC00010750,2706,Savings,Active,2020-08-14,0.0,4.75
10751,ACC00010751,3738,Fixed Deposit,Active,2020-10-06,0.0,5.56
10752,ACC00010752,80,Savings,Active,2024-02-15,0.0,2.84
10753,ACC00010753,9454,Current,Active,2025-09-12,1417100.0,2.82
10754,ACC00010754,6893,Salary,Active,2021-11-27,0.0,3.17
10755,ACC00010755,3873,Savings,Closed,2025-04-16,0.0,4.44
10756,ACC00010756,4639,Current,Active,2024-01-11,882700.0,4.5
10757,ACC00010757,399,Savings,Active,2020-10-01,0.0,3.58
10758,ACC00010758,1191,Savings,Active,2022-03-03,0.0,4.21
10759,ACC00010759,3360,Loan,Active,2021-09-08,428200.0,10.01
10760,ACC00010760,1005,Savings,Active,2019-10-07,0.0,2.77
10761,ACC00010761,4266,Loan,Active,2019-11-16,808200.0,7.64
10762,ACC00010762,2956,Current,Active,2019-07-26,741800.0,4.26
10763,ACC00010763,9891,Current,Dormant,2024-10-27,1268400.0,4.22
10764,ACC00010764,5724,Savings,Active,2020-10-09,0.0,2.75
10765,ACC00010765,2400,Savings,Active,2022-11-14,0.0,4.45
10766,ACC00010766,1139,Savings,Active,2018-06-21,0.0,3.36
10767,ACC00010767,3290,Savings,Active,2024-03-23,0.0,4.74
10768,ACC00010768,958,Salary,Dormant,2022-12-17,0.0,3.55
10769,ACC00010769,3786,Current,Active,2019-08-15,1996900.0,2.96
10770,ACC00010770,151,Savings,Dormant,2021-04-20,0.0,3.3
10771,ACC00010771,4821,Current,Active,2022-02-13,940600.0,2.6
10772,ACC00010772,5140,Savings,Active,2019-03-16,0.0,4.53
10773,ACC00010773,5850,Fixed Deposit,Active,2022-08-31,0.0,7.86
10774,ACC00010774,4369,Salary,Active,2020-12-06,0.0,4.12
10775,ACC00010775,6468,Savings,Active,2022-06-03,0.0,2.73
10776,ACC00010776,2126,Savings,Closed,2018-08-30,0.0,3.71
10777,ACC00010777,7374,Fixed Deposit,Closed,2019-08-21,0.0,7.31
10778,ACC00010778,2831,Savings,Active,2020-11-23,0.0,3.8
10779,ACC00010779,7493,Savings,Active,2021-06-26,0.0,2.64
10780,ACC00010780,5519,Savings,Active,2018-03-30,0.0,3.62
10781,ACC00010781,4468,Current,Active,2024-03-17,267300.0,3.19
10782,ACC00010782,5356,Savings,Active,2019-06-30,0.0,3.44
10783,ACC00010783,8610,Fixed Deposit,Active,2024-07-16,0.0,7.79
10784,ACC00010784,7696,Savings,Active,2025-06-07,0.0,3.21
10785,ACC00010785,8263,Savings,Active,2021-09-06,0.0,4.43
10786,ACC00010786,5313,Savings,Active,2018-10-12,0.0,3.13
10787,ACC00010787,3379,Fixed Deposit,Dormant,2023-08-02,0.0,7.53
10788,ACC00010788,8150,Salary,Active,2022-04-17,0.0,4.88
10789,ACC00010789,4360,Current,Active,2022-05-12,436200.0,3.55
10790,ACC00010790,3046,Savings,Active,2021-11-21,0.0,2.57
10791,ACC00010791,3329,Current,Active,2024-03-02,212900.0,3.57
10792,ACC00010792,7999,Savings,Active,2025-09-29,0.0,3.39
10793,ACC00010793,5848,Fixed Deposit,Active,2025-05-16,0.0,8.45
10794,ACC00010794,5988,Salary,Active,2020-06-08,0.0,4.26
10795,ACC00010795,2367,Salary,Active,2019-07-19,0.0,3.06
10796,ACC00010796,746,Loan,Closed,2021-09-15,183400.0,11.45
10797,ACC00010797,4603,Current,Dormant,2021-10-22,1908700.0,3.95
10798,ACC00010798,6971,Savings,Active,2025-01-20,0.0,3.88
10799,ACC00010799,4738,Savings,Active,2025-05-13,0.0,3.57
10800,ACC00010800,4192,Savings,Active,2019-04-27,0.0,4.43
10801,ACC00010801,9943,Loan,Active,2023-02-15,845200.0,12.78
10802,ACC00010802,6176,Savings,Active,2022-03-23,0.0,4.71
10803,ACC00010803,5699,Savings,Active,2024-10-01,0.0,3.65
10804,ACC00010804,3058,Savings,Active,2021-03-23,0.0,2.82
10805,ACC00010805,8050,Savings,Active,2020-06-11,0.0,3.14
10806,ACC00010806,4579,Current,Blocked,2021-08-30,1918000.0,3.06
10807,ACC00010807,8796,Savings,Dormant,2022-02-22,0.0,4.8
10808,ACC00010808,2516,Fixed Deposit,Active,2020-06-01,0.0,7.62
10809,ACC00010809,7062,Savings,Active,2021-03-19,0.0,4.25
10810,ACC00010810,8833,Savings,Dormant,2021-11-03,0.0,4.72
10811,ACC00010811,426,Current,Closed,2021-01-23,699500.0,3.93
10812,ACC00010812,7816,Savings,Active,2024-09-14,0.0,2.61
10813,ACC00010813,2027,Savings,Active,2020-08-16,0.0,2.66
10814,ACC00010814,1494,Savings,Active,2023-12-05,0.0,2.91
10815,ACC00010815,9048,Current,Closed,2018-07-13,1944600.0,3.38
10816,ACC00010816,1684,Current,Active,2019-10-18,307600.0,3.03
10817,ACC00010817,1185,Savings,Active,2024-10-22,0.0,2.69
10818,ACC00010818,5294,Current,Closed,2020-07-27,1039500.0,3.49
10819,ACC00010819,2724,Current,Active,2024-11-10,447600.0,4.72
10820,ACC00010820,3272,Current,Active,2018-05-18,465600.0,4.34
10821,ACC00010821,7774,Savings,Active,2020-08-06,0.0,3.9
10822,ACC00010822,2768,Savings,Active,2020-04-07,0.0,4.46
10823,ACC00010823,7887,Savings,Active,2023-11-07,0.0,3.32
10824,ACC00010824,3501,Current,Active,2024-08-18,1349500.0,4.81
10825,ACC00010825,4170,Loan,Active,2022-06-23,1979000.0,13.6
10826,ACC00010826,3103,Salary,Dormant,2020-02-22,0.0,3.8
10827,ACC00010827,8467,Fixed Deposit,Active,2024-10-14,0.0,7.55
10828,ACC00010828,9016,Savings,Active,2024-04-13,0.0,3.91
10829,ACC00010829,6399,Current,Dormant,2025-10-08,400500.0,4.83
10830,ACC00010830,7489,Salary,Active,2023-09-15,0.0,2.77
10831,ACC00010831,6028,Savings,Active,2023-09-01,0.0,3.57
10832,ACC00010832,3417,Current,Active,2022-08-10,175800.0,4.03
10833,ACC00010833,8032,Savings,Active,2023-08-09,0.0,3.31
10834,ACC00010834,7436,Current,Active,2025-09-16,1640200.0,4.37
10835,ACC00010835,5843,Savings,Active,2021-09-27,0.0,2.83
10836,ACC00010836,1493,Savings,Active,2022-01-13,0.0,4.22
10837,ACC00010837,1324,Fixed Deposit,Active,2025-01-18,0.0,6.67
10838,ACC00010838,203,Salary,Active,2024-05-21,0.0,2.53
10839,ACC00010839,2649,Savings,Active,2022-08-06,0.0,4.97
10840,ACC00010840,7809,Savings,Active,2023-03-14,0.0,3.35
10841,ACC00010841,7395,Savings,Dormant,2023-10-31,0.0,3.7
10842,ACC00010842,2153,Salary,Closed,2018-11-26,0.0,2.69
10843,ACC00010843,3675,Salary,Active,2021-05-19,0.0,4.01
10844,ACC00010844,8910,Savings,Active,2019-09-17,0.0,2.57
10845,ACC00010845,3895,Loan,Blocked,2020-08-14,1386100.0,10.79
10846,ACC00010846,5104,Current,Active,2021-09-15,1555500.0,3.32
10847,ACC00010847,8067,Fixed Deposit,Closed,2020-08-10,0.0,6.73
10848,ACC00010848,9279,Current,Active,2021-10-02,1683000.0,3.21
10849,ACC00010849,4201,Savings,Dormant,2023-03-20,0.0,4.53
10850,ACC00010850,6685,Savings,Active,2025-01-28,0.0,5.0
10851,ACC00010851,273,Savings,Active,2024-06-28,0.0,2.99
10852,ACC00010852,9329,Salary,Active,2022-07-31,0.0,4.6
10853,ACC00010853,5508,Fixed Deposit,Closed,2020-07-18,0.0,7.97
10854,ACC00010854,6718,Current,Active,2019-04-26,135900.0,3.41
10855,ACC00010855,8558,Fixed Deposit,Active,2025-06-03,0.0,6.51
10856,ACC00010856,4558,Savings,Active,2018-05-18,0.0,4.92
10857,ACC00010857,1486,Savings,Active,2020-06-11,0.0,3.48
10858,ACC00010858,1609,Savings,Active,2019-11-17,0.0,4.35
10859,ACC00010859,4930,Savings,Active,2022-05-17,0.0,4.62
10860,ACC00010860,3333,Fixed Deposit,Active,2025-02-11,0.0,6.09
10861,ACC00010861,736,Savings,Active,2018-11-17,0.0,4.0
10862,ACC00010862,7593,Salary,Active,2023-02-07,0.0,3.77
10863,ACC00010863,2441,Savings,Active,2018-03-19,0.0,4.86
10864,ACC00010864,9324,Salary,Active,2023-02-13,0.0,4.76
10865,ACC00010865,452,Savings,Active,2019-03-03,0.0,4.64
10866,ACC00010866,2499,Loan,Blocked,2018-05-06,941600.0,7.67
10867,ACC00010867,7189,Salary,Active,2023-03-31,0.0,4.05
10868,ACC00010868,3111,Salary,Active,2020-02-25,0.0,4.47
10869,ACC00010869,9848,Salary,Closed,2019-06-30,0.0,4.29
10870,ACC00010870,8926,Savings,Active,2021-07-12,0.0,4.86
10871,ACC00010871,1217,Savings,Active,2023-03-29,0.0,3.24
10872,ACC00010872,1680,Loan,Dormant,2021-11-23,1283800.0,10.97
10873,ACC00010873,5881,Savings,Active,2021-11-17,0.0,3.68
10874,ACC00010874,3283,Current,Active,2018-11-12,138400.0,4.91
10875,ACC00010875,9303,Savings,Active,2025-07-11,0.0,4.58
10876,ACC00010876,1698,Salary,Active,2018-05-29,0.0,2.68
10877,ACC00010877,6130,Current,Dormant,2023-10-14,1240500.0,3.36
10878,ACC00010878,3685,Savings,Active,2023-04-24,0.0,3.07
10879,ACC00010879,7575,Current,Active,2019-05-15,1449500.0,4.68
10880,ACC00010880,4192,Savings,Active,2024-02-27,0.0,4.84
10881,ACC00010881,5328,Current,Active,2023-02-15,642900.0,3.11
10882,ACC00010882,1219,Fixed Deposit,Active,2019-07-17,0.0,5.81
10883,ACC00010883,7131,Loan,Closed,2024-11-26,1507500.0,7.62
10884,ACC00010884,6278,Fixed Deposit,Active,2022-07-19,0.0,6.83
10885,ACC00010885,1102,Current,Active,2023-04-12,881100.0,4.23
10886,ACC00010886,8073,Current,Active,2023-02-26,1873600.0,4.04
10887,ACC00010887,3634,Savings,Active,2024-07-05,0.0,2.52
10888,ACC00010888,7660,Current,Active,2025-10-01,1448200.0,4.08
10889,ACC00010889,7744,Current,Active,2021-11-27,1328800.0,4.17
10890,ACC00010890,5043,Savings,Active,2021-03-21,0.0,2.5
10891,ACC00010891,4645,Salary,Dormant,2025-09-29,0.0,4.73
10892,ACC00010892,5070,Savings,Active,2022-07-04,0.0,4.03
10893,ACC00010893,9818,Savings,Active,2018-10-27,0.0,4.92
10894,ACC00010894,5064,Savings,Active,2021-11-15,0.0,4.48
10895,ACC00010895,9124,Savings,Active,2018-04-02,0.0,3.01
10896,ACC00010896,734,Savings,Active,2025-12-25,0.0,4.05
10897,ACC00010897,6928,Current,Active,2022-06-23,755700.0,2.56
10898,ACC00010898,2229,Current,Active,2025-01-31,1942200.0,3.23
10899,ACC00010899,7546,Salary,Active,2022-02-11,0.0,4.05
10900,ACC00010900,7647,Savings,Dormant,2022-05-13,0.0,2.56
10901,ACC00010901,159,Savings,Active,2019-06-27,0.0,3.38
10902,ACC00010902,2723,Savings,Closed,2020-04-23,0.0,4.42
10903,ACC00010903,8613,Savings,Active,2024-07-12,0.0,4.36
10904,ACC00010904,8142,Savings,Active,2021-11-12,0.0,2.53
10905,ACC00010905,7417,Salary,Active,2020-04-05,0.0,3.2
10906,ACC00010906,3823,Fixed Deposit,Dormant,2025-12-22,0.0,5.61
10907,ACC00010907,1086,Current,Active,2018-07-05,1400600.0,4.73
10908,ACC00010908,167,Current,Active,2022-11-03,1704300.0,2.62
10909,ACC00010909,6361,Current,Active,2024-03-12,242700.0,4.91
10910,ACC00010910,7167,Fixed Deposit,Active,2018-03-16,0.0,6.53
10911,ACC00010911,247,Fixed Deposit,Active,2023-06-29,0.0,6.83
10912,ACC00010912,6813,Savings,Active,2023-12-16,0.0,2.5
10913,ACC00010913,3840,Savings,Active,2018-10-24,0.0,2.62
10914,ACC00010914,5128,Fixed Deposit,Dormant,2018-04-16,0.0,5.54
10915,ACC00010915,9576,Savings,Dormant,2023-09-28,0.0,3.74
10916,ACC00010916,3486,Loan,Active,2023-09-10,1492300.0,12.29
10917,ACC00010917,8617,Fixed Deposit,Closed,2018-12-30,0.0,8.05
10918,ACC00010918,2703,Savings,Active,2022-04-05,0.0,4.14
10919,ACC00010919,6071,Current,Active,2021-09-14,1962000.0,2.72
10920,ACC00010920,7501,Savings,Blocked,2021-10-15,0.0,4.5
10921,ACC00010921,1969,Savings,Active,2019-12-25,0.0,2.75
10922,ACC00010922,4109,Savings,Active,2019-09-29,0.0,4.5
10923,ACC00010923,3602,Savings,Active,2024-06-26,0.0,2.57
10924,ACC00010924,8121,Savings,Active,2018-10-26,0.0,3.65
10925,ACC00010925,1032,Fixed Deposit,Active,2021-06-04,0.0,8.11
10926,ACC00010926,7944,Savings,Closed,2018-11-27,0.0,2.55
10927,ACC00010927,1084,Current,Dormant,2018-10-31,678700.0,3.93
10928,ACC00010928,6771,Savings,Closed,2020-08-23,0.0,4.89
10929,ACC00010929,8748,Savings,Active,2018-08-01,0.0,4.26
10930,ACC00010930,104,Savings,Dormant,2025-04-27,0.0,4.71
10931,ACC00010931,1459,Current,Active,2025-03-28,1982000.0,2.79
10932,ACC00010932,1236,Current,Blocked,2021-09-24,464600.0,3.56
10933,ACC00010933,1251,Salary,Active,2021-09-02,0.0,4.0
10934,ACC00010934,5256,Fixed Deposit,Active,2020-06-28,0.0,6.59
10935,ACC00010935,1448,Salary,Active,2021-12-02,0.0,2.72
10936,ACC00010936,7116,Savings,Active,2021-09-08,0.0,3.41
10937,ACC00010937,1775,Salary,Active,2020-05-09,0.0,4.5
10938,ACC00010938,8481,Salary,Active,2022-09-04,0.0,3.81
10939,ACC00010939,1901,Salary,Active,2022-10-03,0.0,3.5
10940,ACC00010940,4863,Fixed Deposit,Active,2020-04-12,0.0,7.58
10941,ACC00010941,8247,Savings,Active,2019-08-10,0.0,2.72
10942,ACC00010942,3385,Savings,Active,2024-09-27,0.0,3.82
10943,ACC00010943,2374,Savings,Active,2022-04-09,0.0,4.0
10944,ACC00010944,4238,Salary,Active,2019-02-26,0.0,3.93
10945,ACC00010945,8412,Current,Active,2023-05-01,1116200.0,3.0
10946,ACC00010946,7705,Loan,Active,2021-10-10,1954500.0,9.79
10947,ACC00010947,1959,Salary,Active,2023-04-11,0.0,3.48
10948,ACC00010948,1303,Savings,Active,2018-08-25,0.0,4.86
10949,ACC00010949,2731,Savings,Active,2023-01-26,0.0,2.96
10950,ACC00010950,9063,Loan,Active,2018-11-24,206800.0,9.53
10951,ACC00010951,1169,Loan,Active,2018-04-30,1054200.0,13.75
10952,ACC00010952,1018,Savings,Active,2020-01-01,0.0,4.93
10953,ACC00010953,5916,Current,Active,2024-11-27,1374500.0,2.66
10954,ACC00010954,2066,Savings,Active,2022-11-12,0.0,3.66
10955,ACC00010955,1232,Savings,Active,2020-06-20,0.0,3.67
10956,ACC00010956,1428,Savings,Active,2023-12-18,0.0,3.5
10957,ACC00010957,4733,Savings,Active,2023-12-25,0.0,4.14
10958,ACC00010958,8535,Salary,Active,2025-08-27,0.0,4.54
10959,ACC00010959,8345,Current,Active,2023-02-05,66200.0,2.79
10960,ACC00010960,4975,Fixed Deposit,Active,2018-12-21,0.0,5.95
10961,ACC00010961,7046,Loan,Active,2020-02-17,476500.0,9.99
10962,ACC00010962,4840,Savings,Active,2024-02-07,0.0,4.97
10963,ACC00010963,157,Current,Active,2018-05-28,334400.0,4.61
10964,ACC00010964,6153,Salary,Closed,2022-09-02,0.0,2.7
10965,ACC00010965,3214,Fixed Deposit,Active,2022-05-30,0.0,6.9
10966,ACC00010966,7085,Savings,Active,2023-11-09,0.0,4.88
10967,ACC00010967,783,Salary,Active,2021-01-21,0.0,4.04
10968,ACC00010968,6000,Fixed Deposit,Active,2021-01-12,0.0,8.37
10969,ACC00010969,4979,Salary,Active,2022-10-02,0.0,3.95
10970,ACC00010970,6445,Salary,Active,2020-01-21,0.0,3.21
10971,ACC00010971,1216,Loan,Active,2018-03-18,564700.0,12.91
10972,ACC00010972,4396,Salary,Active,2022-07-30,0.0,2.71
10973,ACC00010973,3593,Current,Active,2023-10-04,1792100.0,4.73
10974,ACC00010974,348,Fixed Deposit,Active,2024-09-16,0.0,7.43
10975,ACC00010975,2536,Savings,Active,2021-11-08,0.0,2.51
10976,ACC00010976,1676,Fixed Deposit,Closed,2022-08-24,0.0,8.3
10977,ACC00010977,4475,Current,Active,2021-06-22,1698300.0,3.75
10978,ACC00010978,5500,Current,Active,2019-01-11,1331300.0,2.75
10979,ACC00010979,9889,Salary,Closed,2018-08-21,0.0,4.12
10980,ACC00010980,724,Salary,Active,2022-02-19,0.0,4.64
10981,ACC00010981,7267,Current,Active,2022-12-21,249400.0,4.88
10982,ACC00010982,906,Fixed Deposit,Active,2025-04-10,0.0,5.83
10983,ACC00010983,9614,Salary,Active,2020-03-27,0.0,2.74
10984,ACC00010984,2125,Current,Active,2018-08-16,960700.0,3.44
10985,ACC00010985,8186,Salary,Active,2023-12-19,0.0,4.25
10986,ACC00010986,5661,Savings,Active,2022-09-13,0.0,4.03
10987,ACC00010987,4872,Loan,Active,2025-05-12,243300.0,11.95
10988,ACC00010988,4312,Current,Active,2025-06-07,1525600.0,4.68
10989,ACC00010989,3525,Current,Active,2018-09-10,1486200.0,4.74
10990,ACC00010990,7644,Savings,Active,2023-11-21,0.0,2.54
10991,ACC00010991,2114,Savings,Blocked,2023-03-20,0.0,3.02
10992,ACC00010992,3541,Loan,Closed,2021-05-26,1845300.0,7.75
10993,ACC00010993,3035,Loan,Active,2019-01-18,1308400.0,11.61
10994,ACC00010994,9927,Loan,Closed,2021-12-09,1091700.0,10.68
10995,ACC00010995,7593,Savings,Active,2024-09-25,0.0,3.57
10996,ACC00010996,7818,Current,Active,2024-12-06,762100.0,3.49
10997,ACC00010997,921,Savings,Active,2023-08-26,0.0,3.94
10998,ACC00010998,3866,Salary,Closed,2025-08-28,0.0,3.42
10999,ACC00010999,2676,Savings,Active,2022-06-08,0.0,3.94
11000,ACC00011000,454,Salary,Active,2022-07-31,0.0,4.49
11001,ACC00011001,4608,Salary,Active,2020-11-21,0.0,4.76
11002,ACC00011002,9575,Loan,Active,2022-03-05,1063600.0,13.04
11003,ACC00011003,1676,Fixed Deposit,Active,2022-05-20,0.0,7.19
11004,ACC00011004,4877,Current,Active,2023-10-14,1937700.0,4.64
11005,ACC00011005,4178,Current,Active,2018-12-19,654200.0,4.32
11006,ACC00011006,8901,Savings,Active,2020-11-13,0.0,4.88
11007,ACC00011007,1055,Loan,Active,2025-04-14,1258900.0,10.05
11008,ACC00011008,399,Savings,Active,2019-03-26,0.0,3.18
11009,ACC00011009,4066,Savings,Active,2018-08-29,0.0,2.55
11010,ACC00011010,7877,Savings,Active,2018-12-16,0.0,3.39
11011,ACC00011011,2040,Savings,Active,2022-09-17,0.0,2.81
11012,ACC00011012,272,Current,Active,2021-06-13,1775500.0,3.57
11013,ACC00011013,6012,Loan,Active,2022-01-26,782500.0,7.71
11014,ACC00011014,6441,Loan,Active,2023-09-14,1569500.0,10.0
11015,ACC00011015,9604,Savings,Active,2022-01-25,0.0,3.94
11016,ACC00011016,2913,Loan,Active,2018-04-27,426900.0,8.97
11017,ACC00011017,4444,Loan,Active,2023-02-01,821400.0,13.29
11018,ACC00011018,6347,Savings,Dormant,2019-04-17,0.0,4.0
11019,ACC00011019,8005,Current,Active,2022-07-06,1319300.0,3.23
11020,ACC00011020,2986,Savings,Dormant,2022-01-07,0.0,4.98
11021,ACC00011021,8071,Savings,Active,2021-09-24,0.0,3.58
11022,ACC00011022,7283,Savings,Active,2025-09-14,0.0,4.49
11023,ACC00011023,4632,Current,Active,2025-01-30,444500.0,4.46
11024,ACC00011024,4652,Current,Dormant,2025-06-19,1657500.0,3.43
11025,ACC00011025,5874,Savings,Active,2022-10-11,0.0,3.02
11026,ACC00011026,6212,Savings,Dormant,2019-07-17,0.0,3.75
11027,ACC00011027,6796,Savings,Active,2019-11-26,0.0,3.43
11028,ACC00011028,5303,Fixed Deposit,Active,2023-09-25,0.0,8.28
11029,ACC00011029,8452,Current,Active,2023-08-24,568200.0,4.82
11030,ACC00011030,2970,Salary,Active,2020-01-25,0.0,3.98
11031,ACC00011031,3337,Current,Active,2025-12-19,1614300.0,4.04
11032,ACC00011032,781,Savings,Active,2018-03-31,0.0,4.12
11033,ACC00011033,6767,Loan,Active,2023-05-06,967500.0,12.88
11034,ACC00011034,3583,Fixed Deposit,Active,2022-02-04,0.0,8.05
11035,ACC00011035,4149,Savings,Active,2019-11-14,0.0,3.71
11036,ACC00011036,6268,Fixed Deposit,Active,2020-04-12,0.0,6.2
11037,ACC00011037,61,Savings,Active,2024-09-18,0.0,3.5
11038,ACC00011038,2437,Savings,Active,2018-08-06,0.0,2.51
11039,ACC00011039,9036,Fixed Deposit,Active,2022-08-21,0.0,8.07
11040,ACC00011040,9180,Savings,Active,2021-06-26,0.0,3.57
11041,ACC00011041,5578,Savings,Active,2022-04-11,0.0,4.15
11042,ACC00011042,1409,Salary,Active,2020-07-27,0.0,3.42
11043,ACC00011043,5539,Current,Active,2021-10-10,529900.0,3.86
11044,ACC00011044,9884,Salary,Dormant,2024-06-22,0.0,3.14
11045,ACC00011045,819,Savings,Active,2023-05-31,0.0,4.17
11046,ACC00011046,6594,Savings,Active,2023-05-04,0.0,2.94
11047,ACC00011047,581,Savings,Active,2018-02-07,0.0,4.45
11048,ACC00011048,3407,Savings,Active,2018-10-06,0.0,2.84
11049,ACC00011049,2369,Savings,Blocked,2019-04-04,0.0,3.29
11050,ACC00011050,2840,Savings,Active,2020-03-28,0.0,3.17
11051,ACC00011051,8713,Loan,Active,2022-01-25,1247700.0,11.13
11052,ACC00011052,7871,Fixed Deposit,Active,2019-06-08,0.0,6.78
11053,ACC00011053,4413,Fixed Deposit,Active,2018-10-13,0.0,6.02
11054,ACC00011054,328,Savings,Active,2023-06-22,0.0,3.02
11055,ACC00011055,8727,Savings,Active,2022-09-14,0.0,3.21
11056,ACC00011056,7663,Savings,Closed,2022-08-29,0.0,3.63
11057,ACC00011057,8913,Savings,Active,2022-02-25,0.0,3.47
11058,ACC00011058,8795,Savings,Active,2022-11-21,0.0,3.02
11059,ACC00011059,5853,Savings,Blocked,2022-10-19,0.0,2.6
11060,ACC00011060,6463,Current,Active,2023-10-16,636900.0,4.33
11061,ACC00011061,3671,Salary,Active,2022-11-30,0.0,2.52
11062,ACC00011062,8011,Current,Active,2021-05-23,1267900.0,3.8
11063,ACC00011063,3592,Savings,Active,2018-02-15,0.0,3.7
11064,ACC00011064,8691,Savings,Active,2021-05-10,0.0,4.68
11065,ACC00011065,4186,Fixed Deposit,Dormant,2025-10-12,0.0,7.11
11066,ACC00011066,6653,Salary,Active,2022-05-18,0.0,2.55
11067,ACC00011067,6900,Savings,Active,2022-02-13,0.0,2.75
11068,ACC00011068,8712,Savings,Dormant,2019-03-15,0.0,4.31
11069,ACC00011069,8135,Fixed Deposit,Active,2024-04-13,0.0,5.5
11070,ACC00011070,3187,Salary,Closed,2025-07-15,0.0,2.82
11071,ACC00011071,5664,Salary,Active,2025-03-16,0.0,3.41
11072,ACC00011072,3172,Savings,Active,2019-09-08,0.0,4.86
11073,ACC00011073,9037,Salary,Active,2022-06-19,0.0,3.47
11074,ACC00011074,9599,Current,Active,2023-12-16,415000.0,4.09
11075,ACC00011075,3777,Current,Active,2019-12-03,77900.0,3.17
11076,ACC00011076,6463,Fixed Deposit,Active,2022-06-03,0.0,6.32
11077,ACC00011077,7733,Savings,Active,2021-02-25,0.0,3.44
11078,ACC00011078,6211,Savings,Active,2020-04-23,0.0,4.62
11079,ACC00011079,9374,Savings,Dormant,2018-02-21,0.0,4.35
11080,ACC00011080,6715,Savings,Active,2021-09-10,0.0,2.78
11081,ACC00011081,3481,Salary,Active,2020-10-09,0.0,3.11
11082,ACC00011082,4257,Savings,Active,2018-08-15,0.0,3.19
11083,ACC00011083,528,Savings,Active,2024-10-21,0.0,3.26
11084,ACC00011084,6705,Fixed Deposit,Active,2021-06-14,0.0,8.48
11085,ACC00011085,8687,Fixed Deposit,Active,2019-08-02,0.0,8.26
11086,ACC00011086,2845,Savings,Active,2020-02-26,0.0,3.88
11087,ACC00011087,6341,Current,Active,2024-06-01,1790800.0,4.57
11088,ACC00011088,6097,Savings,Active,2024-11-05,0.0,2.69
11089,ACC00011089,8565,Savings,Active,2018-08-26,0.0,3.24
11090,ACC00011090,7409,Salary,Active,2024-03-27,0.0,4.92
11091,ACC00011091,5305,Savings,Active,2022-03-30,0.0,4.7
11092,ACC00011092,9913,Fixed Deposit,Active,2023-10-14,0.0,5.92
11093,ACC00011093,9681,Savings,Dormant,2018-09-23,0.0,3.03
11094,ACC00011094,7414,Savings,Active,2023-03-20,0.0,4.58
11095,ACC00011095,106,Current,Active,2018-12-25,1337700.0,4.9
11096,ACC00011096,1046,Loan,Active,2022-08-09,601200.0,9.42
11097,ACC00011097,5912,Salary,Active,2019-04-09,0.0,2.74
11098,ACC00011098,8092,Salary,Active,2024-08-05,0.0,4.89
11099,ACC00011099,4409,Savings,Dormant,2022-07-04,0.0,2.5
11100,ACC00011100,3841,Current,Active,2025-07-10,1250800.0,4.27
11101,ACC00011101,9061,Fixed Deposit,Active,2022-12-13,0.0,7.69
11102,ACC00011102,7962,Savings,Active,2019-04-17,0.0,3.57
11103,ACC00011103,7666,Savings,Active,2024-02-18,0.0,4.68
11104,ACC00011104,7293,Salary,Active,2024-10-27,0.0,3.39
11105,ACC00011105,2743,Savings,Active,2023-02-20,0.0,2.83
11106,ACC00011106,8022,Loan,Active,2020-12-18,1006900.0,8.69
11107,ACC00011107,3850,Loan,Closed,2024-04-07,938400.0,11.18
11108,ACC00011108,6542,Salary,Active,2024-08-19,0.0,3.59
11109,ACC00011109,1376,Current,Active,2023-02-24,1934400.0,3.07
11110,ACC00011110,8173,Savings,Active,2019-03-22,0.0,2.76
11111,ACC00011111,4260,Current,Blocked,2018-09-17,346000.0,2.91
11112,ACC00011112,3891,Savings,Dormant,2025-04-18,0.0,2.91
11113,ACC00011113,1903,Loan,Active,2021-07-10,915800.0,13.46
11114,ACC00011114,4513,Savings,Active,2025-01-03,0.0,3.37
11115,ACC00011115,5584,Savings,Active,2024-06-29,0.0,3.65
11116,ACC00011116,3715,Salary,Active,2019-02-24,0.0,4.53
11117,ACC00011117,6234,Savings,Dormant,2020-11-20,0.0,3.81
11118,ACC00011118,632,Current,Active,2019-10-16,1671100.0,2.88
11119,ACC00011119,4770,Fixed Deposit,Dormant,2021-04-02,0.0,7.5
11120,ACC00011120,1834,Savings,Dormant,2019-03-24,0.0,4.21
11121,ACC00011121,9993,Savings,Active,2020-01-17,0.0,4.89
11122,ACC00011122,6414,Savings,Active,2025-09-06,0.0,3.16
11123,ACC00011123,7521,Current,Closed,2025-11-24,533900.0,2.9
11124,ACC00011124,8294,Fixed Deposit,Active,2018-07-23,0.0,7.21
11125,ACC00011125,9605,Fixed Deposit,Active,2019-12-09,0.0,6.33
11126,ACC00011126,4339,Savings,Dormant,2020-03-08,0.0,4.51
11127,ACC00011127,4129,Current,Active,2024-08-15,981900.0,3.68
11128,ACC00011128,8273,Fixed Deposit,Active,2019-10-31,0.0,7.06
11129,ACC00011129,7253,Savings,Active,2022-07-16,0.0,2.93
11130,ACC00011130,3847,Savings,Closed,2024-11-22,0.0,4.4
11131,ACC00011131,1832,Savings,Active,2019-10-28,0.0,3.09
11132,ACC00011132,2211,Loan,Active,2019-04-15,1881300.0,8.33
11133,ACC00011133,7612,Savings,Active,2020-04-12,0.0,3.64
11134,ACC00011134,6789,Savings,Active,2019-09-01,0.0,3.2
11135,ACC00011135,6076,Loan,Active,2022-02-15,1953600.0,9.23
11136,ACC00011136,4101,Loan,Active,2021-12-04,175900.0,11.72
11137,ACC00011137,216,Savings,Blocked,2020-05-14,0.0,3.53
11138,ACC00011138,6102,Savings,Active,2018-04-01,0.0,3.89
11139,ACC00011139,5036,Salary,Active,2024-11-08,0.0,3.99
11140,ACC00011140,3789,Savings,Blocked,2020-07-26,0.0,4.05
11141,ACC00011141,2774,Current,Active,2022-12-12,1844400.0,4.13
11142,ACC00011142,602,Salary,Active,2025-03-04,0.0,3.88
11143,ACC00011143,1873,Savings,Active,2019-12-13,0.0,3.89
11144,ACC00011144,6457,Loan,Active,2023-08-12,427100.0,7.53
11145,ACC00011145,178,Loan,Active,2018-04-04,412900.0,8.6
11146,ACC00011146,692,Savings,Active,2020-07-28,0.0,2.95
11147,ACC00011147,5771,Loan,Active,2018-12-13,357100.0,14.26
11148,ACC00011148,2078,Savings,Active,2020-01-01,0.0,4.98
11149,ACC00011149,5806,Fixed Deposit,Active,2019-08-08,0.0,5.76
11150,ACC00011150,8919,Salary,Active,2021-02-15,0.0,4.46
11151,ACC00011151,5498,Savings,Dormant,2024-03-18,0.0,3.24
11152,ACC00011152,1935,Savings,Active,2020-02-07,0.0,4.47
11153,ACC00011153,6204,Savings,Active,2018-05-27,0.0,4.97
11154,ACC00011154,3675,Savings,Closed,2024-09-29,0.0,4.63
11155,ACC00011155,2054,Loan,Active,2022-07-04,1943700.0,10.92
11156,ACC00011156,9950,Savings,Active,2018-09-06,0.0,3.67
11157,ACC00011157,2053,Loan,Active,2025-07-08,1275300.0,12.44
11158,ACC00011158,7075,Savings,Active,2024-08-25,0.0,2.69
11159,ACC00011159,5559,Savings,Active,2020-03-29,0.0,4.87
11160,ACC00011160,1038,Savings,Active,2021-11-12,0.0,3.36
11161,ACC00011161,3345,Current,Active,2022-03-29,973000.0,3.78
11162,ACC00011162,8073,Current,Closed,2024-11-05,68600.0,4.05
11163,ACC00011163,680,Savings,Active,2025-06-17,0.0,3.05
11164,ACC00011164,6692,Fixed Deposit,Closed,2025-07-01,0.0,5.67
11165,ACC00011165,7242,Loan,Active,2019-03-23,1437500.0,10.24
11166,ACC00011166,4443,Savings,Dormant,2023-10-07,0.0,4.33
11167,ACC00011167,5681,Current,Active,2023-08-21,237300.0,4.52
11168,ACC00011168,7604,Savings,Active,2022-12-13,0.0,4.37
11169,ACC00011169,3269,Salary,Dormant,2018-01-27,0.0,4.7
11170,ACC00011170,3281,Salary,Active,2019-09-16,0.0,2.55
11171,ACC00011171,3103,Savings,Active,2018-01-19,0.0,3.1
11172,ACC00011172,8377,Salary,Active,2021-12-04,0.0,4.29
11173,ACC00011173,4686,Salary,Active,2022-11-03,0.0,4.03
11174,ACC00011174,4567,Salary,Active,2023-09-14,0.0,4.9
11175,ACC00011175,3933,Fixed Deposit,Closed,2018-03-08,0.0,5.98
11176,ACC00011176,9831,Loan,Active,2025-08-12,1827200.0,11.42
11177,ACC00011177,2479,Savings,Active,2018-03-26,0.0,4.93
11178,ACC00011178,956,Salary,Active,2024-07-27,0.0,4.32
11179,ACC00011179,7774,Current,Dormant,2025-08-05,1303600.0,4.13
11180,ACC00011180,3350,Fixed Deposit,Active,2018-07-15,0.0,7.92
11181,ACC00011181,6560,Savings,Active,2025-03-24,0.0,2.95
11182,ACC00011182,1787,Savings,Active,2024-11-01,0.0,4.55
11183,ACC00011183,724,Savings,Active,2025-12-17,0.0,3.89
11184,ACC00011184,7298,Salary,Active,2018-02-25,0.0,3.43
11185,ACC00011185,6009,Savings,Dormant,2024-11-11,0.0,3.0
11186,ACC00011186,6720,Savings,Active,2021-02-28,0.0,2.59
11187,ACC00011187,2042,Savings,Active,2018-04-20,0.0,4.94
11188,ACC00011188,8604,Fixed Deposit,Active,2022-10-31,0.0,6.02
11189,ACC00011189,515,Current,Dormant,2019-12-15,1708800.0,4.45
11190,ACC00011190,9659,Savings,Closed,2025-12-05,0.0,4.42
11191,ACC00011191,1123,Fixed Deposit,Closed,2019-02-16,0.0,6.72
11192,ACC00011192,9662,Savings,Active,2019-10-31,0.0,4.95
11193,ACC00011193,2495,Savings,Dormant,2024-09-06,0.0,4.73
11194,ACC00011194,3603,Salary,Active,2025-11-03,0.0,4.19
11195,ACC00011195,902,Savings,Active,2022-11-01,0.0,4.13
11196,ACC00011196,6603,Current,Closed,2021-07-31,1807600.0,3.63
11197,ACC00011197,8262,Savings,Active,2024-06-30,0.0,4.13
11198,ACC00011198,8146,Salary,Active,2025-01-22,0.0,3.86
11199,ACC00011199,9711,Current,Active,2024-02-16,1762400.0,3.01
11200,ACC00011200,9662,Savings,Active,2023-03-22,0.0,3.82
11201,ACC00011201,3150,Savings,Active,2019-06-08,0.0,4.44
11202,ACC00011202,1217,Savings,Active,2018-07-01,0.0,2.77
11203,ACC00011203,7356,Loan,Active,2019-01-02,1736700.0,9.93
11204,ACC00011204,5966,Savings,Active,2022-05-17,0.0,4.57
11205,ACC00011205,7370,Current,Active,2019-08-01,736600.0,3.25
11206,ACC00011206,9958,Loan,Active,2020-06-02,1372300.0,12.59
11207,ACC00011207,6981,Savings,Active,2023-05-29,0.0,4.32
11208,ACC00011208,592,Savings,Active,2020-07-12,0.0,3.29
11209,ACC00011209,5140,Current,Active,2023-08-29,220500.0,3.01
11210,ACC00011210,4274,Savings,Active,2018-06-08,0.0,2.9
11211,ACC00011211,4018,Savings,Active,2020-02-17,0.0,4.15
11212,ACC00011212,3849,Savings,Active,2023-04-05,0.0,3.18
11213,ACC00011213,6758,Savings,Active,2018-04-22,0.0,3.73
11214,ACC00011214,5098,Savings,Active,2019-07-14,0.0,4.61
11215,ACC00011215,9673,Savings,Active,2022-10-06,0.0,4.62
11216,ACC00011216,2697,Current,Active,2023-09-11,1975500.0,4.92
11217,ACC00011217,8609,Current,Active,2022-09-19,1245600.0,4.09
11218,ACC00011218,5177,Current,Dormant,2023-06-07,554100.0,4.32
11219,ACC00011219,4853,Loan,Active,2025-01-16,1701400.0,12.2
11220,ACC00011220,5887,Savings,Active,2025-08-07,0.0,4.34
11221,ACC00011221,3743,Savings,Active,2023-09-09,0.0,4.16
11222,ACC00011222,5883,Current,Closed,2024-10-12,1526800.0,3.11
11223,ACC00011223,295,Savings,Dormant,2019-07-08,0.0,3.75
11224,ACC00011224,965,Savings,Active,2022-05-04,0.0,4.5
11225,ACC00011225,8914,Savings,Dormant,2023-10-19,0.0,3.15
11226,ACC00011226,5813,Savings,Active,2022-10-24,0.0,2.9
11227,ACC00011227,4449,Savings,Active,2023-03-06,0.0,3.75
11228,ACC00011228,1393,Salary,Blocked,2019-07-29,0.0,4.66
11229,ACC00011229,338,Savings,Active,2018-02-22,0.0,4.46
11230,ACC00011230,3514,Savings,Blocked,2022-07-22,0.0,2.84
11231,ACC00011231,2380,Fixed Deposit,Active,2024-07-23,0.0,7.54
11232,ACC00011232,8665,Savings,Closed,2022-04-17,0.0,4.82
11233,ACC00011233,832,Savings,Active,2020-05-22,0.0,4.7
11234,ACC00011234,9078,Savings,Active,2021-03-02,0.0,4.65
11235,ACC00011235,9243,Savings,Closed,2021-01-16,0.0,3.12
11236,ACC00011236,8809,Savings,Active,2018-11-21,0.0,4.04
11237,ACC00011237,245,Loan,Dormant,2018-11-13,1718500.0,13.4
11238,ACC00011238,1801,Savings,Active,2019-02-06,0.0,4.21
11239,ACC00011239,689,Savings,Active,2021-08-29,0.0,4.5
11240,ACC00011240,4671,Loan,Active,2022-02-11,961300.0,9.15
11241,ACC00011241,8817,Current,Blocked,2019-11-06,1757400.0,2.62
11242,ACC00011242,7574,Savings,Active,2021-01-19,0.0,2.81
11243,ACC00011243,679,Savings,Active,2023-09-07,0.0,4.62
11244,ACC00011244,3001,Salary,Active,2025-12-01,0.0,4.27
11245,ACC00011245,2928,Current,Active,2019-01-21,914500.0,4.83
11246,ACC00011246,6351,Fixed Deposit,Active,2018-09-20,0.0,6.16
11247,ACC00011247,7831,Loan,Closed,2021-07-23,1373400.0,10.26
11248,ACC00011248,1342,Savings,Active,2021-06-18,0.0,3.83
11249,ACC00011249,2351,Savings,Active,2023-02-01,0.0,3.83
11250,ACC00011250,8887,Fixed Deposit,Dormant,2018-05-18,0.0,6.07
11251,ACC00011251,858,Fixed Deposit,Active,2024-10-17,0.0,7.76
11252,ACC00011252,4630,Savings,Active,2022-12-10,0.0,2.81
11253,ACC00011253,8169,Current,Active,2023-08-18,1350900.0,3.31
11254,ACC00011254,6176,Savings,Active,2024-01-30,0.0,4.9
11255,ACC00011255,1046,Current,Active,2021-03-18,462400.0,2.99
11256,ACC00011256,5822,Savings,Active,2023-12-07,0.0,3.19
11257,ACC00011257,988,Salary,Active,2021-07-09,0.0,3.01
11258,ACC00011258,5111,Savings,Active,2023-09-23,0.0,3.94
11259,ACC00011259,2538,Salary,Active,2019-08-10,0.0,4.66
11260,ACC00011260,5167,Savings,Closed,2025-01-29,0.0,4.43
11261,ACC00011261,8193,Loan,Active,2025-05-13,1250900.0,12.71
11262,ACC00011262,3012,Savings,Active,2018-12-06,0.0,2.89
11263,ACC00011263,3536,Savings,Active,2018-02-08,0.0,4.41
11264,ACC00011264,4134,Savings,Active,2024-12-17,0.0,2.83
11265,ACC00011265,9641,Current,Active,2021-01-20,1303500.0,3.39
11266,ACC00011266,2532,Savings,Active,2022-04-24,0.0,2.81
11267,ACC00011267,6542,Savings,Closed,2025-03-24,0.0,4.91
11268,ACC00011268,6379,Fixed Deposit,Active,2023-04-17,0.0,5.85
11269,ACC00011269,6507,Savings,Active,2020-02-04,0.0,3.19
11270,ACC00011270,1539,Savings,Active,2019-09-14,0.0,4.84
11271,ACC00011271,6280,Loan,Active,2022-04-23,1033900.0,8.89
11272,ACC00011272,3521,Current,Active,2023-11-18,1449100.0,3.65
11273,ACC00011273,3157,Savings,Dormant,2018-07-03,0.0,3.19
11274,ACC00011274,1794,Loan,Active,2020-09-22,1386500.0,9.83
11275,ACC00011275,5206,Salary,Active,2023-10-27,0.0,3.02
11276,ACC00011276,3896,Salary,Active,2018-06-05,0.0,3.97
11277,ACC00011277,7357,Savings,Active,2019-02-01,0.0,2.8
11278,ACC00011278,6652,Current,Active,2023-10-29,324000.0,2.82
11279,ACC00011279,6407,Current,Active,2018-05-10,1352200.0,2.93
11280,ACC00011280,7970,Savings,Active,2021-07-21,0.0,2.72
11281,ACC00011281,8214,Savings,Active,2025-09-24,0.0,4.22
11282,ACC00011282,5525,Savings,Active,2019-01-09,0.0,2.6
11283,ACC00011283,4605,Loan,Active,2023-11-27,1061600.0,8.91
11284,ACC00011284,2285,Fixed Deposit,Blocked,2020-03-25,0.0,6.38
11285,ACC00011285,9926,Current,Active,2025-05-06,939100.0,4.68
11286,ACC00011286,2687,Savings,Active,2021-09-28,0.0,3.11
11287,ACC00011287,8095,Savings,Active,2018-06-02,0.0,4.77
11288,ACC00011288,8473,Current,Active,2025-04-13,881400.0,3.04
11289,ACC00011289,1079,Savings,Active,2021-02-28,0.0,4.45
11290,ACC00011290,5923,Current,Active,2019-02-17,1371700.0,4.43
11291,ACC00011291,844,Loan,Active,2019-01-06,1752500.0,13.93
11292,ACC00011292,3152,Fixed Deposit,Active,2020-10-10,0.0,7.95
11293,ACC00011293,3401,Loan,Active,2021-03-21,1929500.0,10.87
11294,ACC00011294,7677,Fixed Deposit,Active,2025-12-18,0.0,7.02
11295,ACC00011295,3575,Savings,Closed,2022-03-06,0.0,4.16
11296,ACC00011296,8516,Savings,Active,2025-02-05,0.0,3.76
11297,ACC00011297,2762,Salary,Active,2022-03-29,0.0,3.27
11298,ACC00011298,9136,Salary,Active,2021-11-22,0.0,3.56
11299,ACC00011299,9260,Savings,Active,2025-06-14,0.0,3.71
11300,ACC00011300,7718,Savings,Active,2022-04-11,0.0,3.06
11301,ACC00011301,1340,Salary,Active,2024-02-09,0.0,3.75
11302,ACC00011302,9430,Savings,Active,2023-03-31,0.0,4.91
11303,ACC00011303,5030,Salary,Active,2025-09-24,0.0,4.38
11304,ACC00011304,7872,Savings,Dormant,2023-08-04,0.0,4.56
11305,ACC00011305,9723,Savings,Closed,2022-07-29,0.0,2.53
11306,ACC00011306,5470,Current,Active,2019-07-18,1388700.0,3.93
11307,ACC00011307,4111,Current,Active,2025-04-06,244300.0,3.26
11308,ACC00011308,1828,Salary,Active,2021-05-29,0.0,4.28
11309,ACC00011309,6725,Savings,Active,2024-07-25,0.0,3.89
11310,ACC00011310,3825,Savings,Active,2018-11-14,0.0,4.47
11311,ACC00011311,1476,Savings,Active,2020-09-29,0.0,2.91
11312,ACC00011312,7258,Loan,Active,2021-04-23,133800.0,12.03
11313,ACC00011313,5291,Fixed Deposit,Dormant,2018-06-09,0.0,8.48
11314,ACC00011314,1371,Current,Active,2023-06-26,855900.0,2.9
11315,ACC00011315,2168,Savings,Blocked,2021-08-26,0.0,4.17
11316,ACC00011316,5286,Savings,Active,2023-07-27,0.0,4.61
11317,ACC00011317,5335,Fixed Deposit,Active,2024-01-26,0.0,8.19
11318,ACC00011318,8554,Current,Active,2020-11-27,219200.0,3.67
11319,ACC00011319,8690,Savings,Active,2024-02-25,0.0,4.32
11320,ACC00011320,6065,Current,Active,2019-08-04,1678100.0,4.47
11321,ACC00011321,6646,Fixed Deposit,Active,2025-07-20,0.0,8.34
11322,ACC00011322,5325,Current,Active,2022-04-27,1212600.0,4.97
11323,ACC00011323,9868,Savings,Active,2025-06-16,0.0,3.02
11324,ACC00011324,3813,Current,Active,2020-04-25,972100.0,2.82
11325,ACC00011325,2408,Salary,Active,2021-01-02,0.0,4.5
11326,ACC00011326,3876,Salary,Active,2022-09-08,0.0,4.74
11327,ACC00011327,4035,Current,Active,2025-04-17,801000.0,3.63
11328,ACC00011328,2884,Salary,Active,2024-09-25,0.0,3.94
11329,ACC00011329,3999,Savings,Active,2023-09-19,0.0,2.67
11330,ACC00011330,1833,Savings,Active,2023-08-20,0.0,3.59
11331,ACC00011331,7656,Savings,Active,2024-08-31,0.0,4.19
11332,ACC00011332,1967,Savings,Dormant,2018-05-20,0.0,4.72
11333,ACC00011333,1464,Salary,Active,2024-11-05,0.0,3.33
11334,ACC00011334,8939,Current,Active,2020-10-17,1049600.0,3.85
11335,ACC00011335,3024,Current,Blocked,2018-10-10,890100.0,2.67
11336,ACC00011336,742,Current,Active,2020-02-17,1848400.0,2.9
11337,ACC00011337,9231,Savings,Active,2023-07-27,0.0,2.84
11338,ACC00011338,4238,Loan,Active,2025-03-21,1692000.0,12.38
11339,ACC00011339,6800,Savings,Active,2019-12-31,0.0,4.01
11340,ACC00011340,6136,Savings,Active,2018-06-04,0.0,3.37
11341,ACC00011341,284,Loan,Active,2024-08-17,1352300.0,12.45
11342,ACC00011342,2766,Loan,Active,2019-07-30,309500.0,10.78
11343,ACC00011343,3108,Fixed Deposit,Dormant,2024-12-11,0.0,8.29
11344,ACC00011344,5807,Savings,Active,2024-04-30,0.0,2.52
11345,ACC00011345,2230,Fixed Deposit,Active,2024-03-12,0.0,8.47
11346,ACC00011346,9609,Savings,Active,2024-08-04,0.0,4.11
11347,ACC00011347,7950,Savings,Closed,2022-05-19,0.0,4.84
11348,ACC00011348,3129,Savings,Active,2023-12-06,0.0,4.75
11349,ACC00011349,6733,Current,Blocked,2019-07-31,150500.0,3.02
11350,ACC00011350,6072,Salary,Active,2018-05-10,0.0,3.05
11351,ACC00011351,179,Savings,Active,2022-06-13,0.0,2.96
11352,ACC00011352,4023,Salary,Active,2019-09-23,0.0,3.79
11353,ACC00011353,7013,Current,Active,2020-11-29,1036700.0,4.38
11354,ACC00011354,2365,Loan,Active,2025-09-28,1060700.0,9.5
11355,ACC00011355,323,Savings,Active,2025-06-24,0.0,4.99
11356,ACC00011356,8007,Salary,Active,2023-08-22,0.0,3.86
11357,ACC00011357,14,Savings,Active,2018-05-20,0.0,2.52
11358,ACC00011358,8438,Savings,Active,2020-12-30,0.0,2.87
11359,ACC00011359,1701,Current,Active,2020-05-19,1797500.0,4.11
11360,ACC00011360,1648,Savings,Active,2024-11-26,0.0,4.3
11361,ACC00011361,5654,Loan,Active,2021-08-10,471200.0,10.53
11362,ACC00011362,8908,Savings,Blocked,2024-03-05,0.0,4.32
11363,ACC00011363,9176,Loan,Active,2021-07-20,1348800.0,12.25
11364,ACC00011364,7390,Savings,Active,2020-05-03,0.0,3.97
11365,ACC00011365,8667,Salary,Active,2022-10-31,0.0,4.13
11366,ACC00011366,5205,Fixed Deposit,Dormant,2021-04-11,0.0,8.3
11367,ACC00011367,1784,Savings,Active,2020-05-20,0.0,3.6
11368,ACC00011368,4223,Salary,Active,2022-04-24,0.0,3.52
11369,ACC00011369,8386,Savings,Active,2023-11-01,0.0,3.44
11370,ACC00011370,2149,Current,Active,2024-06-01,1335200.0,3.91
11371,ACC00011371,9282,Savings,Active,2021-02-07,0.0,2.62
11372,ACC00011372,2252,Savings,Active,2022-08-29,0.0,4.83
11373,ACC00011373,897,Fixed Deposit,Dormant,2024-08-31,0.0,8.47
11374,ACC00011374,2179,Salary,Active,2025-05-07,0.0,3.37
11375,ACC00011375,5121,Fixed Deposit,Active,2018-12-08,0.0,7.35
11376,ACC00011376,2083,Savings,Active,2022-04-26,0.0,4.75
11377,ACC00011377,8976,Savings,Dormant,2024-07-03,0.0,4.58
11378,ACC00011378,9877,Loan,Active,2024-01-23,412000.0,8.36
11379,ACC00011379,9203,Loan,Dormant,2025-12-07,1829500.0,11.7
11380,ACC00011380,3333,Fixed Deposit,Active,2025-09-12,0.0,6.59
11381,ACC00011381,9503,Current,Active,2025-06-30,657500.0,2.78
11382,ACC00011382,9473,Current,Active,2019-05-11,1127200.0,4.33
11383,ACC00011383,3799,Fixed Deposit,Closed,2020-01-09,0.0,6.05
11384,ACC00011384,4493,Savings,Active,2023-11-13,0.0,3.93
11385,ACC00011385,5664,Current,Dormant,2023-07-14,661300.0,2.93
11386,ACC00011386,3525,Savings,Active,2023-03-31,0.0,3.1
11387,ACC00011387,3164,Savings,Blocked,2021-09-04,0.0,3.77
11388,ACC00011388,9607,Fixed Deposit,Active,2021-12-07,0.0,5.65
11389,ACC00011389,6524,Salary,Active,2021-02-20,0.0,3.35
11390,ACC00011390,3130,Current,Active,2022-08-09,1638600.0,4.88
11391,ACC00011391,3533,Savings,Blocked,2025-04-05,0.0,4.43
11392,ACC00011392,4590,Savings,Active,2021-10-13,0.0,3.03
11393,ACC00011393,4114,Salary,Active,2021-04-19,0.0,4.19
11394,ACC00011394,520,Loan,Active,2019-07-04,1946900.0,7.83
11395,ACC00011395,6996,Savings,Blocked,2019-05-01,0.0,3.47
11396,ACC00011396,4910,Savings,Active,2025-08-21,0.0,3.38
11397,ACC00011397,7037,Salary,Active,2022-02-24,0.0,4.34
11398,ACC00011398,1666,Fixed Deposit,Active,2020-06-03,0.0,8.29
11399,ACC00011399,3503,Fixed Deposit,Active,2021-05-30,0.0,5.64
11400,ACC00011400,8634,Salary,Active,2018-01-14,0.0,3.38
11401,ACC00011401,4440,Savings,Active,2021-03-07,0.0,3.9
11402,ACC00011402,3819,Savings,Dormant,2024-08-20,0.0,3.08
11403,ACC00011403,2824,Savings,Active,2023-05-31,0.0,2.88
11404,ACC00011404,5398,Loan,Active,2020-11-19,159600.0,11.9
11405,ACC00011405,610,Savings,Active,2021-12-20,0.0,2.91
11406,ACC00011406,6624,Savings,Active,2023-10-07,0.0,4.53
11407,ACC00011407,6553,Savings,Active,2025-09-12,0.0,4.46
11408,ACC00011408,711,Savings,Active,2021-07-22,0.0,4.43
11409,ACC00011409,4253,Savings,Dormant,2020-11-08,0.0,3.98
11410,ACC00011410,997,Fixed Deposit,Dormant,2023-01-06,0.0,5.96
11411,ACC00011411,9185,Loan,Dormant,2022-11-15,757500.0,12.04
11412,ACC00011412,4480,Current,Dormant,2019-11-04,1180400.0,4.3
11413,ACC00011413,7891,Savings,Active,2023-01-22,0.0,4.5
11414,ACC00011414,7555,Savings,Active,2025-09-09,0.0,2.91
11415,ACC00011415,3820,Savings,Active,2024-04-13,0.0,3.26
11416,ACC00011416,8648,Current,Active,2018-08-01,1455600.0,3.87
11417,ACC00011417,8992,Loan,Active,2019-02-19,373300.0,11.24
11418,ACC00011418,8334,Current,Active,2019-03-12,1013200.0,2.62
11419,ACC00011419,5538,Savings,Active,2023-06-21,0.0,4.89
11420,ACC00011420,1221,Loan,Active,2022-01-11,1458600.0,11.6
11421,ACC00011421,8475,Loan,Active,2020-06-02,1927600.0,10.47
11422,ACC00011422,4181,Fixed Deposit,Dormant,2022-08-22,0.0,7.8
11423,ACC00011423,6521,Fixed Deposit,Active,2025-10-02,0.0,8.31
11424,ACC00011424,4685,Salary,Dormant,2019-08-24,0.0,4.58
11425,ACC00011425,6745,Savings,Active,2025-05-01,0.0,4.02
11426,ACC00011426,9002,Savings,Active,2021-05-05,0.0,3.36
11427,ACC00011427,1856,Salary,Active,2019-10-27,0.0,3.14
11428,ACC00011428,3820,Fixed Deposit,Active,2023-11-13,0.0,6.81
11429,ACC00011429,5680,Savings,Active,2021-09-20,0.0,3.43
11430,ACC00011430,9233,Current,Active,2025-05-21,1947200.0,4.82
11431,ACC00011431,3343,Savings,Active,2022-06-27,0.0,4.21
11432,ACC00011432,538,Fixed Deposit,Active,2022-02-21,0.0,6.35
11433,ACC00011433,6243,Savings,Closed,2022-05-31,0.0,2.52
11434,ACC00011434,9356,Savings,Active,2022-01-25,0.0,4.97
11435,ACC00011435,508,Fixed Deposit,Active,2021-09-03,0.0,7.3
11436,ACC00011436,1994,Savings,Active,2019-04-19,0.0,3.8
11437,ACC00011437,7113,Current,Closed,2019-06-03,1705900.0,3.23
11438,ACC00011438,1890,Savings,Active,2025-01-06,0.0,2.56
11439,ACC00011439,7381,Savings,Active,2018-06-03,0.0,3.01
11440,ACC00011440,7521,Loan,Active,2022-05-09,1397600.0,10.98
11441,ACC00011441,9133,Salary,Active,2025-10-18,0.0,3.37
11442,ACC00011442,703,Loan,Active,2019-07-05,165500.0,11.54
11443,ACC00011443,9756,Savings,Active,2022-03-29,0.0,2.69
11444,ACC00011444,3880,Fixed Deposit,Active,2022-02-24,0.0,6.35
11445,ACC00011445,7026,Loan,Active,2020-04-13,1907400.0,12.53
11446,ACC00011446,5726,Savings,Dormant,2021-09-16,0.0,3.69
11447,ACC00011447,1290,Loan,Active,2020-06-07,1307200.0,11.61
11448,ACC00011448,1932,Fixed Deposit,Active,2025-08-19,0.0,7.9
11449,ACC00011449,2536,Current,Active,2025-12-07,1973000.0,3.31
11450,ACC00011450,3585,Current,Active,2022-06-11,141400.0,3.9
11451,ACC00011451,1097,Savings,Active,2020-04-06,0.0,4.47
11452,ACC00011452,9428,Current,Closed,2020-04-20,180500.0,2.51
11453,ACC00011453,3666,Salary,Active,2024-04-20,0.0,3.53
11454,ACC00011454,6877,Salary,Active,2021-06-25,0.0,2.91
11455,ACC00011455,1905,Savings,Active,2022-06-13,0.0,3.91
11456,ACC00011456,396,Salary,Active,2022-05-01,0.0,2.73
11457,ACC00011457,5688,Savings,Active,2021-09-16,0.0,3.45
11458,ACC00011458,8037,Savings,Active,2018-02-21,0.0,4.12
11459,ACC00011459,2983,Savings,Active,2019-07-11,0.0,3.71
11460,ACC00011460,7608,Salary,Dormant,2018-05-07,0.0,2.99
11461,ACC00011461,1336,Fixed Deposit,Active,2018-09-01,0.0,7.35
11462,ACC00011462,8096,Savings,Active,2018-08-12,0.0,2.65
11463,ACC00011463,9761,Loan,Active,2025-06-20,395700.0,9.07
11464,ACC00011464,5016,Savings,Active,2024-12-21,0.0,4.47
11465,ACC00011465,9406,Current,Active,2019-08-16,671300.0,2.51
11466,ACC00011466,5594,Savings,Active,2020-12-12,0.0,4.35
11467,ACC00011467,3586,Savings,Dormant,2025-11-14,0.0,3.33
11468,ACC00011468,5172,Current,Active,2022-11-14,1228200.0,2.87
11469,ACC00011469,4737,Savings,Active,2022-08-18,0.0,3.49
11470,ACC00011470,1375,Fixed Deposit,Active,2022-03-16,0.0,7.27
11471,ACC00011471,8572,Current,Active,2023-09-09,1853500.0,3.6
11472,ACC00011472,8285,Current,Active,2018-07-20,997200.0,3.6
11473,ACC00011473,8685,Fixed Deposit,Active,2018-07-13,0.0,7.44
11474,ACC00011474,9348,Salary,Dormant,2018-10-08,0.0,2.66
11475,ACC00011475,4964,Savings,Active,2023-04-26,0.0,3.18
11476,ACC00011476,943,Current,Active,2025-12-06,1359300.0,4.83
11477,ACC00011477,661,Fixed Deposit,Active,2019-12-04,0.0,5.97
11478,ACC00011478,9612,Salary,Active,2020-01-02,0.0,4.41
11479,ACC00011479,9930,Salary,Active,2020-10-04,0.0,3.24
11480,ACC00011480,7675,Current,Active,2019-07-17,883200.0,3.89
11481,ACC00011481,9978,Loan,Active,2023-03-09,1258400.0,13.76
11482,ACC00011482,8137,Current,Closed,2018-10-14,1426100.0,3.11
11483,ACC00011483,6225,Current,Active,2022-12-09,1127300.0,4.52
11484,ACC00011484,7783,Fixed Deposit,Active,2020-02-27,0.0,8.23
11485,ACC00011485,7977,Current,Active,2018-11-01,1025200.0,3.68
11486,ACC00011486,3668,Savings,Dormant,2023-10-26,0.0,4.76
11487,ACC00011487,8647,Savings,Active,2023-11-28,0.0,3.06
11488,ACC00011488,3576,Loan,Dormant,2024-12-06,458400.0,13.2
11489,ACC00011489,3656,Salary,Active,2023-03-24,0.0,4.88
11490,ACC00011490,8495,Savings,Active,2025-04-10,0.0,3.95
11491,ACC00011491,3276,Savings,Active,2018-12-13,0.0,3.79
11492,ACC00011492,3120,Savings,Active,2018-03-15,0.0,3.29
11493,ACC00011493,8656,Savings,Active,2022-01-24,0.0,3.21
11494,ACC00011494,8480,Salary,Active,2021-02-22,0.0,2.86
11495,ACC00011495,7174,Current,Active,2023-03-31,1576800.0,4.05
11496,ACC00011496,9560,Savings,Closed,2021-10-25,0.0,2.62
11497,ACC00011497,4972,Savings,Active,2023-09-17,0.0,4.25
11498,ACC00011498,9674,Salary,Active,2024-12-23,0.0,4.5
11499,ACC00011499,5853,Savings,Active,2021-03-01,0.0,3.48
11500,ACC00011500,5641,Savings,Active,2022-12-08,0.0,4.61
11501,ACC00011501,7053,Savings,Active,2023-10-09,0.0,3.89
11502,ACC00011502,9864,Savings,Active,2021-09-09,0.0,3.94
11503,ACC00011503,3650,Current,Closed,2022-06-19,1577400.0,2.64
11504,ACC00011504,1770,Salary,Active,2025-03-04,0.0,4.13
11505,ACC00011505,7172,Savings,Active,2024-02-27,0.0,3.18
11506,ACC00011506,8974,Savings,Active,2025-11-24,0.0,3.59
11507,ACC00011507,25,Savings,Active,2023-09-22,0.0,2.91
11508,ACC00011508,9418,Current,Active,2018-05-06,625400.0,2.88
11509,ACC00011509,6790,Fixed Deposit,Active,2020-03-14,0.0,6.87
11510,ACC00011510,1797,Current,Active,2019-01-24,1045700.0,3.94
11511,ACC00011511,5013,Savings,Active,2018-07-13,0.0,4.13
11512,ACC00011512,2967,Loan,Active,2018-08-18,1634300.0,11.96
11513,ACC00011513,6181,Savings,Active,2025-02-26,0.0,2.73
11514,ACC00011514,3155,Current,Active,2021-07-16,562300.0,3.97
11515,ACC00011515,9393,Savings,Active,2024-09-09,0.0,4.89
11516,ACC00011516,7380,Salary,Dormant,2025-10-24,0.0,4.73
11517,ACC00011517,7818,Savings,Active,2025-07-30,0.0,3.67
11518,ACC00011518,6036,Current,Active,2019-08-10,1137800.0,4.48
11519,ACC00011519,944,Current,Closed,2019-10-26,480200.0,3.65
11520,ACC00011520,8783,Salary,Active,2018-04-09,0.0,2.98
11521,ACC00011521,6240,Current,Active,2019-05-01,1666400.0,4.47
11522,ACC00011522,9355,Savings,Active,2018-10-07,0.0,3.22
11523,ACC00011523,7412,Salary,Active,2024-05-30,0.0,2.83
11524,ACC00011524,4317,Current,Active,2023-03-01,341300.0,3.23
11525,ACC00011525,8680,Savings,Active,2019-05-05,0.0,3.38
11526,ACC00011526,295,Savings,Active,2024-01-20,0.0,3.09
11527,ACC00011527,8577,Savings,Active,2023-03-25,0.0,4.76
11528,ACC00011528,4672,Savings,Active,2020-01-26,0.0,3.29
11529,ACC00011529,559,Fixed Deposit,Active,2022-08-08,0.0,6.48
11530,ACC00011530,4067,Fixed Deposit,Active,2022-03-04,0.0,6.44
11531,ACC00011531,6220,Savings,Active,2025-04-01,0.0,3.57
11532,ACC00011532,8659,Current,Active,2022-01-11,463400.0,3.62
11533,ACC00011533,4086,Savings,Active,2022-12-24,0.0,2.98
11534,ACC00011534,4970,Savings,Active,2024-07-25,0.0,4.4
11535,ACC00011535,4050,Savings,Active,2018-05-01,0.0,3.44
11536,ACC00011536,7795,Loan,Active,2021-09-08,1359300.0,11.27
11537,ACC00011537,4499,Loan,Active,2020-12-12,1987100.0,11.01
11538,ACC00011538,8280,Salary,Active,2018-10-01,0.0,4.09
11539,ACC00011539,2370,Savings,Active,2020-11-23,0.0,3.03
11540,ACC00011540,7744,Savings,Active,2019-10-12,0.0,3.49
11541,ACC00011541,5984,Savings,Active,2023-09-17,0.0,3.81
11542,ACC00011542,4477,Savings,Active,2023-05-07,0.0,4.52
11543,ACC00011543,7102,Savings,Active,2019-06-09,0.0,4.67
11544,ACC00011544,2997,Current,Active,2024-01-24,1005000.0,4.7
11545,ACC00011545,8989,Current,Active,2024-08-07,948700.0,4.48
11546,ACC00011546,9287,Salary,Active,2021-05-23,0.0,3.92
11547,ACC00011547,4867,Current,Active,2022-08-22,1183100.0,3.08
11548,ACC00011548,6666,Current,Active,2025-08-23,1119100.0,2.54
11549,ACC00011549,7336,Loan,Closed,2022-08-01,1862500.0,12.55
11550,ACC00011550,2677,Current,Active,2023-06-08,765800.0,4.73
11551,ACC00011551,2909,Fixed Deposit,Active,2024-04-24,0.0,6.74
11552,ACC00011552,2989,Savings,Active,2022-07-24,0.0,4.96
11553,ACC00011553,3667,Fixed Deposit,Active,2020-03-03,0.0,7.92
11554,ACC00011554,8148,Salary,Active,2018-05-24,0.0,3.54
11555,ACC00011555,486,Savings,Active,2021-02-24,0.0,4.2
11556,ACC00011556,3211,Savings,Active,2021-05-17,0.0,4.53
11557,ACC00011557,6350,Savings,Active,2023-04-10,0.0,4.27
11558,ACC00011558,9907,Savings,Active,2023-09-24,0.0,3.66
11559,ACC00011559,7135,Savings,Active,2021-10-17,0.0,3.85
11560,ACC00011560,8069,Savings,Active,2021-07-17,0.0,3.26
11561,ACC00011561,8092,Savings,Active,2020-11-16,0.0,4.09
11562,ACC00011562,9683,Fixed Deposit,Active,2020-10-02,0.0,6.57
11563,ACC00011563,7201,Savings,Active,2019-02-27,0.0,4.59
11564,ACC00011564,2178,Fixed Deposit,Active,2025-03-22,0.0,6.65
11565,ACC00011565,5750,Loan,Active,2024-03-13,345900.0,14.3
11566,ACC00011566,4701,Savings,Dormant,2018-01-22,0.0,3.29
11567,ACC00011567,8202,Savings,Active,2019-11-25,0.0,2.95
11568,ACC00011568,3768,Salary,Active,2019-10-11,0.0,2.86
11569,ACC00011569,1423,Loan,Active,2019-09-17,1018100.0,7.72
11570,ACC00011570,8918,Fixed Deposit,Active,2021-01-18,0.0,5.56
11571,ACC00011571,9686,Salary,Blocked,2018-03-22,0.0,2.67
11572,ACC00011572,2709,Loan,Closed,2025-06-14,1398000.0,12.66
11573,ACC00011573,9631,Loan,Active,2019-04-22,1934500.0,11.82
11574,ACC00011574,1725,Fixed Deposit,Dormant,2021-10-20,0.0,6.01
11575,ACC00011575,5248,Savings,Active,2018-08-14,0.0,2.65
11576,ACC00011576,1506,Salary,Active,2022-10-03,0.0,3.81
11577,ACC00011577,6413,Savings,Active,2024-10-31,0.0,4.88
11578,ACC00011578,4520,Fixed Deposit,Dormant,2025-09-27,0.0,7.06
11579,ACC00011579,3599,Savings,Active,2023-10-27,0.0,4.16
11580,ACC00011580,6367,Fixed Deposit,Blocked,2020-05-09,0.0,7.77
11581,ACC00011581,426,Savings,Active,2021-02-03,0.0,3.38
11582,ACC00011582,663,Salary,Active,2021-08-09,0.0,4.91
11583,ACC00011583,2880,Savings,Active,2022-01-07,0.0,2.88
11584,ACC00011584,2414,Savings,Active,2022-09-20,0.0,3.19
11585,ACC00011585,6454,Salary,Dormant,2018-02-28,0.0,3.35
11586,ACC00011586,9736,Savings,Blocked,2020-04-30,0.0,3.4
11587,ACC00011587,2145,Fixed Deposit,Active,2023-01-06,0.0,7.77
11588,ACC00011588,7836,Loan,Active,2025-06-24,1206300.0,9.38
11589,ACC00011589,583,Savings,Dormant,2018-07-09,0.0,2.76
11590,ACC00011590,5092,Current,Active,2018-04-23,1601300.0,3.2
11591,ACC00011591,6314,Savings,Active,2021-01-02,0.0,2.62
11592,ACC00011592,1183,Savings,Active,2025-06-16,0.0,3.99
11593,ACC00011593,2061,Fixed Deposit,Active,2023-10-29,0.0,7.9
11594,ACC00011594,7288,Savings,Dormant,2018-09-28,0.0,3.22
11595,ACC00011595,8519,Savings,Active,2022-06-06,0.0,4.17
11596,ACC00011596,6550,Current,Active,2019-06-02,242500.0,3.6
11597,ACC00011597,4008,Current,Active,2024-12-17,1576200.0,3.12
11598,ACC00011598,7650,Salary,Active,2018-12-31,0.0,4.55
11599,ACC00011599,3209,Savings,Dormant,2021-01-15,0.0,3.19
11600,ACC00011600,4000,Savings,Active,2019-08-28,0.0,3.02
11601,ACC00011601,2531,Current,Active,2019-01-02,590200.0,4.26
11602,ACC00011602,2297,Salary,Active,2022-11-10,0.0,4.56
11603,ACC00011603,6497,Fixed Deposit,Active,2024-11-23,0.0,7.48
11604,ACC00011604,2314,Salary,Dormant,2023-09-10,0.0,2.88
11605,ACC00011605,9956,Savings,Active,2021-08-07,0.0,3.86
11606,ACC00011606,4498,Savings,Active,2022-03-10,0.0,3.53
11607,ACC00011607,9951,Savings,Active,2019-06-23,0.0,4.73
11608,ACC00011608,8680,Fixed Deposit,Active,2024-10-01,0.0,6.96
11609,ACC00011609,5377,Current,Active,2022-12-22,887500.0,4.26
11610,ACC00011610,9119,Savings,Active,2024-06-30,0.0,4.9
11611,ACC00011611,3994,Salary,Active,2024-07-06,0.0,3.93
11612,ACC00011612,8144,Savings,Blocked,2022-07-14,0.0,3.08
11613,ACC00011613,8742,Salary,Active,2024-11-19,0.0,3.73
11614,ACC00011614,6839,Current,Active,2020-01-15,1026800.0,4.5
11615,ACC00011615,6732,Savings,Active,2023-09-26,0.0,4.11
11616,ACC00011616,7152,Salary,Active,2025-11-11,0.0,3.86
11617,ACC00011617,9259,Savings,Active,2019-11-09,0.0,2.53
11618,ACC00011618,9148,Savings,Active,2020-07-10,0.0,4.28
11619,ACC00011619,2874,Savings,Active,2022-12-25,0.0,4.56
11620,ACC00011620,9932,Savings,Active,2023-02-06,0.0,3.0
11621,ACC00011621,3516,Current,Active,2025-05-12,740800.0,4.04
11622,ACC00011622,6028,Current,Active,2021-12-19,765800.0,3.16
11623,ACC00011623,559,Salary,Active,2025-04-30,0.0,2.6
11624,ACC00011624,8758,Savings,Blocked,2024-03-02,0.0,4.34
11625,ACC00011625,8158,Salary,Closed,2024-11-17,0.0,4.06
11626,ACC00011626,1059,Savings,Active,2020-05-22,0.0,4.4
11627,ACC00011627,7727,Loan,Closed,2018-12-07,998500.0,14.07
11628,ACC00011628,8721,Savings,Active,2023-02-16,0.0,4.9
11629,ACC00011629,3070,Savings,Dormant,2022-06-08,0.0,4.49
11630,ACC00011630,9548,Savings,Closed,2020-01-04,0.0,3.45
11631,ACC00011631,1501,Current,Blocked,2020-09-13,999500.0,4.1
11632,ACC00011632,7069,Loan,Blocked,2021-08-16,809000.0,11.64
11633,ACC00011633,3706,Savings,Dormant,2019-05-04,0.0,3.14
11634,ACC00011634,7037,Loan,Active,2025-09-27,1004500.0,9.93
11635,ACC00011635,3842,Current,Blocked,2019-01-27,164900.0,4.33
11636,ACC00011636,688,Savings,Active,2020-01-09,0.0,3.81
11637,ACC00011637,5267,Salary,Dormant,2021-04-30,0.0,4.72
11638,ACC00011638,955,Savings,Active,2018-11-10,0.0,2.67
11639,ACC00011639,7053,Current,Active,2020-11-19,181200.0,4.89
11640,ACC00011640,3590,Current,Active,2023-10-01,986200.0,3.26
11641,ACC00011641,7720,Fixed Deposit,Active,2025-10-26,0.0,6.4
11642,ACC00011642,4217,Savings,Active,2022-11-23,0.0,2.58
11643,ACC00011643,9281,Salary,Active,2025-08-07,0.0,2.52
11644,ACC00011644,2356,Savings,Active,2023-04-07,0.0,4.77
11645,ACC00011645,770,Savings,Active,2024-09-28,0.0,3.52
11646,ACC00011646,3302,Savings,Active,2020-12-23,0.0,2.79
11647,ACC00011647,2089,Savings,Active,2022-06-29,0.0,4.36
11648,ACC00011648,3902,Current,Active,2019-03-28,1932700.0,3.14
11649,ACC00011649,7198,Savings,Active,2024-06-29,0.0,4.91
11650,ACC00011650,5208,Fixed Deposit,Active,2021-09-13,0.0,6.94
11651,ACC00011651,2174,Savings,Active,2025-06-16,0.0,2.61
11652,ACC00011652,4745,Salary,Active,2018-01-02,0.0,3.53
11653,ACC00011653,613,Savings,Active,2025-05-14,0.0,3.76
11654,ACC00011654,2320,Current,Active,2021-12-25,200700.0,3.72
11655,ACC00011655,844,Savings,Active,2018-12-17,0.0,4.76
11656,ACC00011656,9036,Salary,Blocked,2018-07-06,0.0,4.72
11657,ACC00011657,1949,Fixed Deposit,Active,2020-10-30,0.0,8.24
11658,ACC00011658,6835,Savings,Active,2024-08-19,0.0,2.72
11659,ACC00011659,8405,Savings,Active,2021-07-17,0.0,4.85
11660,ACC00011660,8849,Savings,Active,2025-11-17,0.0,3.2
11661,ACC00011661,3745,Fixed Deposit,Active,2021-11-17,0.0,7.36
11662,ACC00011662,9306,Fixed Deposit,Blocked,2025-03-04,0.0,7.47
11663,ACC00011663,914,Current,Active,2021-10-07,1335400.0,2.66
11664,ACC00011664,7522,Savings,Active,2020-10-15,0.0,2.65
11665,ACC00011665,1638,Current,Blocked,2022-08-02,947900.0,4.51
11666,ACC00011666,1625,Savings,Active,2022-02-24,0.0,2.68
11667,ACC00011667,7092,Loan,Active,2024-09-21,1216300.0,11.93
11668,ACC00011668,226,Savings,Active,2022-01-26,0.0,4.26
11669,ACC00011669,4146,Fixed Deposit,Active,2022-10-15,0.0,5.78
11670,ACC00011670,4656,Current,Closed,2018-08-28,1602800.0,4.16
11671,ACC00011671,2127,Savings,Active,2022-03-22,0.0,4.89
11672,ACC00011672,7874,Savings,Active,2022-12-15,0.0,4.99
11673,ACC00011673,5975,Savings,Active,2023-11-04,0.0,3.75
11674,ACC00011674,1581,Current,Active,2018-03-04,182400.0,4.4
11675,ACC00011675,9030,Fixed Deposit,Active,2018-10-20,0.0,7.21
11676,ACC00011676,9063,Current,Active,2022-01-18,943300.0,4.79
11677,ACC00011677,3874,Savings,Active,2024-06-12,0.0,4.83
11678,ACC00011678,8101,Salary,Active,2019-06-16,0.0,3.94
11679,ACC00011679,1979,Current,Active,2024-03-02,867100.0,3.26
11680,ACC00011680,6591,Savings,Active,2022-09-21,0.0,2.81
11681,ACC00011681,9815,Savings,Closed,2021-12-14,0.0,3.39
11682,ACC00011682,5762,Savings,Active,2024-01-14,0.0,4.24
11683,ACC00011683,6950,Savings,Active,2021-08-15,0.0,3.5
11684,ACC00011684,4953,Current,Active,2019-09-12,1086700.0,2.55
11685,ACC00011685,5100,Loan,Active,2021-11-08,1972600.0,11.28
11686,ACC00011686,3912,Salary,Active,2022-05-21,0.0,3.53
11687,ACC00011687,541,Salary,Active,2023-11-26,0.0,3.13
11688,ACC00011688,5189,Savings,Active,2019-02-17,0.0,3.36
11689,ACC00011689,4876,Savings,Active,2021-03-05,0.0,4.23
11690,ACC00011690,7504,Savings,Active,2019-05-22,0.0,2.59
11691,ACC00011691,341,Current,Closed,2022-02-12,279900.0,3.48
11692,ACC00011692,1701,Salary,Active,2018-07-24,0.0,2.69
11693,ACC00011693,1722,Fixed Deposit,Active,2024-01-03,0.0,6.81
11694,ACC00011694,1394,Savings,Active,2023-04-22,0.0,4.98
11695,ACC00011695,9749,Salary,Active,2024-04-14,0.0,3.44
11696,ACC00011696,5596,Savings,Dormant,2020-05-28,0.0,4.65
11697,ACC00011697,7394,Current,Active,2021-05-14,1878800.0,4.68
11698,ACC00011698,6536,Current,Active,2018-08-27,1440900.0,4.28
11699,ACC00011699,2414,Savings,Active,2019-05-25,0.0,2.8
11700,ACC00011700,1375,Fixed Deposit,Active,2019-07-14,0.0,6.9
11701,ACC00011701,3907,Salary,Dormant,2025-09-24,0.0,3.56
11702,ACC00011702,5307,Salary,Blocked,2022-04-04,0.0,4.37
11703,ACC00011703,4015,Savings,Active,2019-10-26,0.0,3.26
11704,ACC00011704,4437,Loan,Active,2024-06-10,1024600.0,13.46
11705,ACC00011705,7968,Savings,Active,2019-02-04,0.0,2.64
11706,ACC00011706,2746,Savings,Active,2025-08-20,0.0,4.91
11707,ACC00011707,8817,Savings,Active,2022-05-09,0.0,3.35
11708,ACC00011708,1549,Savings,Active,2020-12-04,0.0,2.99
11709,ACC00011709,3586,Savings,Closed,2025-01-12,0.0,3.99
11710,ACC00011710,241,Current,Active,2019-11-13,259100.0,3.81
11711,ACC00011711,7616,Savings,Dormant,2025-09-20,0.0,4.65
11712,ACC00011712,1601,Current,Active,2025-07-04,600700.0,4.51
11713,ACC00011713,4711,Salary,Active,2019-11-29,0.0,3.95
11714,ACC00011714,6773,Loan,Dormant,2024-04-12,1490700.0,13.21
11715,ACC00011715,6287,Savings,Active,2018-09-06,0.0,5.0
11716,ACC00011716,1204,Fixed Deposit,Active,2018-05-08,0.0,7.04
11717,ACC00011717,3399,Fixed Deposit,Active,2024-02-23,0.0,6.89
11718,ACC00011718,8292,Savings,Active,2023-04-11,0.0,3.33
11719,ACC00011719,1195,Salary,Active,2018-07-13,0.0,3.75
11720,ACC00011720,5900,Salary,Active,2023-06-10,0.0,2.63
11721,ACC00011721,7373,Loan,Active,2020-06-15,588000.0,11.11
11722,ACC00011722,1158,Savings,Active,2021-03-15,0.0,3.2
11723,ACC00011723,7998,Savings,Blocked,2018-05-15,0.0,2.93
11724,ACC00011724,4525,Current,Active,2024-12-16,1427800.0,2.77
11725,ACC00011725,8431,Savings,Active,2024-10-23,0.0,4.33
11726,ACC00011726,4854,Savings,Active,2021-03-03,0.0,4.12
11727,ACC00011727,3462,Loan,Active,2019-11-05,144100.0,11.74
11728,ACC00011728,1867,Salary,Active,2020-12-02,0.0,3.44
11729,ACC00011729,1499,Salary,Active,2024-11-05,0.0,2.57
11730,ACC00011730,4973,Loan,Active,2025-08-24,1965700.0,11.7
11731,ACC00011731,7875,Savings,Active,2025-03-31,0.0,3.56
11732,ACC00011732,2006,Current,Active,2023-08-06,658600.0,3.94
11733,ACC00011733,4256,Current,Active,2024-12-05,1998200.0,3.78
11734,ACC00011734,1305,Savings,Active,2025-02-15,0.0,3.36
11735,ACC00011735,5970,Current,Dormant,2021-04-25,1718200.0,2.79
11736,ACC00011736,4179,Fixed Deposit,Active,2024-10-02,0.0,5.51
11737,ACC00011737,3952,Current,Active,2019-02-07,565800.0,4.35
11738,ACC00011738,5667,Savings,Dormant,2023-01-20,0.0,3.25
11739,ACC00011739,1710,Current,Active,2019-11-29,199800.0,4.5
11740,ACC00011740,1984,Savings,Active,2018-08-10,0.0,4.29
11741,ACC00011741,9229,Savings,Active,2025-01-09,0.0,3.0
11742,ACC00011742,6773,Current,Active,2022-09-14,1816500.0,4.69
11743,ACC00011743,2499,Savings,Blocked,2025-04-08,0.0,2.77
11744,ACC00011744,6360,Savings,Active,2024-08-24,0.0,3.71
11745,ACC00011745,8382,Salary,Active,2020-07-28,0.0,4.09
11746,ACC00011746,7927,Current,Dormant,2025-07-09,1568500.0,4.48
11747,ACC00011747,1377,Current,Active,2024-05-06,1989100.0,2.7
11748,ACC00011748,7165,Savings,Active,2025-01-19,0.0,4.15
11749,ACC00011749,2918,Savings,Closed,2025-05-04,0.0,4.38
11750,ACC00011750,7163,Savings,Active,2025-04-19,0.0,4.58
11751,ACC00011751,1642,Current,Active,2022-11-03,878300.0,2.78
11752,ACC00011752,8398,Fixed Deposit,Active,2018-03-02,0.0,6.01
11753,ACC00011753,7472,Fixed Deposit,Active,2018-08-01,0.0,6.75
11754,ACC00011754,2552,Fixed Deposit,Closed,2023-11-15,0.0,5.78
11755,ACC00011755,4893,Savings,Active,2019-06-10,0.0,2.58
11756,ACC00011756,4634,Current,Active,2025-01-21,935600.0,4.77
11757,ACC00011757,2838,Savings,Closed,2020-07-20,0.0,3.01
11758,ACC00011758,5764,Current,Blocked,2018-03-18,1150400.0,3.79
11759,ACC00011759,2745,Savings,Closed,2023-07-14,0.0,4.09
11760,ACC00011760,3141,Current,Active,2022-03-26,145300.0,4.45
11761,ACC00011761,2076,Savings,Active,2019-10-01,0.0,3.55
11762,ACC00011762,1521,Savings,Active,2018-07-05,0.0,3.5
11763,ACC00011763,5214,Savings,Dormant,2025-03-04,0.0,4.69
11764,ACC00011764,4425,Savings,Active,2025-09-20,0.0,5.0
11765,ACC00011765,895,Fixed Deposit,Active,2021-11-18,0.0,6.01
11766,ACC00011766,1712,Loan,Active,2022-02-22,553400.0,11.54
11767,ACC00011767,7058,Salary,Dormant,2021-10-19,0.0,3.73
11768,ACC00011768,5597,Loan,Active,2021-12-18,1861700.0,12.34
11769,ACC00011769,5241,Savings,Active,2018-08-20,0.0,4.38
11770,ACC00011770,3274,Savings,Dormant,2022-12-25,0.0,4.06
11771,ACC00011771,1707,Loan,Active,2019-12-07,1139400.0,14.13
11772,ACC00011772,6512,Salary,Active,2022-06-15,0.0,4.63
11773,ACC00011773,9606,Loan,Active,2020-02-03,1620900.0,9.97
11774,ACC00011774,5845,Savings,Dormant,2022-04-08,0.0,3.52
11775,ACC00011775,7331,Current,Active,2023-06-15,100300.0,3.04
11776,ACC00011776,6019,Savings,Active,2019-04-03,0.0,4.6
11777,ACC00011777,597,Loan,Active,2018-12-03,1264300.0,13.75
11778,ACC00011778,3796,Salary,Active,2023-10-14,0.0,3.48
11779,ACC00011779,2731,Salary,Dormant,2025-03-11,0.0,2.73
11780,ACC00011780,5410,Current,Active,2019-07-12,588700.0,4.26
11781,ACC00011781,3176,Fixed Deposit,Active,2022-02-22,0.0,6.92
11782,ACC00011782,4479,Current,Active,2019-04-29,971600.0,4.98
11783,ACC00011783,4917,Fixed Deposit,Active,2023-01-25,0.0,5.95
11784,ACC00011784,6533,Savings,Active,2020-07-10,0.0,2.79
11785,ACC00011785,9152,Fixed Deposit,Active,2019-11-29,0.0,5.98
11786,ACC00011786,8721,Savings,Blocked,2024-07-20,0.0,3.08
11787,ACC00011787,7556,Savings,Closed,2018-12-20,0.0,2.72
11788,ACC00011788,8,Current,Active,2018-11-09,769400.0,2.98
11789,ACC00011789,7023,Current,Active,2020-11-17,770100.0,3.38
11790,ACC00011790,5142,Loan,Active,2019-05-18,1699000.0,12.86
11791,ACC00011791,795,Fixed Deposit,Active,2020-02-20,0.0,5.59
11792,ACC00011792,7814,Fixed Deposit,Closed,2018-08-22,0.0,6.53
11793,ACC00011793,6303,Loan,Active,2025-05-31,896500.0,12.96
11794,ACC00011794,4667,Savings,Active,2019-01-10,0.0,2.76
11795,ACC00011795,1796,Salary,Closed,2023-04-26,0.0,2.5
11796,ACC00011796,5854,Savings,Blocked,2022-03-29,0.0,2.7
11797,ACC00011797,1195,Savings,Active,2025-05-10,0.0,4.56
11798,ACC00011798,5493,Savings,Closed,2020-09-05,0.0,2.62
11799,ACC00011799,3425,Savings,Active,2020-04-16,0.0,4.98
11800,ACC00011800,9055,Loan,Active,2025-03-13,826000.0,10.56
11801,ACC00011801,6136,Loan,Active,2025-04-11,1887600.0,10.26
11802,ACC00011802,2298,Savings,Active,2019-09-30,0.0,4.53
11803,ACC00011803,575,Savings,Active,2019-07-15,0.0,4.92
11804,ACC00011804,6905,Current,Active,2018-05-06,1652300.0,3.47
11805,ACC00011805,7218,Savings,Active,2020-05-15,0.0,3.98
11806,ACC00011806,5486,Savings,Active,2018-09-24,0.0,4.09
11807,ACC00011807,9963,Savings,Active,2020-10-10,0.0,3.12
11808,ACC00011808,4400,Loan,Active,2022-02-18,270900.0,11.16
11809,ACC00011809,4510,Savings,Closed,2019-10-18,0.0,4.91
11810,ACC00011810,3860,Savings,Active,2022-04-03,0.0,3.14
11811,ACC00011811,5646,Salary,Active,2024-02-24,0.0,3.59
11812,ACC00011812,4409,Loan,Active,2018-08-30,487900.0,14.29
11813,ACC00011813,6440,Salary,Active,2024-08-15,0.0,4.29
11814,ACC00011814,5215,Current,Active,2019-09-28,525600.0,3.94
11815,ACC00011815,5349,Current,Active,2020-08-18,379500.0,2.86
11816,ACC00011816,9111,Salary,Active,2025-08-06,0.0,4.57
11817,ACC00011817,5114,Salary,Active,2022-05-05,0.0,4.87
11818,ACC00011818,6366,Loan,Active,2022-11-27,1654300.0,9.96
11819,ACC00011819,3312,Savings,Active,2023-11-20,0.0,3.99
11820,ACC00011820,4296,Savings,Active,2020-12-28,0.0,2.84
11821,ACC00011821,4076,Savings,Active,2024-06-16,0.0,4.76
11822,ACC00011822,2591,Savings,Active,2025-10-29,0.0,2.75
11823,ACC00011823,5392,Savings,Active,2025-04-04,0.0,3.52
11824,ACC00011824,4967,Loan,Closed,2022-02-25,530400.0,9.31
11825,ACC00011825,4629,Savings,Active,2022-11-24,0.0,2.8
11826,ACC00011826,328,Current,Active,2023-12-09,468800.0,4.65
11827,ACC00011827,8742,Current,Active,2024-12-30,1159600.0,4.57
11828,ACC00011828,4422,Savings,Active,2020-10-06,0.0,2.93
11829,ACC00011829,8823,Current,Dormant,2024-05-13,1437700.0,2.63
11830,ACC00011830,5790,Fixed Deposit,Active,2024-02-01,0.0,7.53
11831,ACC00011831,6404,Fixed Deposit,Active,2018-07-10,0.0,7.58
11832,ACC00011832,5497,Savings,Active,2018-06-20,0.0,3.31
11833,ACC00011833,1817,Savings,Active,2024-10-04,0.0,4.64
11834,ACC00011834,6041,Current,Active,2024-03-08,1041100.0,3.28
11835,ACC00011835,9619,Savings,Dormant,2022-12-29,0.0,4.41
11836,ACC00011836,7966,Fixed Deposit,Active,2024-06-28,0.0,6.49
11837,ACC00011837,3243,Current,Active,2022-01-20,1633700.0,3.19
11838,ACC00011838,7695,Fixed Deposit,Active,2022-11-01,0.0,6.42
11839,ACC00011839,5917,Savings,Active,2021-10-23,0.0,4.66
11840,ACC00011840,4579,Fixed Deposit,Active,2021-10-24,0.0,7.42
11841,ACC00011841,7975,Savings,Closed,2019-10-28,0.0,3.8
11842,ACC00011842,5630,Loan,Active,2023-10-20,1836300.0,14.05
11843,ACC00011843,4414,Savings,Active,2022-12-07,0.0,4.8
11844,ACC00011844,9920,Fixed Deposit,Active,2023-04-09,0.0,7.86
11845,ACC00011845,101,Current,Active,2019-01-09,921300.0,3.96
11846,ACC00011846,4394,Savings,Blocked,2020-03-28,0.0,4.06
11847,ACC00011847,6992,Savings,Active,2020-06-12,0.0,3.93
11848,ACC00011848,8993,Savings,Active,2019-01-08,0.0,4.22
11849,ACC00011849,3466,Savings,Active,2025-10-25,0.0,2.54
11850,ACC00011850,7316,Current,Active,2018-05-02,1050400.0,3.83
11851,ACC00011851,63,Salary,Active,2025-06-12,0.0,3.97
11852,ACC00011852,7812,Savings,Active,2022-01-08,0.0,4.26
11853,ACC00011853,9684,Salary,Blocked,2021-09-05,0.0,4.08
11854,ACC00011854,4239,Current,Active,2022-05-07,605900.0,2.95
11855,ACC00011855,5862,Current,Active,2024-07-30,1613100.0,3.43
11856,ACC00011856,9487,Salary,Closed,2020-09-22,0.0,3.55
11857,ACC00011857,9135,Savings,Active,2020-07-24,0.0,4.18
11858,ACC00011858,7636,Current,Active,2018-05-03,221200.0,4.16
11859,ACC00011859,1278,Current,Active,2024-01-26,59000.0,4.3
11860,ACC00011860,7697,Savings,Closed,2018-04-24,0.0,4.03
11861,ACC00011861,5900,Savings,Blocked,2022-06-14,0.0,3.49
11862,ACC00011862,7691,Fixed Deposit,Active,2021-01-29,0.0,8.15
11863,ACC00011863,3738,Savings,Active,2025-10-27,0.0,2.94
11864,ACC00011864,1453,Savings,Active,2019-06-19,0.0,3.38
11865,ACC00011865,5073,Loan,Active,2019-06-15,571100.0,11.38
11866,ACC00011866,438,Fixed Deposit,Active,2021-03-08,0.0,8.09
11867,ACC00011867,8041,Savings,Active,2023-09-30,0.0,3.2
11868,ACC00011868,3067,Loan,Active,2021-01-20,252300.0,13.3
11869,ACC00011869,5697,Savings,Active,2022-10-09,0.0,4.94
11870,ACC00011870,9202,Current,Active,2023-09-11,1295100.0,2.59
11871,ACC00011871,6682,Savings,Blocked,2020-09-01,0.0,4.85
11872,ACC00011872,3779,Savings,Active,2020-08-15,0.0,3.55
11873,ACC00011873,1269,Savings,Blocked,2024-10-04,0.0,3.9
11874,ACC00011874,4155,Salary,Active,2024-10-07,0.0,4.49
11875,ACC00011875,1658,Savings,Active,2022-09-11,0.0,4.75
11876,ACC00011876,4395,Savings,Active,2020-06-30,0.0,5.0
11877,ACC00011877,1144,Current,Active,2024-02-23,1516100.0,4.1
11878,ACC00011878,6575,Savings,Active,2023-05-21,0.0,4.09
11879,ACC00011879,924,Savings,Active,2021-10-19,0.0,2.94
11880,ACC00011880,4318,Current,Active,2022-05-11,1891400.0,3.76
11881,ACC00011881,8611,Fixed Deposit,Active,2024-08-20,0.0,6.2
11882,ACC00011882,2439,Current,Active,2021-10-27,797100.0,4.91
11883,ACC00011883,5217,Salary,Active,2018-05-19,0.0,2.59
11884,ACC00011884,3056,Salary,Closed,2018-09-23,0.0,4.54
11885,ACC00011885,3611,Loan,Active,2021-02-20,237600.0,9.47
11886,ACC00011886,8285,Salary,Active,2019-09-05,0.0,3.58
11887,ACC00011887,1119,Savings,Active,2022-07-30,0.0,3.5
11888,ACC00011888,6319,Savings,Dormant,2020-09-06,0.0,4.88
11889,ACC00011889,4741,Loan,Active,2021-11-05,1748100.0,11.55
11890,ACC00011890,7394,Salary,Active,2022-02-15,0.0,2.64
11891,ACC00011891,5466,Current,Active,2023-05-07,1247600.0,4.67
11892,ACC00011892,2678,Loan,Active,2023-01-12,1071400.0,9.33
11893,ACC00011893,5355,Salary,Closed,2020-04-18,0.0,3.85
11894,ACC00011894,5189,Salary,Active,2022-06-15,0.0,4.76
11895,ACC00011895,2145,Fixed Deposit,Active,2019-03-02,0.0,8.07
11896,ACC00011896,1343,Fixed Deposit,Active,2021-06-22,0.0,7.78
11897,ACC00011897,3586,Savings,Active,2021-09-14,0.0,2.92
11898,ACC00011898,4439,Current,Active,2021-12-22,1036700.0,3.65
11899,ACC00011899,5299,Salary,Active,2018-07-16,0.0,3.74
11900,ACC00011900,8171,Savings,Active,2023-02-13,0.0,3.74
11901,ACC00011901,7005,Salary,Active,2021-09-05,0.0,4.88
11902,ACC00011902,8586,Salary,Dormant,2023-04-21,0.0,3.75
11903,ACC00011903,5729,Savings,Active,2024-07-04,0.0,4.17
11904,ACC00011904,3872,Savings,Active,2021-02-12,0.0,4.62
11905,ACC00011905,2282,Loan,Active,2019-02-20,1648300.0,13.19
11906,ACC00011906,4133,Savings,Dormant,2022-04-27,0.0,4.22
11907,ACC00011907,2577,Savings,Active,2021-07-10,0.0,4.89
11908,ACC00011908,8558,Savings,Active,2020-07-23,0.0,3.29
11909,ACC00011909,6692,Salary,Active,2025-08-04,0.0,4.72
11910,ACC00011910,4251,Salary,Active,2018-05-23,0.0,3.28
11911,ACC00011911,48,Fixed Deposit,Active,2024-12-04,0.0,7.08
11912,ACC00011912,6566,Salary,Active,2021-11-12,0.0,2.91
11913,ACC00011913,7998,Current,Active,2021-11-20,1598800.0,4.36
11914,ACC00011914,9102,Salary,Active,2020-12-19,0.0,4.07
11915,ACC00011915,1476,Loan,Active,2022-03-06,1662900.0,9.33
11916,ACC00011916,1650,Salary,Active,2023-01-21,0.0,3.54
11917,ACC00011917,1410,Savings,Active,2024-10-20,0.0,3.68
11918,ACC00011918,3161,Fixed Deposit,Active,2025-06-18,0.0,7.3
11919,ACC00011919,8614,Loan,Active,2023-07-20,229600.0,9.91
11920,ACC00011920,5651,Savings,Closed,2018-04-23,0.0,4.92
11921,ACC00011921,5791,Current,Active,2023-09-20,58300.0,4.61
11922,ACC00011922,6825,Savings,Active,2022-07-22,0.0,4.24
11923,ACC00011923,5015,Loan,Active,2020-01-02,72000.0,11.09
11924,ACC00011924,287,Loan,Active,2019-01-22,1141000.0,9.81
11925,ACC00011925,1975,Current,Active,2018-07-12,926900.0,3.86
11926,ACC00011926,1909,Current,Active,2018-06-17,720100.0,2.78
11927,ACC00011927,1702,Savings,Active,2023-04-15,0.0,3.45
11928,ACC00011928,5472,Loan,Dormant,2023-03-23,1667400.0,8.7
11929,ACC00011929,3584,Loan,Active,2024-03-09,1046600.0,8.59
11930,ACC00011930,5015,Salary,Active,2018-03-11,0.0,2.73
11931,ACC00011931,3318,Savings,Active,2020-04-07,0.0,4.99
11932,ACC00011932,4439,Fixed Deposit,Active,2020-01-28,0.0,7.13
11933,ACC00011933,7265,Current,Dormant,2020-11-30,670600.0,4.3
11934,ACC00011934,9599,Loan,Active,2024-01-09,1977100.0,9.04
11935,ACC00011935,8702,Salary,Active,2018-11-09,0.0,3.49
11936,ACC00011936,9114,Loan,Active,2022-03-07,1397600.0,12.2
11937,ACC00011937,7976,Savings,Active,2019-09-14,0.0,3.1
11938,ACC00011938,5379,Salary,Active,2021-05-30,0.0,3.18
11939,ACC00011939,3073,Fixed Deposit,Active,2021-02-23,0.0,5.82
11940,ACC00011940,1997,Salary,Active,2020-05-24,0.0,2.74
11941,ACC00011941,9650,Current,Active,2020-03-20,961800.0,2.69
11942,ACC00011942,8907,Salary,Active,2021-11-09,0.0,3.61
11943,ACC00011943,1118,Fixed Deposit,Active,2018-03-25,0.0,5.54
11944,ACC00011944,472,Current,Dormant,2022-01-28,1887600.0,3.53
11945,ACC00011945,9568,Salary,Active,2024-12-02,0.0,3.65
11946,ACC00011946,2262,Savings,Active,2023-08-19,0.0,3.3
11947,ACC00011947,3269,Savings,Active,2020-02-03,0.0,3.03
11948,ACC00011948,1686,Savings,Active,2019-08-30,0.0,2.69
11949,ACC00011949,881,Current,Active,2025-06-07,1097900.0,2.89
11950,ACC00011950,4019,Fixed Deposit,Active,2025-06-02,0.0,7.89
11951,ACC00011951,6311,Salary,Active,2024-12-19,0.0,3.38
11952,ACC00011952,5526,Savings,Active,2023-08-10,0.0,2.56
11953,ACC00011953,4658,Loan,Dormant,2022-11-21,182500.0,13.79
11954,ACC00011954,1277,Savings,Closed,2024-10-14,0.0,3.03
11955,ACC00011955,6070,Savings,Closed,2025-08-25,0.0,4.18
11956,ACC00011956,2773,Loan,Active,2022-04-10,1446000.0,10.08
11957,ACC00011957,6115,Savings,Active,2018-09-16,0.0,3.59
11958,ACC00011958,3006,Current,Active,2025-01-06,1564200.0,4.3
11959,ACC00011959,8919,Savings,Active,2022-09-28,0.0,3.39
11960,ACC00011960,717,Salary,Active,2024-12-24,0.0,2.88
11961,ACC00011961,1630,Salary,Active,2018-10-28,0.0,2.6
11962,ACC00011962,6851,Current,Active,2018-02-06,1609700.0,2.61
11963,ACC00011963,8578,Savings,Active,2022-04-19,0.0,3.85
11964,ACC00011964,1849,Loan,Closed,2018-04-21,134500.0,14.26
11965,ACC00011965,1339,Salary,Active,2025-12-20,0.0,4.01
11966,ACC00011966,6046,Savings,Active,2021-05-25,0.0,3.35
11967,ACC00011967,8381,Salary,Active,2018-05-10,0.0,3.83
11968,ACC00011968,4956,Savings,Active,2021-09-14,0.0,4.66
11969,ACC00011969,1269,Savings,Active,2023-11-12,0.0,4.58
11970,ACC00011970,689,Savings,Active,2025-04-02,0.0,4.08
11971,ACC00011971,2911,Salary,Active,2019-04-24,0.0,4.09
11972,ACC00011972,8337,Loan,Blocked,2022-12-25,590700.0,9.41
11973,ACC00011973,532,Fixed Deposit,Active,2020-02-07,0.0,6.42
11974,ACC00011974,9549,Loan,Active,2023-12-24,893100.0,10.03
11975,ACC00011975,7734,Loan,Active,2020-12-02,242800.0,11.11
11976,ACC00011976,7226,Savings,Active,2023-09-16,0.0,4.75
11977,ACC00011977,9819,Current,Active,2024-02-07,342300.0,2.98
11978,ACC00011978,6216,Loan,Active,2025-03-21,674300.0,8.12
11979,ACC00011979,8640,Current,Active,2019-07-07,1042500.0,2.78
11980,ACC00011980,725,Salary,Active,2024-01-05,0.0,4.86
11981,ACC00011981,8995,Savings,Active,2024-02-10,0.0,2.6
11982,ACC00011982,6525,Fixed Deposit,Active,2018-07-21,0.0,6.39
11983,ACC00011983,156,Savings,Active,2018-06-02,0.0,4.67
11984,ACC00011984,7879,Savings,Active,2023-06-22,0.0,3.76
11985,ACC00011985,5805,Savings,Active,2019-10-03,0.0,3.14
11986,ACC00011986,5602,Savings,Active,2018-08-29,0.0,4.43
11987,ACC00011987,8462,Savings,Active,2024-06-17,0.0,4.88
11988,ACC00011988,6254,Savings,Active,2019-10-02,0.0,2.85
11989,ACC00011989,8508,Savings,Active,2018-09-28,0.0,4.33
11990,ACC00011990,5277,Fixed Deposit,Active,2025-09-08,0.0,8.2
11991,ACC00011991,4153,Fixed Deposit,Active,2019-08-10,0.0,5.64
11992,ACC00011992,4342,Savings,Active,2022-07-15,0.0,3.26
11993,ACC00011993,6009,Savings,Active,2018-07-12,0.0,2.79
11994,ACC00011994,9021,Savings,Active,2018-03-24,0.0,2.59
11995,ACC00011995,8514,Fixed Deposit,Active,2021-07-13,0.0,7.76
11996,ACC00011996,5171,Savings,Active,2024-11-20,0.0,4.05
11997,ACC00011997,8714,Savings,Dormant,2022-10-03,0.0,3.28
11998,ACC00011998,2904,Loan,Blocked,2020-02-14,1511600.0,13.96
11999,ACC00011999,8243,Fixed Deposit,Active,2024-12-20,0.0,8.2
12000,ACC00012000,352,Savings,Closed,2025-11-13,0.0,2.53
12001,ACC00012001,4589,Savings,Active,2023-04-16,0.0,3.77
12002,ACC00012002,3031,Current,Active,2018-11-08,357200.0,3.68
12003,ACC00012003,2736,Salary,Active,2019-06-19,0.0,3.37
12004,ACC00012004,4153,Salary,Active,2022-11-02,0.0,3.14
12005,ACC00012005,2484,Savings,Closed,2024-02-18,0.0,3.05
12006,ACC00012006,2284,Loan,Active,2024-12-06,1316500.0,10.53
12007,ACC00012007,2361,Savings,Dormant,2021-01-18,0.0,3.46
12008,ACC00012008,2901,Savings,Active,2021-04-30,0.0,3.82
12009,ACC00012009,9046,Savings,Active,2018-06-17,0.0,4.7
12010,ACC00012010,4823,Savings,Active,2021-05-10,0.0,2.55
12011,ACC00012011,3084,Savings,Active,2019-08-29,0.0,2.68
12012,ACC00012012,4521,Current,Dormant,2022-02-17,210100.0,4.68
12013,ACC00012013,6653,Loan,Active,2021-11-08,1961400.0,11.22
12014,ACC00012014,7957,Savings,Active,2020-08-04,0.0,2.57
12015,ACC00012015,6495,Savings,Active,2025-12-25,0.0,4.34
12016,ACC00012016,9168,Loan,Active,2021-02-13,1624000.0,9.04
12017,ACC00012017,2510,Savings,Active,2023-11-25,0.0,3.54
12018,ACC00012018,1799,Fixed Deposit,Active,2025-08-15,0.0,6.27
12019,ACC00012019,9092,Savings,Active,2025-10-21,0.0,3.49
12020,ACC00012020,11,Loan,Active,2025-05-29,1641000.0,14.47
12021,ACC00012021,242,Salary,Active,2023-09-09,0.0,3.09
12022,ACC00012022,2078,Fixed Deposit,Active,2024-06-18,0.0,8.37
12023,ACC00012023,8732,Salary,Active,2025-01-22,0.0,4.49
12024,ACC00012024,2406,Fixed Deposit,Active,2018-10-17,0.0,5.82
12025,ACC00012025,9955,Loan,Active,2020-06-18,1401400.0,13.39
12026,ACC00012026,1153,Savings,Active,2023-09-03,0.0,4.4
12027,ACC00012027,3388,Fixed Deposit,Active,2023-07-25,0.0,7.98
12028,ACC00012028,8624,Fixed Deposit,Active,2025-03-25,0.0,7.37
12029,ACC00012029,8220,Salary,Dormant,2021-08-19,0.0,3.8
12030,ACC00012030,183,Savings,Closed,2024-12-09,0.0,4.07
12031,ACC00012031,3988,Savings,Active,2024-08-14,0.0,3.6
12032,ACC00012032,1467,Current,Blocked,2018-10-07,1724300.0,2.95
12033,ACC00012033,5661,Salary,Active,2019-06-12,0.0,3.56
12034,ACC00012034,1870,Loan,Active,2023-11-01,1144700.0,13.99
12035,ACC00012035,2474,Savings,Active,2023-04-30,0.0,4.15
12036,ACC00012036,4800,Salary,Active,2018-11-30,0.0,4.79
12037,ACC00012037,666,Fixed Deposit,Dormant,2020-01-18,0.0,6.74
12038,ACC00012038,5609,Fixed Deposit,Active,2020-09-09,0.0,7.56
12039,ACC00012039,8428,Savings,Active,2021-01-23,0.0,3.24
12040,ACC00012040,7179,Savings,Active,2020-07-14,0.0,3.02
12041,ACC00012041,1444,Savings,Active,2025-02-27,0.0,3.09
12042,ACC00012042,7965,Salary,Active,2025-06-06,0.0,4.51
12043,ACC00012043,924,Savings,Closed,2020-12-31,0.0,5.0
12044,ACC00012044,8603,Current,Active,2025-03-30,1095300.0,3.26
12045,ACC00012045,8459,Loan,Active,2024-11-30,68800.0,11.58
12046,ACC00012046,6829,Savings,Active,2022-06-22,0.0,4.42
12047,ACC00012047,3000,Savings,Dormant,2024-02-20,0.0,4.04
12048,ACC00012048,2737,Loan,Active,2019-08-12,585900.0,11.43
12049,ACC00012049,2372,Current,Active,2025-05-11,180900.0,4.71
12050,ACC00012050,9337,Loan,Dormant,2021-05-10,399100.0,14.35
12051,ACC00012051,4768,Fixed Deposit,Active,2023-02-24,0.0,7.08
12052,ACC00012052,4851,Salary,Closed,2025-04-10,0.0,3.56
12053,ACC00012053,5824,Salary,Closed,2020-11-30,0.0,4.45
12054,ACC00012054,6968,Savings,Active,2021-03-24,0.0,2.97
12055,ACC00012055,6076,Savings,Active,2025-04-06,0.0,3.56
12056,ACC00012056,9113,Savings,Active,2019-04-20,0.0,4.07
12057,ACC00012057,1752,Current,Active,2018-05-24,421700.0,2.85
12058,ACC00012058,4180,Savings,Active,2021-04-19,0.0,3.84
12059,ACC00012059,4402,Savings,Active,2022-11-06,0.0,2.8
12060,ACC00012060,4330,Fixed Deposit,Active,2019-07-01,0.0,5.69
12061,ACC00012061,1031,Loan,Active,2020-07-30,1465500.0,13.25
12062,ACC00012062,4723,Fixed Deposit,Closed,2018-07-27,0.0,8.07
12063,ACC00012063,4307,Salary,Active,2025-05-26,0.0,4.38
12064,ACC00012064,1588,Salary,Active,2020-09-19,0.0,4.05
12065,ACC00012065,5900,Salary,Active,2023-09-12,0.0,4.03
12066,ACC00012066,623,Fixed Deposit,Active,2022-10-08,0.0,7.7
12067,ACC00012067,4773,Savings,Active,2024-05-02,0.0,3.9
12068,ACC00012068,5386,Savings,Active,2023-05-11,0.0,4.94
12069,ACC00012069,1879,Savings,Active,2023-06-04,0.0,3.17
12070,ACC00012070,7122,Loan,Active,2020-10-03,1167300.0,9.7
12071,ACC00012071,7094,Current,Active,2018-08-16,1965400.0,4.32
12072,ACC00012072,9199,Current,Active,2020-04-18,1093700.0,3.64
12073,ACC00012073,6006,Salary,Active,2024-03-01,0.0,4.85
12074,ACC00012074,4034,Savings,Closed,2022-04-05,0.0,3.38
12075,ACC00012075,7826,Fixed Deposit,Closed,2025-02-06,0.0,7.89
12076,ACC00012076,2851,Savings,Active,2019-08-30,0.0,2.81
12077,ACC00012077,2928,Salary,Active,2021-11-14,0.0,3.75
12078,ACC00012078,2146,Loan,Active,2024-04-03,77800.0,13.5
12079,ACC00012079,8425,Savings,Active,2019-07-08,0.0,4.33
12080,ACC00012080,101,Loan,Blocked,2018-09-17,1008100.0,11.11
12081,ACC00012081,8096,Salary,Closed,2023-04-20,0.0,3.39
12082,ACC00012082,5913,Savings,Active,2024-03-29,0.0,3.12
12083,ACC00012083,5272,Savings,Active,2021-08-04,0.0,2.77
12084,ACC00012084,5927,Savings,Dormant,2019-12-08,0.0,3.51
12085,ACC00012085,8930,Current,Active,2019-03-08,1665200.0,3.21
12086,ACC00012086,4863,Current,Active,2022-07-22,1565700.0,3.27
12087,ACC00012087,5930,Current,Active,2021-04-25,523600.0,4.97
12088,ACC00012088,3653,Savings,Active,2024-04-08,0.0,3.63
12089,ACC00012089,1862,Savings,Active,2025-03-11,0.0,3.49
12090,ACC00012090,3936,Fixed Deposit,Active,2024-07-22,0.0,7.99
12091,ACC00012091,5417,Savings,Active,2021-10-31,0.0,2.52
12092,ACC00012092,4794,Salary,Active,2023-01-17,0.0,4.8
12093,ACC00012093,2689,Savings,Active,2018-06-18,0.0,2.82
12094,ACC00012094,5784,Salary,Dormant,2018-01-13,0.0,4.84
12095,ACC00012095,9041,Salary,Closed,2024-10-12,0.0,3.95
12096,ACC00012096,9106,Savings,Active,2023-10-13,0.0,3.2
12097,ACC00012097,8218,Savings,Active,2022-05-07,0.0,2.68
12098,ACC00012098,114,Savings,Active,2024-07-06,0.0,3.8
12099,ACC00012099,4443,Loan,Dormant,2023-12-24,952100.0,11.83
12100,ACC00012100,3495,Savings,Active,2023-03-15,0.0,4.14
12101,ACC00012101,4442,Current,Active,2024-09-07,1119300.0,2.7
12102,ACC00012102,9221,Savings,Active,2021-06-24,0.0,4.9
12103,ACC00012103,1123,Savings,Active,2025-02-19,0.0,3.07
12104,ACC00012104,4352,Salary,Active,2022-10-02,0.0,3.5
12105,ACC00012105,2677,Salary,Active,2022-06-26,0.0,3.9
12106,ACC00012106,8928,Fixed Deposit,Dormant,2018-12-12,0.0,7.15
12107,ACC00012107,4525,Savings,Active,2022-02-16,0.0,4.4
12108,ACC00012108,8726,Savings,Active,2025-01-03,0.0,3.05
12109,ACC00012109,7281,Current,Active,2023-03-06,1795300.0,4.98
12110,ACC00012110,5665,Savings,Active,2018-05-19,0.0,2.83
12111,ACC00012111,8520,Loan,Active,2022-07-08,1198700.0,7.67
12112,ACC00012112,1638,Savings,Closed,2021-12-02,0.0,4.57
12113,ACC00012113,430,Savings,Active,2020-03-31,0.0,3.5
12114,ACC00012114,4297,Salary,Active,2023-06-30,0.0,4.48
12115,ACC00012115,9146,Fixed Deposit,Active,2023-08-10,0.0,6.82
12116,ACC00012116,6252,Salary,Active,2023-09-03,0.0,4.51
12117,ACC00012117,4508,Current,Closed,2021-01-09,1552800.0,4.26
12118,ACC00012118,2951,Current,Blocked,2019-07-05,1150200.0,4.13
12119,ACC00012119,3473,Fixed Deposit,Active,2020-04-12,0.0,5.52
12120,ACC00012120,3532,Loan,Active,2024-03-27,543500.0,9.65
12121,ACC00012121,3383,Current,Active,2024-04-02,1056600.0,3.36
12122,ACC00012122,2167,Savings,Active,2023-10-29,0.0,3.11
12123,ACC00012123,9437,Savings,Active,2023-08-13,0.0,4.32
12124,ACC00012124,1613,Savings,Closed,2023-01-06,0.0,3.72
12125,ACC00012125,4213,Current,Active,2020-03-10,102900.0,3.4
12126,ACC00012126,3128,Salary,Active,2020-02-24,0.0,4.32
12127,ACC00012127,7072,Loan,Active,2021-05-03,1421700.0,8.85
12128,ACC00012128,5866,Salary,Active,2018-08-13,0.0,3.82
12129,ACC00012129,1909,Fixed Deposit,Blocked,2021-11-27,0.0,5.79
12130,ACC00012130,7771,Loan,Dormant,2024-10-22,839900.0,9.85
12131,ACC00012131,4504,Savings,Blocked,2020-09-28,0.0,4.16
12132,ACC00012132,6237,Savings,Active,2020-12-15,0.0,3.4
12133,ACC00012133,9435,Salary,Active,2024-06-09,0.0,4.97
12134,ACC00012134,3591,Salary,Active,2022-04-26,0.0,3.38
12135,ACC00012135,710,Savings,Active,2019-06-12,0.0,4.18
12136,ACC00012136,9750,Fixed Deposit,Active,2023-04-07,0.0,7.28
12137,ACC00012137,827,Loan,Active,2018-01-24,1429500.0,9.23
12138,ACC00012138,5168,Savings,Dormant,2021-02-04,0.0,4.28
12139,ACC00012139,93,Savings,Active,2025-06-06,0.0,2.99
12140,ACC00012140,26,Savings,Active,2025-11-30,0.0,4.18
12141,ACC00012141,2930,Current,Active,2023-11-16,1862700.0,2.87
12142,ACC00012142,493,Current,Active,2024-10-24,240200.0,4.99
12143,ACC00012143,4542,Savings,Active,2022-11-12,0.0,2.69
12144,ACC00012144,6027,Savings,Blocked,2025-07-17,0.0,3.71
12145,ACC00012145,5336,Savings,Active,2021-10-09,0.0,4.87
12146,ACC00012146,5151,Loan,Active,2019-05-19,174200.0,14.35
12147,ACC00012147,3000,Salary,Active,2024-12-06,0.0,3.33
12148,ACC00012148,6641,Current,Active,2023-10-05,610900.0,4.11
12149,ACC00012149,9472,Loan,Active,2021-05-15,828000.0,12.07
12150,ACC00012150,4509,Loan,Active,2023-07-27,924200.0,7.55
12151,ACC00012151,901,Savings,Active,2019-02-21,0.0,3.29
12152,ACC00012152,9847,Fixed Deposit,Active,2019-06-29,0.0,6.92
12153,ACC00012153,4237,Current,Closed,2018-01-05,701500.0,3.68
12154,ACC00012154,7539,Savings,Active,2023-08-15,0.0,2.97
12155,ACC00012155,3657,Savings,Active,2023-12-03,0.0,4.35
12156,ACC00012156,4567,Salary,Active,2018-01-03,0.0,3.3
12157,ACC00012157,4987,Salary,Active,2022-12-28,0.0,2.99
12158,ACC00012158,2704,Loan,Active,2023-01-13,1069100.0,9.58
12159,ACC00012159,8118,Current,Active,2018-06-05,1944300.0,3.11
12160,ACC00012160,5076,Savings,Closed,2023-12-21,0.0,3.57
12161,ACC00012161,1269,Salary,Active,2022-12-14,0.0,4.05
12162,ACC00012162,2736,Loan,Active,2022-05-08,172100.0,8.29
12163,ACC00012163,2769,Fixed Deposit,Active,2023-01-21,0.0,7.76
12164,ACC00012164,6450,Savings,Active,2025-03-24,0.0,3.88
12165,ACC00012165,5163,Savings,Closed,2018-03-13,0.0,3.2
12166,ACC00012166,365,Savings,Active,2025-02-27,0.0,4.2
12167,ACC00012167,5723,Current,Active,2022-03-31,1078600.0,3.61
12168,ACC00012168,7768,Savings,Active,2021-01-07,0.0,2.8
12169,ACC00012169,5301,Current,Dormant,2020-11-19,840800.0,3.11
12170,ACC00012170,3247,Fixed Deposit,Active,2022-11-03,0.0,5.95
12171,ACC00012171,6950,Salary,Active,2021-08-05,0.0,3.77
12172,ACC00012172,8249,Savings,Active,2024-11-17,0.0,2.74
12173,ACC00012173,7001,Savings,Active,2020-01-31,0.0,3.25
12174,ACC00012174,655,Savings,Dormant,2018-01-18,0.0,3.85
12175,ACC00012175,1563,Current,Dormant,2021-08-15,1364200.0,4.27
12176,ACC00012176,1197,Fixed Deposit,Active,2020-06-21,0.0,6.44
12177,ACC00012177,3623,Savings,Active,2025-08-08,0.0,4.32
12178,ACC00012178,6963,Salary,Closed,2018-02-15,0.0,3.9
12179,ACC00012179,2273,Current,Active,2020-09-01,406900.0,4.51
12180,ACC00012180,9298,Fixed Deposit,Active,2023-04-30,0.0,8.25
12181,ACC00012181,4353,Current,Active,2023-04-25,1327800.0,3.67
12182,ACC00012182,4237,Fixed Deposit,Active,2025-03-04,0.0,6.53
12183,ACC00012183,7010,Salary,Blocked,2018-01-10,0.0,4.65
12184,ACC00012184,8830,Current,Active,2023-06-18,660000.0,4.99
12185,ACC00012185,4645,Savings,Active,2025-06-19,0.0,2.54
12186,ACC00012186,5584,Loan,Active,2025-05-31,1933500.0,9.37
12187,ACC00012187,462,Savings,Active,2024-03-02,0.0,4.62
12188,ACC00012188,5508,Salary,Active,2020-06-28,0.0,3.17
12189,ACC00012189,6798,Salary,Active,2019-12-28,0.0,3.1
12190,ACC00012190,6209,Savings,Active,2019-05-31,0.0,3.58
12191,ACC00012191,5432,Salary,Dormant,2018-08-14,0.0,4.81
12192,ACC00012192,4001,Savings,Active,2021-11-04,0.0,2.96
12193,ACC00012193,3272,Savings,Closed,2019-02-14,0.0,3.18
12194,ACC00012194,1371,Salary,Active,2024-09-08,0.0,4.59
12195,ACC00012195,2426,Savings,Dormant,2018-06-07,0.0,4.47
12196,ACC00012196,3476,Loan,Blocked,2020-07-02,282600.0,10.62
12197,ACC00012197,2438,Current,Active,2019-06-14,1808100.0,4.38
12198,ACC00012198,8713,Savings,Active,2021-04-24,0.0,3.19
12199,ACC00012199,4151,Salary,Active,2021-09-16,0.0,4.15
12200,ACC00012200,2913,Savings,Active,2022-05-21,0.0,3.94
12201,ACC00012201,2578,Savings,Active,2018-01-21,0.0,4.54
12202,ACC00012202,2835,Current,Active,2020-02-03,362400.0,2.55
12203,ACC00012203,6277,Salary,Active,2023-03-30,0.0,2.59
12204,ACC00012204,2246,Loan,Active,2020-01-18,485800.0,14.16
12205,ACC00012205,5329,Savings,Active,2023-07-25,0.0,4.56
12206,ACC00012206,8584,Salary,Dormant,2025-12-04,0.0,3.89
12207,ACC00012207,5583,Savings,Active,2023-12-12,0.0,3.4
12208,ACC00012208,5948,Savings,Active,2019-07-05,0.0,4.23
12209,ACC00012209,1116,Loan,Active,2019-11-08,925000.0,8.4
12210,ACC00012210,344,Savings,Active,2022-06-08,0.0,2.58
12211,ACC00012211,6234,Current,Active,2025-05-15,466000.0,3.13
12212,ACC00012212,355,Salary,Active,2020-03-03,0.0,2.85
12213,ACC00012213,3511,Salary,Active,2020-02-15,0.0,4.46
12214,ACC00012214,5219,Fixed Deposit,Active,2020-06-04,0.0,6.06
12215,ACC00012215,5440,Savings,Active,2023-03-12,0.0,2.61
12216,ACC00012216,6843,Salary,Active,2020-03-05,0.0,4.42
12217,ACC00012217,2631,Current,Active,2023-01-22,495300.0,4.35
12218,ACC00012218,835,Loan,Active,2018-06-08,508300.0,12.52
12219,ACC00012219,18,Salary,Active,2019-08-07,0.0,2.5
12220,ACC00012220,6773,Loan,Active,2018-10-08,805300.0,14.25
12221,ACC00012221,5787,Savings,Dormant,2025-11-15,0.0,3.15
12222,ACC00012222,3281,Current,Active,2018-03-14,1836100.0,4.85
12223,ACC00012223,160,Current,Active,2025-02-14,86900.0,2.54
12224,ACC00012224,4171,Fixed Deposit,Active,2025-10-30,0.0,7.77
12225,ACC00012225,9902,Savings,Active,2022-11-06,0.0,2.77
12226,ACC00012226,676,Current,Closed,2022-06-24,1097800.0,3.96
12227,ACC00012227,76,Savings,Active,2024-03-19,0.0,4.58
12228,ACC00012228,7820,Savings,Active,2021-02-10,0.0,2.95
12229,ACC00012229,3387,Savings,Closed,2025-11-09,0.0,3.45
12230,ACC00012230,323,Savings,Active,2024-04-08,0.0,3.29
12231,ACC00012231,6431,Savings,Active,2018-08-26,0.0,3.33
12232,ACC00012232,6740,Salary,Active,2023-05-29,0.0,4.31
12233,ACC00012233,6507,Savings,Active,2019-07-08,0.0,2.77
12234,ACC00012234,6831,Savings,Active,2021-08-20,0.0,3.8
12235,ACC00012235,682,Savings,Active,2018-08-26,0.0,2.78
12236,ACC00012236,3256,Salary,Active,2025-03-12,0.0,4.66
12237,ACC00012237,8331,Current,Active,2022-03-30,1223100.0,3.93
12238,ACC00012238,4731,Fixed Deposit,Active,2020-07-24,0.0,5.72
12239,ACC00012239,7455,Savings,Active,2025-10-31,0.0,4.56
12240,ACC00012240,9535,Current,Active,2025-10-22,1898200.0,3.26
12241,ACC00012241,3160,Fixed Deposit,Active,2023-08-13,0.0,5.7
12242,ACC00012242,8127,Salary,Active,2020-09-06,0.0,2.87
12243,ACC00012243,5628,Savings,Active,2021-11-02,0.0,4.49
12244,ACC00012244,5519,Current,Active,2023-10-19,493100.0,3.44
12245,ACC00012245,2873,Salary,Dormant,2024-05-13,0.0,2.74
12246,ACC00012246,8578,Fixed Deposit,Active,2019-08-26,0.0,6.26
12247,ACC00012247,285,Loan,Closed,2020-09-16,65300.0,9.72
12248,ACC00012248,8489,Savings,Active,2024-10-22,0.0,4.54
12249,ACC00012249,2902,Savings,Active,2019-02-02,0.0,2.67
12250,ACC00012250,139,Current,Active,2024-10-14,1054100.0,2.52
12251,ACC00012251,7775,Savings,Active,2024-07-13,0.0,2.91
12252,ACC00012252,9598,Savings,Active,2022-05-25,0.0,3.43
12253,ACC00012253,1743,Salary,Active,2025-08-15,0.0,3.78
12254,ACC00012254,3204,Savings,Active,2021-01-25,0.0,2.51
12255,ACC00012255,8948,Current,Active,2020-06-02,1512300.0,3.1
12256,ACC00012256,4829,Salary,Active,2021-02-16,0.0,3.27
12257,ACC00012257,1481,Salary,Dormant,2020-04-23,0.0,3.3
12258,ACC00012258,9461,Loan,Active,2021-09-09,1677600.0,10.51
12259,ACC00012259,7287,Savings,Active,2018-06-27,0.0,2.74
12260,ACC00012260,5164,Current,Active,2022-01-01,1303000.0,4.41
12261,ACC00012261,1969,Fixed Deposit,Active,2025-04-13,0.0,6.31
12262,ACC00012262,8634,Savings,Active,2025-07-25,0.0,3.24
12263,ACC00012263,1789,Loan,Closed,2021-09-20,394200.0,12.87
12264,ACC00012264,5386,Savings,Active,2025-02-27,0.0,3.67
12265,ACC00012265,348,Salary,Active,2018-10-16,0.0,4.81
12266,ACC00012266,2661,Savings,Active,2019-04-21,0.0,3.45
12267,ACC00012267,9005,Current,Active,2018-09-17,410700.0,4.54
12268,ACC00012268,8725,Savings,Active,2023-12-28,0.0,3.47
12269,ACC00012269,9796,Savings,Active,2018-10-29,0.0,4.77
12270,ACC00012270,3813,Savings,Active,2023-06-16,0.0,3.25
12271,ACC00012271,2559,Savings,Dormant,2022-08-11,0.0,3.17
12272,ACC00012272,5766,Fixed Deposit,Active,2019-09-22,0.0,7.5
12273,ACC00012273,7193,Savings,Active,2021-05-21,0.0,3.79
12274,ACC00012274,3137,Savings,Active,2018-03-10,0.0,4.38
12275,ACC00012275,254,Loan,Active,2022-01-08,457600.0,10.19
12276,ACC00012276,2156,Current,Active,2023-12-27,279000.0,2.95
12277,ACC00012277,5928,Salary,Active,2018-09-09,0.0,3.38
12278,ACC00012278,8256,Salary,Active,2021-05-05,0.0,3.21
12279,ACC00012279,2647,Fixed Deposit,Active,2022-10-10,0.0,7.1
12280,ACC00012280,8282,Fixed Deposit,Active,2023-11-19,0.0,6.38
12281,ACC00012281,8188,Savings,Active,2024-03-23,0.0,3.13
12282,ACC00012282,6597,Fixed Deposit,Active,2023-12-14,0.0,6.04
12283,ACC00012283,546,Savings,Active,2018-05-30,0.0,2.8
12284,ACC00012284,5912,Savings,Active,2020-11-04,0.0,4.73
12285,ACC00012285,7038,Salary,Active,2024-12-03,0.0,4.59
12286,ACC00012286,1889,Savings,Active,2020-12-27,0.0,3.78
12287,ACC00012287,5301,Savings,Dormant,2019-04-03,0.0,2.65
12288,ACC00012288,4536,Current,Active,2020-05-26,1994500.0,2.99
12289,ACC00012289,6380,Savings,Active,2018-11-28,0.0,4.54
12290,ACC00012290,7182,Salary,Active,2018-07-08,0.0,4.24
12291,ACC00012291,1725,Salary,Active,2021-09-20,0.0,4.57
12292,ACC00012292,4033,Loan,Active,2023-11-17,1307000.0,8.93
12293,ACC00012293,7086,Savings,Active,2019-11-19,0.0,3.25
12294,ACC00012294,7694,Loan,Active,2020-01-22,103100.0,7.73
12295,ACC00012295,4845,Savings,Active,2019-04-18,0.0,4.17
12296,ACC00012296,4773,Fixed Deposit,Active,2025-07-19,0.0,6.64
12297,ACC00012297,7541,Savings,Closed,2019-09-21,0.0,2.66
12298,ACC00012298,9443,Salary,Dormant,2022-01-05,0.0,4.41
12299,ACC00012299,7682,Salary,Closed,2020-06-03,0.0,3.97
12300,ACC00012300,7009,Savings,Active,2024-10-08,0.0,3.49
12301,ACC00012301,6546,Savings,Active,2018-07-25,0.0,3.59
12302,ACC00012302,5231,Savings,Active,2022-12-28,0.0,3.62
12303,ACC00012303,9466,Current,Active,2024-10-15,495700.0,3.5
12304,ACC00012304,9360,Salary,Active,2022-04-27,0.0,3.05
12305,ACC00012305,8300,Savings,Active,2022-03-30,0.0,4.68
12306,ACC00012306,5456,Savings,Closed,2021-09-03,0.0,2.66
12307,ACC00012307,8715,Savings,Active,2018-07-17,0.0,3.58
12308,ACC00012308,3523,Savings,Active,2018-02-28,0.0,3.59
12309,ACC00012309,5436,Fixed Deposit,Active,2021-08-16,0.0,8.46
12310,ACC00012310,2256,Savings,Active,2021-05-28,0.0,4.48
12311,ACC00012311,8711,Savings,Dormant,2023-05-23,0.0,3.61
12312,ACC00012312,732,Salary,Dormant,2020-06-18,0.0,3.09
12313,ACC00012313,1891,Fixed Deposit,Dormant,2021-05-07,0.0,6.66
12314,ACC00012314,8223,Current,Active,2023-03-13,693300.0,2.89
12315,ACC00012315,7947,Salary,Active,2018-09-06,0.0,3.29
12316,ACC00012316,9449,Current,Active,2020-02-13,764000.0,4.94
12317,ACC00012317,8257,Salary,Dormant,2021-02-03,0.0,4.71
12318,ACC00012318,61,Fixed Deposit,Closed,2022-02-17,0.0,6.25
12319,ACC00012319,8286,Fixed Deposit,Active,2023-07-20,0.0,6.14
12320,ACC00012320,1825,Salary,Active,2022-11-12,0.0,4.2
12321,ACC00012321,2188,Fixed Deposit,Active,2019-04-22,0.0,7.95
12322,ACC00012322,2506,Fixed Deposit,Closed,2019-10-02,0.0,6.15
12323,ACC00012323,9399,Fixed Deposit,Active,2018-03-24,0.0,8.19
12324,ACC00012324,1004,Current,Active,2023-10-27,835700.0,3.13
12325,ACC00012325,5870,Fixed Deposit,Active,2018-04-20,0.0,5.74
12326,ACC00012326,299,Savings,Active,2020-11-02,0.0,3.04
12327,ACC00012327,8810,Savings,Blocked,2021-08-13,0.0,4.81
12328,ACC00012328,497,Loan,Active,2019-05-29,412800.0,8.05
12329,ACC00012329,7649,Savings,Active,2023-10-15,0.0,3.21
12330,ACC00012330,7519,Fixed Deposit,Active,2021-02-26,0.0,7.78
12331,ACC00012331,223,Current,Active,2018-08-08,1428400.0,5.0
12332,ACC00012332,4946,Savings,Active,2025-06-17,0.0,2.53
12333,ACC00012333,1156,Savings,Closed,2022-02-14,0.0,4.19
12334,ACC00012334,2994,Salary,Closed,2020-11-13,0.0,4.08
12335,ACC00012335,9876,Savings,Active,2024-02-03,0.0,4.02
12336,ACC00012336,28,Current,Closed,2025-07-10,1910500.0,3.24
12337,ACC00012337,8269,Savings,Active,2021-02-09,0.0,3.06
12338,ACC00012338,4259,Salary,Active,2024-07-24,0.0,3.7
12339,ACC00012339,9106,Current,Active,2023-07-05,906200.0,4.61
12340,ACC00012340,417,Current,Active,2022-02-14,943900.0,3.97
12341,ACC00012341,6949,Current,Blocked,2019-09-22,1280900.0,2.68
12342,ACC00012342,538,Salary,Closed,2022-02-13,0.0,4.24
12343,ACC00012343,3742,Salary,Active,2025-02-10,0.0,4.35
12344,ACC00012344,251,Savings,Active,2023-06-12,0.0,3.74
12345,ACC00012345,6868,Current,Active,2020-01-04,808100.0,4.74
12346,ACC00012346,7695,Savings,Active,2021-02-28,0.0,3.0
12347,ACC00012347,9827,Current,Active,2024-01-14,1917000.0,4.38
12348,ACC00012348,4874,Fixed Deposit,Active,2021-08-03,0.0,8.18
12349,ACC00012349,7865,Savings,Active,2019-08-29,0.0,4.02
12350,ACC00012350,5274,Savings,Active,2020-05-10,0.0,3.25
12351,ACC00012351,9736,Savings,Active,2020-07-15,0.0,3.9
12352,ACC00012352,1722,Current,Active,2025-12-13,1170000.0,3.06
12353,ACC00012353,2499,Loan,Active,2021-03-20,809500.0,12.91
12354,ACC00012354,7571,Savings,Active,2018-06-25,0.0,3.48
12355,ACC00012355,9518,Savings,Active,2021-04-04,0.0,3.7
12356,ACC00012356,361,Savings,Active,2019-09-26,0.0,4.44
12357,ACC00012357,5369,Salary,Active,2022-09-13,0.0,4.86
12358,ACC00012358,2132,Current,Active,2023-03-20,554500.0,2.59
12359,ACC00012359,8440,Savings,Active,2019-11-05,0.0,3.68
12360,ACC00012360,5306,Savings,Active,2022-06-12,0.0,3.17
12361,ACC00012361,7589,Fixed Deposit,Active,2018-06-02,0.0,6.95
12362,ACC00012362,5991,Salary,Dormant,2024-04-20,0.0,3.41
12363,ACC00012363,3822,Loan,Active,2024-08-30,358000.0,14.16
12364,ACC00012364,6126,Current,Active,2019-11-12,502600.0,4.6
12365,ACC00012365,1164,Loan,Active,2022-03-14,983000.0,13.83
12366,ACC00012366,9838,Salary,Active,2024-08-08,0.0,4.77
12367,ACC00012367,895,Savings,Active,2018-07-24,0.0,3.4
12368,ACC00012368,5109,Savings,Closed,2025-04-03,0.0,3.04
12369,ACC00012369,6623,Savings,Closed,2020-02-11,0.0,4.54
12370,ACC00012370,9333,Savings,Active,2020-07-08,0.0,4.29
12371,ACC00012371,828,Fixed Deposit,Active,2018-08-17,0.0,5.85
12372,ACC00012372,6112,Current,Active,2025-12-28,1531400.0,4.9
12373,ACC00012373,4316,Savings,Active,2025-01-11,0.0,2.66
12374,ACC00012374,5258,Salary,Active,2018-05-14,0.0,3.51
12375,ACC00012375,9431,Loan,Active,2024-01-22,1809300.0,13.95
12376,ACC00012376,9635,Savings,Active,2020-10-19,0.0,4.65
12377,ACC00012377,6709,Fixed Deposit,Closed,2018-04-07,0.0,5.7
12378,ACC00012378,9597,Fixed Deposit,Active,2023-01-21,0.0,5.97
12379,ACC00012379,9133,Salary,Active,2019-01-19,0.0,4.98
12380,ACC00012380,4744,Loan,Active,2025-12-25,813000.0,10.27
12381,ACC00012381,1428,Loan,Active,2019-03-11,1349600.0,9.22
12382,ACC00012382,5149,Salary,Active,2023-10-30,0.0,4.07
12383,ACC00012383,3112,Savings,Active,2022-03-10,0.0,4.57
12384,ACC00012384,2985,Savings,Active,2020-11-17,0.0,2.55
12385,ACC00012385,4047,Savings,Active,2024-11-24,0.0,3.97
12386,ACC00012386,7733,Savings,Active,2020-03-16,0.0,2.85
12387,ACC00012387,7492,Savings,Active,2022-01-20,0.0,3.2
12388,ACC00012388,7949,Savings,Active,2020-04-01,0.0,4.59
12389,ACC00012389,8442,Savings,Active,2021-08-25,0.0,4.09
12390,ACC00012390,4088,Savings,Active,2019-11-07,0.0,4.25
12391,ACC00012391,296,Loan,Active,2019-12-03,1850600.0,8.21
12392,ACC00012392,2511,Loan,Active,2022-11-15,495100.0,9.56
12393,ACC00012393,289,Loan,Active,2022-08-07,978300.0,10.0
12394,ACC00012394,196,Fixed Deposit,Active,2023-10-11,0.0,7.92
12395,ACC00012395,1575,Salary,Active,2022-04-19,0.0,2.9
12396,ACC00012396,8843,Loan,Closed,2022-12-04,493100.0,7.58
12397,ACC00012397,2928,Savings,Active,2019-01-26,0.0,3.85
12398,ACC00012398,9682,Current,Active,2021-12-27,211700.0,4.22
12399,ACC00012399,9678,Current,Active,2018-12-18,126700.0,3.34
12400,ACC00012400,8753,Current,Active,2023-02-18,362400.0,4.97
12401,ACC00012401,4514,Savings,Active,2020-11-15,0.0,3.43
12402,ACC00012402,215,Loan,Active,2019-10-02,1438500.0,13.71
12403,ACC00012403,5603,Savings,Active,2019-09-11,0.0,3.74
12404,ACC00012404,8389,Savings,Active,2024-01-15,0.0,4.42
12405,ACC00012405,2186,Salary,Active,2018-06-20,0.0,4.77
12406,ACC00012406,6735,Loan,Active,2025-12-04,1583000.0,12.65
12407,ACC00012407,3552,Loan,Active,2022-01-01,132300.0,12.27
12408,ACC00012408,5930,Fixed Deposit,Closed,2020-12-26,0.0,6.98
12409,ACC00012409,344,Savings,Active,2021-03-17,0.0,4.08
12410,ACC00012410,7460,Fixed Deposit,Active,2025-01-30,0.0,6.97
12411,ACC00012411,5677,Salary,Active,2023-05-19,0.0,4.86
12412,ACC00012412,2570,Savings,Closed,2022-09-12,0.0,3.46
12413,ACC00012413,3426,Savings,Dormant,2021-07-16,0.0,3.17
12414,ACC00012414,3944,Fixed Deposit,Active,2024-06-24,0.0,5.74
12415,ACC00012415,6522,Savings,Blocked,2018-06-10,0.0,4.63
12416,ACC00012416,7365,Savings,Active,2019-07-29,0.0,2.85
12417,ACC00012417,2486,Loan,Active,2018-06-20,1174200.0,14.19
12418,ACC00012418,4237,Loan,Blocked,2019-03-29,1051700.0,14.02
12419,ACC00012419,1163,Salary,Active,2023-12-16,0.0,4.74
12420,ACC00012420,4355,Savings,Active,2020-01-17,0.0,4.92
12421,ACC00012421,912,Salary,Active,2021-02-24,0.0,3.18
12422,ACC00012422,7752,Salary,Active,2022-10-26,0.0,3.84
12423,ACC00012423,1849,Savings,Active,2018-11-14,0.0,3.32
12424,ACC00012424,1549,Current,Active,2019-05-15,828800.0,4.49
12425,ACC00012425,1585,Loan,Active,2024-12-21,1022700.0,11.44
12426,ACC00012426,360,Savings,Active,2022-06-07,0.0,4.95
12427,ACC00012427,2696,Current,Closed,2019-03-21,513700.0,2.96
12428,ACC00012428,6995,Current,Active,2023-06-08,423600.0,4.96
12429,ACC00012429,8874,Fixed Deposit,Active,2022-08-06,0.0,7.2
12430,ACC00012430,632,Salary,Active,2025-12-08,0.0,3.02
12431,ACC00012431,8647,Savings,Active,2023-04-08,0.0,3.7
12432,ACC00012432,7666,Savings,Active,2024-03-14,0.0,4.75
12433,ACC00012433,945,Savings,Active,2020-06-22,0.0,3.96
12434,ACC00012434,3326,Loan,Active,2023-09-24,1220800.0,11.8
12435,ACC00012435,787,Salary,Closed,2023-12-01,0.0,3.07
12436,ACC00012436,8119,Savings,Active,2020-05-17,0.0,3.6
12437,ACC00012437,3135,Savings,Active,2018-01-18,0.0,3.38
12438,ACC00012438,9213,Savings,Active,2018-01-28,0.0,3.54
12439,ACC00012439,1474,Current,Active,2020-01-07,1176400.0,3.15
12440,ACC00012440,4651,Savings,Active,2020-01-10,0.0,4.17
12441,ACC00012441,5273,Loan,Active,2024-02-23,1140400.0,14.37
12442,ACC00012442,6938,Savings,Dormant,2025-09-06,0.0,2.6
12443,ACC00012443,2075,Loan,Active,2018-12-22,1364300.0,12.17
12444,ACC00012444,1272,Fixed Deposit,Active,2020-08-04,0.0,7.27
12445,ACC00012445,3011,Loan,Active,2019-06-24,1420800.0,9.47
12446,ACC00012446,9398,Savings,Dormant,2020-04-28,0.0,3.08
12447,ACC00012447,6079,Savings,Active,2024-02-11,0.0,3.33
12448,ACC00012448,1805,Fixed Deposit,Active,2018-05-08,0.0,6.56
12449,ACC00012449,4724,Savings,Active,2020-03-31,0.0,2.92
12450,ACC00012450,1118,Savings,Active,2023-06-10,0.0,4.73
12451,ACC00012451,2254,Savings,Active,2024-05-11,0.0,3.56
12452,ACC00012452,2662,Loan,Active,2020-04-02,1441600.0,10.75
12453,ACC00012453,1070,Fixed Deposit,Active,2019-05-26,0.0,5.82
12454,ACC00012454,9748,Savings,Active,2025-10-12,0.0,4.9
12455,ACC00012455,5785,Current,Active,2022-08-07,1034900.0,4.59
12456,ACC00012456,1725,Savings,Active,2022-07-22,0.0,4.76
12457,ACC00012457,27,Current,Active,2023-09-19,1993600.0,3.17
12458,ACC00012458,2297,Loan,Closed,2023-11-09,974800.0,13.21
12459,ACC00012459,4933,Savings,Active,2025-03-15,0.0,4.2
12460,ACC00012460,8151,Savings,Dormant,2021-11-06,0.0,3.8
12461,ACC00012461,9967,Savings,Closed,2018-01-09,0.0,3.83
12462,ACC00012462,7697,Loan,Active,2025-12-28,1492700.0,7.67
12463,ACC00012463,8323,Savings,Active,2020-12-04,0.0,3.44
12464,ACC00012464,6131,Savings,Active,2020-01-29,0.0,4.64
12465,ACC00012465,1206,Savings,Active,2019-05-21,0.0,2.9
12466,ACC00012466,9352,Fixed Deposit,Active,2020-10-24,0.0,6.74
12467,ACC00012467,5687,Current,Active,2022-09-22,981000.0,3.49
12468,ACC00012468,4833,Savings,Active,2020-05-18,0.0,3.54
12469,ACC00012469,2474,Salary,Active,2018-11-23,0.0,4.02
12470,ACC00012470,2369,Savings,Active,2022-10-03,0.0,2.98
12471,ACC00012471,8679,Salary,Active,2024-06-17,0.0,2.72
12472,ACC00012472,5253,Savings,Active,2024-08-26,0.0,4.8
12473,ACC00012473,4847,Fixed Deposit,Active,2021-08-27,0.0,7.95
12474,ACC00012474,6145,Salary,Active,2020-07-11,0.0,2.86
12475,ACC00012475,2022,Fixed Deposit,Active,2025-08-15,0.0,5.79
12476,ACC00012476,4942,Savings,Active,2022-04-05,0.0,4.71
12477,ACC00012477,5640,Savings,Active,2018-11-09,0.0,4.8
12478,ACC00012478,3737,Salary,Active,2019-11-13,0.0,4.54
12479,ACC00012479,2365,Loan,Active,2019-03-03,52400.0,10.25
12480,ACC00012480,2597,Fixed Deposit,Active,2025-01-27,0.0,6.27
12481,ACC00012481,5333,Loan,Active,2021-05-06,1531800.0,13.64
12482,ACC00012482,7199,Savings,Active,2022-07-18,0.0,3.8
12483,ACC00012483,341,Savings,Active,2022-12-29,0.0,3.77
12484,ACC00012484,6595,Current,Active,2025-02-27,1936400.0,3.44
12485,ACC00012485,9406,Savings,Active,2018-07-13,0.0,2.6
12486,ACC00012486,646,Salary,Active,2025-09-21,0.0,4.15
12487,ACC00012487,4039,Savings,Active,2022-10-08,0.0,3.46
12488,ACC00012488,1075,Salary,Active,2018-03-25,0.0,3.66
12489,ACC00012489,2447,Loan,Dormant,2019-02-05,945100.0,13.31
12490,ACC00012490,7616,Savings,Active,2025-02-05,0.0,3.97
12491,ACC00012491,5038,Salary,Active,2020-04-20,0.0,4.64
12492,ACC00012492,2798,Savings,Active,2023-12-25,0.0,3.64
12493,ACC00012493,8445,Savings,Active,2023-03-11,0.0,4.85
12494,ACC00012494,9938,Current,Active,2020-06-22,973600.0,2.71
12495,ACC00012495,4761,Savings,Active,2025-05-02,0.0,3.74
12496,ACC00012496,5698,Loan,Dormant,2022-12-22,1022800.0,13.8
12497,ACC00012497,341,Savings,Active,2018-11-11,0.0,4.62
12498,ACC00012498,1982,Salary,Blocked,2024-07-04,0.0,4.27
12499,ACC00012499,5147,Savings,Dormant,2019-12-09,0.0,2.66
12500,ACC00012500,2365,Fixed Deposit,Active,2024-11-15,0.0,7.25
12501,ACC00012501,1144,Current,Dormant,2023-06-17,1241900.0,3.53
12502,ACC00012502,4253,Savings,Active,2018-01-15,0.0,2.7
12503,ACC00012503,6703,Current,Active,2019-06-13,867600.0,3.21
12504,ACC00012504,5911,Loan,Active,2023-09-17,1662700.0,9.88
12505,ACC00012505,5434,Savings,Blocked,2024-08-01,0.0,4.72
12506,ACC00012506,2740,Current,Active,2025-07-11,544400.0,2.62
12507,ACC00012507,3218,Current,Active,2019-10-23,1046200.0,3.43
12508,ACC00012508,7240,Salary,Active,2025-01-02,0.0,4.1
12509,ACC00012509,2228,Savings,Active,2024-03-28,0.0,4.69
12510,ACC00012510,6488,Current,Active,2018-01-18,653700.0,4.54
12511,ACC00012511,7689,Fixed Deposit,Active,2023-07-06,0.0,6.6
12512,ACC00012512,45,Savings,Active,2021-06-17,0.0,2.92
12513,ACC00012513,9412,Fixed Deposit,Active,2022-09-26,0.0,5.56
12514,ACC00012514,6958,Current,Dormant,2024-03-30,1344400.0,3.02
12515,ACC00012515,6449,Savings,Active,2022-05-22,0.0,3.42
12516,ACC00012516,9346,Current,Active,2018-03-01,130600.0,3.05
12517,ACC00012517,7372,Savings,Active,2023-08-17,0.0,4.05
12518,ACC00012518,3994,Loan,Active,2022-08-13,846600.0,8.84
12519,ACC00012519,3034,Savings,Active,2025-06-18,0.0,3.75
12520,ACC00012520,5464,Salary,Active,2024-07-03,0.0,3.56
12521,ACC00012521,959,Current,Blocked,2023-11-17,943100.0,2.6
12522,ACC00012522,5034,Savings,Active,2024-06-29,0.0,4.61
12523,ACC00012523,9788,Current,Active,2022-02-23,404600.0,4.91
12524,ACC00012524,7193,Savings,Active,2018-04-17,0.0,4.58
12525,ACC00012525,2025,Current,Active,2025-01-24,468800.0,4.91
12526,ACC00012526,2302,Savings,Active,2024-10-04,0.0,4.7
12527,ACC00012527,6013,Salary,Active,2020-10-10,0.0,3.04
12528,ACC00012528,3488,Salary,Dormant,2025-07-29,0.0,4.15
12529,ACC00012529,2480,Salary,Active,2023-07-05,0.0,3.83
12530,ACC00012530,3304,Fixed Deposit,Active,2018-02-27,0.0,8.08
12531,ACC00012531,4216,Savings,Active,2019-03-02,0.0,4.6
12532,ACC00012532,4770,Current,Active,2024-06-30,981500.0,4.68
12533,ACC00012533,5810,Current,Active,2020-03-11,1374600.0,3.04
12534,ACC00012534,3028,Salary,Active,2025-03-13,0.0,3.86
12535,ACC00012535,3124,Savings,Active,2019-07-19,0.0,2.62
12536,ACC00012536,3666,Savings,Active,2020-12-26,0.0,3.05
12537,ACC00012537,5694,Salary,Active,2021-09-26,0.0,3.71
12538,ACC00012538,3445,Savings,Active,2025-01-11,0.0,4.88
12539,ACC00012539,9725,Salary,Active,2021-10-03,0.0,3.55
12540,ACC00012540,3111,Salary,Active,2024-12-22,0.0,2.81
12541,ACC00012541,3001,Loan,Active,2022-01-12,602000.0,11.58
12542,ACC00012542,5916,Savings,Active,2021-02-13,0.0,4.07
12543,ACC00012543,8180,Salary,Active,2019-08-31,0.0,4.82
12544,ACC00012544,3291,Salary,Active,2022-05-23,0.0,4.67
12545,ACC00012545,3963,Loan,Active,2018-06-01,353300.0,10.6
12546,ACC00012546,1915,Current,Active,2021-02-04,364400.0,2.6
12547,ACC00012547,8145,Salary,Dormant,2022-02-14,0.0,3.97
12548,ACC00012548,8591,Salary,Active,2020-11-13,0.0,3.66
12549,ACC00012549,4976,Loan,Active,2023-05-05,1653900.0,7.66
12550,ACC00012550,3981,Current,Active,2018-03-14,1485800.0,2.5
12551,ACC00012551,8278,Savings,Active,2018-11-10,0.0,3.73
12552,ACC00012552,4067,Current,Active,2025-07-01,1185500.0,4.89
12553,ACC00012553,2711,Savings,Active,2025-06-09,0.0,3.59
12554,ACC00012554,9791,Savings,Active,2020-04-21,0.0,3.42
12555,ACC00012555,2760,Savings,Active,2025-09-01,0.0,4.96
12556,ACC00012556,7029,Salary,Active,2018-07-24,0.0,4.1
12557,ACC00012557,3751,Current,Closed,2022-01-13,1490500.0,3.47
12558,ACC00012558,867,Current,Active,2020-04-25,1930500.0,3.82
12559,ACC00012559,694,Salary,Closed,2025-09-05,0.0,3.31
12560,ACC00012560,3406,Current,Active,2021-04-07,1657900.0,4.05
12561,ACC00012561,6274,Savings,Active,2018-12-02,0.0,4.23
12562,ACC00012562,6445,Salary,Active,2025-11-14,0.0,4.01
12563,ACC00012563,3470,Savings,Blocked,2019-08-03,0.0,3.26
12564,ACC00012564,7171,Salary,Active,2021-05-22,0.0,4.56
12565,ACC00012565,3969,Savings,Active,2022-02-01,0.0,4.67
12566,ACC00012566,5556,Current,Dormant,2024-08-04,410800.0,4.24
12567,ACC00012567,9623,Savings,Active,2019-06-04,0.0,2.7
12568,ACC00012568,8102,Savings,Active,2023-11-18,0.0,3.29
12569,ACC00012569,4524,Loan,Active,2018-01-15,652200.0,9.08
12570,ACC00012570,7178,Current,Closed,2024-04-08,471400.0,4.73
12571,ACC00012571,739,Loan,Closed,2021-01-08,348500.0,13.57
12572,ACC00012572,7064,Loan,Dormant,2022-07-05,1365800.0,8.87
12573,ACC00012573,7413,Savings,Active,2023-02-14,0.0,2.73
12574,ACC00012574,4803,Loan,Active,2019-09-07,1906200.0,11.5
12575,ACC00012575,1567,Salary,Dormant,2023-07-21,0.0,3.96
12576,ACC00012576,1427,Current,Closed,2022-11-28,1516400.0,4.84
12577,ACC00012577,2090,Savings,Active,2024-08-31,0.0,4.97
12578,ACC00012578,7387,Savings,Active,2023-10-02,0.0,2.75
12579,ACC00012579,4363,Savings,Active,2023-08-07,0.0,3.21
12580,ACC00012580,3537,Salary,Active,2024-10-22,0.0,3.06
12581,ACC00012581,370,Savings,Active,2023-12-14,0.0,4.05
12582,ACC00012582,8905,Savings,Active,2024-09-09,0.0,3.06
12583,ACC00012583,3562,Current,Active,2023-03-20,671100.0,4.84
12584,ACC00012584,1367,Savings,Active,2025-04-12,0.0,4.12
12585,ACC00012585,7048,Current,Active,2023-12-07,665800.0,3.72
12586,ACC00012586,3917,Savings,Active,2024-05-27,0.0,4.17
12587,ACC00012587,9130,Current,Active,2022-10-05,1411300.0,4.96
12588,ACC00012588,4817,Fixed Deposit,Active,2019-02-07,0.0,6.19
12589,ACC00012589,4784,Fixed Deposit,Active,2018-05-28,0.0,8.05
12590,ACC00012590,9503,Savings,Active,2023-08-05,0.0,3.33
12591,ACC00012591,4143,Savings,Active,2020-10-10,0.0,3.14
12592,ACC00012592,9517,Savings,Active,2025-06-08,0.0,3.63
12593,ACC00012593,2084,Savings,Active,2024-01-02,0.0,4.17
12594,ACC00012594,8133,Savings,Active,2024-11-05,0.0,4.88
12595,ACC00012595,410,Fixed Deposit,Blocked,2022-11-18,0.0,5.97
12596,ACC00012596,2175,Savings,Active,2021-12-04,0.0,3.39
12597,ACC00012597,4660,Fixed Deposit,Active,2018-07-23,0.0,6.87
12598,ACC00012598,9496,Loan,Active,2018-07-18,1319300.0,11.55
12599,ACC00012599,3334,Salary,Active,2020-06-26,0.0,4.96
12600,ACC00012600,3911,Fixed Deposit,Active,2019-05-06,0.0,8.48
12601,ACC00012601,5428,Fixed Deposit,Dormant,2022-01-22,0.0,8.27
12602,ACC00012602,4124,Savings,Active,2020-11-13,0.0,3.26
12603,ACC00012603,2093,Salary,Active,2025-03-29,0.0,3.53
12604,ACC00012604,2638,Salary,Active,2023-06-30,0.0,3.05
12605,ACC00012605,9767,Savings,Blocked,2021-05-12,0.0,2.88
12606,ACC00012606,651,Fixed Deposit,Active,2023-09-24,0.0,5.61
12607,ACC00012607,1740,Salary,Active,2019-10-30,0.0,4.01
12608,ACC00012608,8050,Salary,Active,2020-01-08,0.0,2.71
12609,ACC00012609,7676,Savings,Active,2018-02-06,0.0,3.23
12610,ACC00012610,8995,Fixed Deposit,Closed,2022-09-25,0.0,6.35
12611,ACC00012611,6389,Savings,Active,2025-07-20,0.0,3.76
12612,ACC00012612,129,Savings,Dormant,2021-11-08,0.0,4.29
12613,ACC00012613,1940,Savings,Active,2024-08-19,0.0,2.71
12614,ACC00012614,4194,Savings,Blocked,2020-06-18,0.0,3.47
12615,ACC00012615,2742,Salary,Active,2018-04-14,0.0,4.76
12616,ACC00012616,1138,Savings,Closed,2025-11-17,0.0,3.68
12617,ACC00012617,3988,Salary,Active,2024-05-05,0.0,3.13
12618,ACC00012618,3406,Current,Dormant,2021-09-26,53800.0,2.6
12619,ACC00012619,3916,Savings,Active,2024-06-22,0.0,3.8
12620,ACC00012620,1407,Savings,Closed,2020-01-08,0.0,4.25
12621,ACC00012621,2783,Salary,Active,2019-04-16,0.0,3.6
12622,ACC00012622,1400,Current,Active,2025-01-09,1722100.0,2.83
12623,ACC00012623,7201,Savings,Active,2025-01-21,0.0,3.8
12624,ACC00012624,9769,Savings,Dormant,2024-06-01,0.0,3.61
12625,ACC00012625,5848,Salary,Dormant,2025-02-06,0.0,4.6
12626,ACC00012626,1537,Fixed Deposit,Active,2022-09-30,0.0,7.89
12627,ACC00012627,5087,Savings,Active,2023-02-01,0.0,3.39
12628,ACC00012628,9337,Current,Active,2024-11-15,192900.0,3.53
12629,ACC00012629,7083,Savings,Blocked,2023-04-02,0.0,3.02
12630,ACC00012630,5658,Loan,Active,2022-03-18,1741800.0,14.43
12631,ACC00012631,6695,Current,Active,2023-07-06,1770000.0,4.52
12632,ACC00012632,822,Fixed Deposit,Active,2021-03-01,0.0,7.91
12633,ACC00012633,9589,Savings,Active,2021-07-03,0.0,4.6
12634,ACC00012634,7521,Savings,Closed,2025-03-09,0.0,3.26
12635,ACC00012635,9953,Savings,Closed,2022-02-27,0.0,4.06
12636,ACC00012636,4441,Salary,Active,2020-12-03,0.0,3.81
12637,ACC00012637,9827,Loan,Active,2021-08-10,1475100.0,8.36
12638,ACC00012638,1646,Current,Active,2019-12-30,1486000.0,2.89
12639,ACC00012639,8805,Savings,Active,2021-03-15,0.0,4.68
12640,ACC00012640,1393,Savings,Active,2024-11-12,0.0,3.83
12641,ACC00012641,7291,Salary,Active,2019-10-13,0.0,3.6
12642,ACC00012642,5557,Savings,Active,2023-08-15,0.0,3.86
12643,ACC00012643,1744,Loan,Active,2020-08-14,993300.0,12.97
12644,ACC00012644,8594,Salary,Active,2025-05-18,0.0,3.94
12645,ACC00012645,3890,Savings,Blocked,2019-03-19,0.0,4.21
12646,ACC00012646,7482,Loan,Active,2023-05-27,1806100.0,10.03
12647,ACC00012647,2047,Savings,Closed,2018-10-20,0.0,3.25
12648,ACC00012648,6916,Loan,Active,2023-07-20,1338900.0,14.3
12649,ACC00012649,4164,Savings,Active,2024-10-28,0.0,4.31
12650,ACC00012650,6069,Savings,Active,2023-05-09,0.0,4.05
12651,ACC00012651,2127,Current,Active,2019-05-16,1410300.0,2.69
12652,ACC00012652,767,Current,Active,2024-01-18,320700.0,4.76
12653,ACC00012653,2692,Current,Active,2021-05-09,1722900.0,3.77
12654,ACC00012654,4274,Savings,Active,2023-04-21,0.0,4.54
12655,ACC00012655,5062,Savings,Dormant,2018-08-27,0.0,4.91
12656,ACC00012656,8773,Loan,Closed,2023-05-21,242400.0,8.3
12657,ACC00012657,7920,Savings,Closed,2020-09-26,0.0,4.17
12658,ACC00012658,2618,Savings,Active,2024-01-02,0.0,3.89
12659,ACC00012659,2908,Savings,Active,2021-01-31,0.0,2.87
12660,ACC00012660,8327,Savings,Active,2024-07-08,0.0,3.58
12661,ACC00012661,3721,Savings,Active,2023-06-26,0.0,2.7
12662,ACC00012662,5431,Savings,Dormant,2024-01-22,0.0,2.81
12663,ACC00012663,1559,Savings,Active,2018-06-23,0.0,2.67
12664,ACC00012664,1893,Savings,Active,2019-11-05,0.0,4.03
12665,ACC00012665,2202,Savings,Active,2020-05-16,0.0,4.1
12666,ACC00012666,9803,Salary,Active,2019-07-05,0.0,3.85
12667,ACC00012667,6577,Savings,Active,2022-03-06,0.0,4.15
12668,ACC00012668,7732,Fixed Deposit,Active,2021-07-15,0.0,8.14
12669,ACC00012669,9179,Savings,Active,2024-10-06,0.0,3.06
12670,ACC00012670,7869,Current,Active,2025-07-16,579500.0,4.32
12671,ACC00012671,4368,Savings,Active,2018-06-16,0.0,2.81
12672,ACC00012672,9203,Savings,Active,2025-04-26,0.0,3.98
12673,ACC00012673,7828,Loan,Active,2018-08-05,1864500.0,12.77
12674,ACC00012674,2656,Salary,Active,2019-08-26,0.0,4.96
12675,ACC00012675,5372,Loan,Active,2024-08-25,676200.0,12.58
12676,ACC00012676,1668,Savings,Active,2021-08-28,0.0,2.72
12677,ACC00012677,6450,Salary,Active,2023-03-30,0.0,3.58
12678,ACC00012678,810,Savings,Active,2025-10-20,0.0,3.6
12679,ACC00012679,7791,Salary,Closed,2024-04-15,0.0,3.76
12680,ACC00012680,1520,Fixed Deposit,Active,2019-02-16,0.0,8.07
12681,ACC00012681,2698,Savings,Active,2019-05-06,0.0,4.57
12682,ACC00012682,3056,Savings,Dormant,2023-10-11,0.0,4.82
12683,ACC00012683,6200,Current,Active,2019-07-12,1531700.0,4.61
12684,ACC00012684,7371,Loan,Blocked,2021-12-05,326200.0,12.29
12685,ACC00012685,8002,Savings,Active,2020-05-10,0.0,2.71
12686,ACC00012686,220,Current,Active,2022-03-06,845900.0,3.02
12687,ACC00012687,4798,Savings,Active,2025-11-07,0.0,4.78
12688,ACC00012688,5672,Savings,Active,2020-05-20,0.0,4.08
12689,ACC00012689,994,Current,Active,2020-10-12,1172700.0,4.62
12690,ACC00012690,7716,Fixed Deposit,Active,2021-06-08,0.0,6.92
12691,ACC00012691,5554,Loan,Active,2025-08-21,1323300.0,14.36
12692,ACC00012692,5059,Current,Active,2024-01-08,426900.0,4.43
12693,ACC00012693,5510,Savings,Active,2024-06-26,0.0,4.66
12694,ACC00012694,524,Current,Active,2025-11-22,1461200.0,2.72
12695,ACC00012695,7422,Current,Active,2023-07-17,1306200.0,4.77
12696,ACC00012696,7681,Savings,Active,2019-10-30,0.0,4.99
12697,ACC00012697,3156,Savings,Active,2018-08-13,0.0,3.07
12698,ACC00012698,4260,Savings,Active,2024-09-29,0.0,4.11
12699,ACC00012699,1702,Savings,Active,2024-08-19,0.0,2.63
12700,ACC00012700,4528,Current,Active,2021-04-13,978800.0,4.64
12701,ACC00012701,2991,Savings,Closed,2025-06-27,0.0,2.79
12702,ACC00012702,6653,Savings,Active,2018-09-10,0.0,3.09
12703,ACC00012703,2995,Savings,Dormant,2022-07-11,0.0,3.98
12704,ACC00012704,7316,Savings,Active,2020-06-05,0.0,5.0
12705,ACC00012705,8942,Savings,Active,2019-05-26,0.0,4.66
12706,ACC00012706,9544,Fixed Deposit,Active,2023-05-16,0.0,8.42
12707,ACC00012707,1921,Savings,Active,2020-01-07,0.0,4.36
12708,ACC00012708,6686,Savings,Closed,2018-06-11,0.0,4.25
12709,ACC00012709,7081,Savings,Blocked,2021-11-16,0.0,3.01
12710,ACC00012710,7348,Savings,Active,2019-12-14,0.0,4.14
12711,ACC00012711,8142,Current,Closed,2020-06-19,660500.0,2.76
12712,ACC00012712,5406,Current,Active,2019-07-19,647800.0,3.58
12713,ACC00012713,7372,Current,Dormant,2024-05-27,1506000.0,4.38
12714,ACC00012714,8999,Current,Active,2022-01-05,1637400.0,4.12
12715,ACC00012715,3138,Savings,Closed,2023-03-06,0.0,4.21
12716,ACC00012716,5335,Loan,Active,2023-04-09,1083600.0,8.45
12717,ACC00012717,9485,Savings,Active,2025-01-16,0.0,3.53
12718,ACC00012718,2878,Savings,Active,2022-08-16,0.0,4.81
12719,ACC00012719,2578,Salary,Active,2019-09-11,0.0,4.67
12720,ACC00012720,4243,Loan,Active,2019-06-20,227100.0,13.92
12721,ACC00012721,5003,Savings,Active,2019-05-18,0.0,4.0
12722,ACC00012722,6645,Salary,Active,2019-06-07,0.0,2.61
12723,ACC00012723,7611,Savings,Active,2025-12-22,0.0,4.37
12724,ACC00012724,5256,Savings,Active,2021-08-02,0.0,3.72
12725,ACC00012725,8767,Savings,Active,2021-03-11,0.0,3.35
12726,ACC00012726,1686,Savings,Active,2018-03-06,0.0,3.21
12727,ACC00012727,1171,Current,Active,2021-01-23,211800.0,3.46
12728,ACC00012728,4988,Loan,Active,2022-07-01,1579400.0,11.83
12729,ACC00012729,9673,Loan,Closed,2018-06-02,1660200.0,10.1
12730,ACC00012730,1414,Current,Active,2018-09-03,921100.0,2.74
12731,ACC00012731,6170,Salary,Active,2018-01-18,0.0,3.02
12732,ACC00012732,689,Savings,Blocked,2025-03-02,0.0,4.15
12733,ACC00012733,1124,Current,Active,2025-02-26,340300.0,3.09
12734,ACC00012734,3433,Salary,Active,2019-10-16,0.0,4.88
12735,ACC00012735,9881,Savings,Active,2023-11-27,0.0,2.72
12736,ACC00012736,5531,Savings,Active,2020-12-03,0.0,3.22
12737,ACC00012737,7371,Savings,Active,2018-06-04,0.0,3.9
12738,ACC00012738,8659,Savings,Active,2023-10-13,0.0,4.22
12739,ACC00012739,6029,Savings,Active,2018-08-11,0.0,4.28
12740,ACC00012740,5114,Savings,Active,2020-03-21,0.0,3.23
12741,ACC00012741,9093,Current,Closed,2021-11-10,926900.0,3.27
12742,ACC00012742,8282,Savings,Active,2025-02-26,0.0,4.49
12743,ACC00012743,4167,Fixed Deposit,Active,2020-03-10,0.0,6.92
12744,ACC00012744,1677,Fixed Deposit,Active,2019-09-02,0.0,7.06
12745,ACC00012745,752,Loan,Active,2019-05-20,1253800.0,13.94
12746,ACC00012746,8560,Fixed Deposit,Closed,2022-07-16,0.0,7.07
12747,ACC00012747,738,Savings,Active,2023-09-13,0.0,3.71
12748,ACC00012748,5159,Salary,Active,2019-04-23,0.0,3.75
12749,ACC00012749,84,Current,Active,2022-08-24,1708100.0,3.69
12750,ACC00012750,5325,Savings,Active,2024-01-09,0.0,3.7
12751,ACC00012751,4665,Savings,Active,2025-09-13,0.0,4.07
12752,ACC00012752,4412,Current,Dormant,2025-10-27,1577900.0,2.57
12753,ACC00012753,821,Fixed Deposit,Active,2018-12-22,0.0,5.9
12754,ACC00012754,7013,Savings,Active,2020-11-30,0.0,2.82
12755,ACC00012755,7852,Savings,Active,2023-01-23,0.0,4.37
12756,ACC00012756,8048,Savings,Active,2025-12-13,0.0,4.62
12757,ACC00012757,4518,Savings,Active,2022-04-29,0.0,3.8
12758,ACC00012758,4410,Savings,Active,2025-01-27,0.0,2.74
12759,ACC00012759,4983,Current,Active,2022-01-16,1666100.0,2.55
12760,ACC00012760,7097,Salary,Active,2021-09-29,0.0,3.83
12761,ACC00012761,9784,Salary,Active,2024-07-21,0.0,2.56
12762,ACC00012762,1193,Savings,Active,2024-04-15,0.0,4.51
12763,ACC00012763,3461,Savings,Active,2018-11-03,0.0,3.41
12764,ACC00012764,8336,Savings,Active,2022-05-09,0.0,2.54
12765,ACC00012765,5279,Savings,Active,2023-05-02,0.0,3.55
12766,ACC00012766,4296,Savings,Active,2018-08-06,0.0,4.08
12767,ACC00012767,2956,Salary,Active,2021-02-08,0.0,4.84
12768,ACC00012768,1293,Savings,Active,2019-11-03,0.0,2.63
12769,ACC00012769,2199,Savings,Active,2018-05-29,0.0,2.84
12770,ACC00012770,7429,Savings,Active,2023-10-10,0.0,4.01
12771,ACC00012771,968,Loan,Active,2021-05-12,1366800.0,11.34
12772,ACC00012772,4735,Savings,Active,2021-12-13,0.0,3.39
12773,ACC00012773,3051,Salary,Active,2022-03-06,0.0,3.05
12774,ACC00012774,5573,Salary,Active,2021-02-14,0.0,3.86
12775,ACC00012775,8176,Fixed Deposit,Active,2021-10-04,0.0,6.14
12776,ACC00012776,4377,Savings,Active,2021-11-27,0.0,3.18
12777,ACC00012777,608,Salary,Closed,2018-10-01,0.0,4.65
12778,ACC00012778,5195,Savings,Dormant,2021-08-28,0.0,3.98
12779,ACC00012779,6761,Savings,Active,2020-02-25,0.0,4.36
12780,ACC00012780,600,Loan,Active,2022-01-11,1191100.0,10.04
12781,ACC00012781,6270,Loan,Active,2024-10-11,268300.0,8.21
12782,ACC00012782,5543,Current,Active,2020-04-08,200500.0,3.6
12783,ACC00012783,3388,Current,Active,2025-02-19,126700.0,3.03
12784,ACC00012784,2429,Loan,Active,2019-11-20,604800.0,8.79
12785,ACC00012785,46,Savings,Closed,2024-02-13,0.0,4.38
12786,ACC00012786,6589,Fixed Deposit,Active,2022-06-07,0.0,7.97
12787,ACC00012787,3502,Savings,Active,2019-05-15,0.0,4.22
12788,ACC00012788,918,Fixed Deposit,Closed,2021-11-17,0.0,6.3
12789,ACC00012789,4673,Current,Active,2023-09-12,1175600.0,4.68
12790,ACC00012790,9303,Current,Active,2023-05-30,1758500.0,3.58
12791,ACC00012791,268,Salary,Closed,2023-02-12,0.0,3.08
12792,ACC00012792,3665,Fixed Deposit,Active,2021-05-11,0.0,8.18
12793,ACC00012793,9575,Savings,Active,2018-09-10,0.0,3.4
12794,ACC00012794,235,Salary,Active,2024-12-07,0.0,4.77
12795,ACC00012795,8269,Loan,Active,2024-12-09,525400.0,8.86
12796,ACC00012796,3516,Savings,Active,2024-06-07,0.0,2.82
12797,ACC00012797,3477,Savings,Active,2020-06-23,0.0,3.97
12798,ACC00012798,1801,Savings,Active,2021-07-26,0.0,4.31
12799,ACC00012799,4727,Fixed Deposit,Active,2022-06-12,0.0,6.55
12800,ACC00012800,8988,Current,Active,2018-04-23,1401000.0,3.32
12801,ACC00012801,2455,Loan,Closed,2019-05-01,1853000.0,8.41
12802,ACC00012802,5557,Current,Closed,2018-01-04,1103600.0,3.12
12803,ACC00012803,8769,Current,Active,2018-02-13,1126600.0,3.35
12804,ACC00012804,3895,Current,Active,2018-06-18,1424200.0,4.61
12805,ACC00012805,2471,Loan,Active,2021-08-18,300100.0,12.28
12806,ACC00012806,7891,Savings,Active,2021-07-30,0.0,2.55
12807,ACC00012807,5124,Current,Active,2019-08-20,361700.0,3.27
12808,ACC00012808,6151,Savings,Blocked,2022-10-08,0.0,3.62
12809,ACC00012809,5533,Savings,Active,2023-02-17,0.0,3.76
12810,ACC00012810,8816,Salary,Dormant,2020-10-15,0.0,4.49
12811,ACC00012811,5607,Savings,Active,2019-01-16,0.0,4.69
12812,ACC00012812,2824,Savings,Dormant,2018-03-29,0.0,4.36
12813,ACC00012813,8649,Savings,Active,2018-05-28,0.0,2.79
12814,ACC00012814,4357,Savings,Active,2021-02-02,0.0,2.54
12815,ACC00012815,6719,Savings,Active,2021-05-26,0.0,4.79
12816,ACC00012816,5450,Salary,Active,2023-09-10,0.0,4.59
12817,ACC00012817,5291,Current,Active,2019-12-21,1470400.0,2.52
12818,ACC00012818,843,Salary,Active,2023-01-07,0.0,2.92
12819,ACC00012819,856,Current,Active,2022-12-16,307000.0,4.72
12820,ACC00012820,5896,Salary,Dormant,2022-01-18,0.0,4.9
12821,ACC00012821,6393,Salary,Blocked,2021-12-30,0.0,2.61
12822,ACC00012822,1154,Salary,Dormant,2018-05-24,0.0,4.49
12823,ACC00012823,9096,Salary,Active,2018-07-17,0.0,2.57
12824,ACC00012824,4396,Savings,Active,2019-05-03,0.0,4.53
12825,ACC00012825,7075,Savings,Active,2020-04-27,0.0,2.54
12826,ACC00012826,4100,Salary,Active,2025-09-09,0.0,4.41
12827,ACC00012827,6166,Loan,Active,2021-01-28,1318000.0,12.83
12828,ACC00012828,209,Salary,Active,2024-01-24,0.0,4.47
12829,ACC00012829,3571,Current,Active,2024-09-12,357900.0,4.59
12830,ACC00012830,186,Savings,Active,2025-09-20,0.0,4.36
12831,ACC00012831,7951,Savings,Closed,2022-03-18,0.0,4.12
12832,ACC00012832,1684,Current,Active,2025-12-03,970000.0,4.53
12833,ACC00012833,1311,Savings,Active,2024-08-28,0.0,3.26
12834,ACC00012834,7410,Loan,Active,2021-02-21,684600.0,7.74
12835,ACC00012835,4421,Savings,Dormant,2021-11-30,0.0,2.9
12836,ACC00012836,6878,Savings,Active,2019-06-16,0.0,3.19
12837,ACC00012837,8374,Salary,Closed,2023-08-14,0.0,3.25
12838,ACC00012838,7867,Fixed Deposit,Active,2021-06-21,0.0,6.54
12839,ACC00012839,4854,Savings,Dormant,2025-08-17,0.0,3.07
12840,ACC00012840,7387,Savings,Dormant,2024-07-13,0.0,4.34
12841,ACC00012841,8622,Savings,Active,2024-08-14,0.0,3.56
12842,ACC00012842,4228,Salary,Active,2025-06-28,0.0,4.26
12843,ACC00012843,4586,Fixed Deposit,Active,2018-07-02,0.0,6.36
12844,ACC00012844,7364,Salary,Active,2025-08-30,0.0,3.52
12845,ACC00012845,295,Savings,Active,2021-09-25,0.0,2.74
12846,ACC00012846,1763,Current,Active,2025-03-15,927800.0,4.82
12847,ACC00012847,2340,Current,Active,2019-07-20,506400.0,2.69
12848,ACC00012848,3123,Current,Dormant,2023-02-18,1168000.0,4.31
12849,ACC00012849,9210,Fixed Deposit,Active,2019-02-04,0.0,5.91
12850,ACC00012850,8692,Loan,Active,2018-09-03,218100.0,7.56
12851,ACC00012851,2796,Fixed Deposit,Active,2025-04-14,0.0,5.65
12852,ACC00012852,6564,Salary,Active,2020-11-23,0.0,3.22
12853,ACC00012853,7803,Current,Active,2018-10-11,826300.0,2.57
12854,ACC00012854,1382,Savings,Active,2019-12-14,0.0,4.79
12855,ACC00012855,4224,Savings,Active,2020-09-17,0.0,3.16
12856,ACC00012856,5423,Fixed Deposit,Active,2020-04-17,0.0,6.91
12857,ACC00012857,6460,Savings,Active,2025-03-04,0.0,2.68
12858,ACC00012858,6085,Savings,Active,2025-11-13,0.0,4.43
12859,ACC00012859,8704,Current,Active,2022-09-30,85600.0,3.6
12860,ACC00012860,8582,Savings,Active,2022-10-30,0.0,3.44
12861,ACC00012861,935,Savings,Active,2021-07-23,0.0,3.49
12862,ACC00012862,4212,Salary,Active,2019-02-28,0.0,4.89
12863,ACC00012863,2632,Loan,Active,2023-07-09,489200.0,11.06
12864,ACC00012864,1874,Salary,Active,2022-09-22,0.0,4.82
12865,ACC00012865,1682,Savings,Active,2020-01-06,0.0,3.9
12866,ACC00012866,3914,Savings,Active,2020-06-19,0.0,3.93
12867,ACC00012867,7366,Current,Active,2024-05-30,1925300.0,3.24
12868,ACC00012868,2821,Loan,Active,2019-06-06,649900.0,13.08
12869,ACC00012869,6253,Salary,Closed,2021-10-12,0.0,4.17
12870,ACC00012870,1111,Savings,Active,2025-04-24,0.0,3.36
12871,ACC00012871,6009,Savings,Dormant,2022-09-26,0.0,4.03
12872,ACC00012872,9517,Salary,Closed,2023-06-14,0.0,4.16
12873,ACC00012873,7967,Salary,Active,2024-02-19,0.0,2.58
12874,ACC00012874,9875,Savings,Closed,2021-05-14,0.0,4.16
12875,ACC00012875,5604,Current,Active,2025-03-29,1654000.0,2.66
12876,ACC00012876,8483,Fixed Deposit,Active,2019-06-02,0.0,7.93
12877,ACC00012877,5248,Savings,Active,2022-10-20,0.0,4.42
12878,ACC00012878,5949,Salary,Active,2021-03-04,0.0,2.86
12879,ACC00012879,3913,Savings,Active,2021-08-20,0.0,4.01
12880,ACC00012880,1848,Salary,Active,2018-03-20,0.0,2.85
12881,ACC00012881,3874,Current,Active,2022-06-19,1607700.0,4.65
12882,ACC00012882,2772,Loan,Closed,2021-04-02,1671400.0,8.14
12883,ACC00012883,7898,Savings,Dormant,2022-05-25,0.0,3.25
12884,ACC00012884,8127,Savings,Dormant,2021-07-22,0.0,4.44
12885,ACC00012885,1707,Savings,Active,2021-07-03,0.0,4.97
12886,ACC00012886,961,Salary,Active,2020-03-08,0.0,4.71
12887,ACC00012887,7256,Savings,Blocked,2025-08-28,0.0,4.48
12888,ACC00012888,6669,Savings,Dormant,2024-07-11,0.0,3.39
12889,ACC00012889,4028,Fixed Deposit,Active,2019-12-03,0.0,7.08
12890,ACC00012890,9569,Savings,Active,2018-01-10,0.0,4.12
12891,ACC00012891,637,Savings,Active,2018-04-10,0.0,3.26
12892,ACC00012892,7856,Current,Active,2023-03-16,427400.0,2.51
12893,ACC00012893,2109,Salary,Active,2018-05-26,0.0,2.58
12894,ACC00012894,4415,Current,Closed,2025-03-18,131500.0,3.08
12895,ACC00012895,1977,Current,Active,2019-10-06,1497800.0,2.59
12896,ACC00012896,5797,Savings,Active,2018-09-09,0.0,2.5
12897,ACC00012897,7515,Savings,Active,2018-10-07,0.0,3.13
12898,ACC00012898,3716,Salary,Active,2020-04-11,0.0,3.67
12899,ACC00012899,3780,Fixed Deposit,Active,2021-01-26,0.0,6.49
12900,ACC00012900,9448,Savings,Active,2018-12-10,0.0,3.01
12901,ACC00012901,5487,Salary,Active,2025-10-28,0.0,2.56
12902,ACC00012902,1854,Savings,Active,2020-09-30,0.0,3.1
12903,ACC00012903,1296,Savings,Active,2019-10-29,0.0,3.62
12904,ACC00012904,7999,Savings,Active,2024-01-23,0.0,4.79
12905,ACC00012905,3944,Savings,Active,2020-12-11,0.0,4.06
12906,ACC00012906,5714,Salary,Closed,2018-07-28,0.0,4.67
12907,ACC00012907,6928,Savings,Dormant,2018-01-16,0.0,4.0
12908,ACC00012908,5807,Savings,Active,2025-01-30,0.0,4.0
12909,ACC00012909,2071,Salary,Dormant,2018-04-09,0.0,3.25
12910,ACC00012910,4728,Current,Active,2023-09-05,795800.0,3.04
12911,ACC00012911,9594,Salary,Active,2023-07-25,0.0,4.62
12912,ACC00012912,2424,Savings,Active,2022-01-01,0.0,4.5
12913,ACC00012913,3184,Current,Closed,2023-03-16,1897200.0,4.13
12914,ACC00012914,5050,Loan,Active,2025-04-23,1420000.0,13.24
12915,ACC00012915,5826,Fixed Deposit,Active,2019-04-29,0.0,7.24
12916,ACC00012916,7481,Current,Active,2022-04-04,1852000.0,4.81
12917,ACC00012917,7115,Current,Active,2025-10-20,1963500.0,4.98
12918,ACC00012918,7685,Savings,Dormant,2021-03-03,0.0,4.37
12919,ACC00012919,2958,Current,Active,2025-06-19,1056800.0,3.08
12920,ACC00012920,6697,Current,Active,2019-09-10,186900.0,4.46
12921,ACC00012921,1203,Loan,Active,2025-05-18,153300.0,11.09
12922,ACC00012922,37,Savings,Dormant,2018-04-09,0.0,4.22
12923,ACC00012923,6536,Current,Dormant,2018-01-28,543800.0,4.93
12924,ACC00012924,2185,Loan,Closed,2023-11-09,844700.0,9.29
12925,ACC00012925,6540,Savings,Active,2025-03-14,0.0,3.35
12926,ACC00012926,2837,Savings,Active,2023-09-19,0.0,4.36
12927,ACC00012927,9390,Savings,Active,2023-08-28,0.0,2.69
12928,ACC00012928,7394,Savings,Active,2023-04-21,0.0,3.03
12929,ACC00012929,7706,Fixed Deposit,Active,2019-01-10,0.0,6.27
12930,ACC00012930,9470,Salary,Active,2023-07-30,0.0,3.8
12931,ACC00012931,118,Loan,Active,2025-09-17,1424800.0,9.5
12932,ACC00012932,2201,Fixed Deposit,Blocked,2024-05-11,0.0,6.37
12933,ACC00012933,7230,Fixed Deposit,Active,2021-09-15,0.0,8.24
12934,ACC00012934,6173,Savings,Dormant,2022-10-18,0.0,3.99
12935,ACC00012935,6242,Savings,Active,2022-07-24,0.0,3.05
12936,ACC00012936,3091,Salary,Active,2021-11-19,0.0,4.18
12937,ACC00012937,9542,Current,Active,2024-04-26,1349700.0,2.93
12938,ACC00012938,3024,Savings,Active,2024-12-30,0.0,3.95
12939,ACC00012939,6025,Savings,Active,2025-03-31,0.0,4.98
12940,ACC00012940,342,Current,Active,2020-04-18,1313900.0,3.24
12941,ACC00012941,6434,Fixed Deposit,Active,2024-03-04,0.0,8.47
12942,ACC00012942,7151,Salary,Active,2018-10-06,0.0,2.51
12943,ACC00012943,6995,Current,Active,2022-04-20,848500.0,4.67
12944,ACC00012944,8937,Savings,Active,2019-04-04,0.0,4.59
12945,ACC00012945,1317,Fixed Deposit,Active,2025-06-19,0.0,8.07
12946,ACC00012946,9548,Savings,Active,2020-11-20,0.0,3.99
12947,ACC00012947,5729,Salary,Active,2021-02-27,0.0,3.18
12948,ACC00012948,7219,Loan,Active,2025-05-21,1305100.0,10.63
12949,ACC00012949,7227,Savings,Closed,2023-05-22,0.0,4.53
12950,ACC00012950,959,Savings,Active,2022-05-31,0.0,2.73
12951,ACC00012951,9855,Savings,Active,2020-11-17,0.0,4.51
12952,ACC00012952,5725,Savings,Active,2018-05-16,0.0,2.69
12953,ACC00012953,2228,Savings,Active,2019-12-22,0.0,3.91
12954,ACC00012954,547,Salary,Active,2023-11-11,0.0,3.12
12955,ACC00012955,5166,Current,Active,2021-08-12,1319600.0,4.94
12956,ACC00012956,8100,Fixed Deposit,Active,2025-05-08,0.0,5.98
12957,ACC00012957,6630,Savings,Active,2021-03-06,0.0,3.14
12958,ACC00012958,3115,Current,Active,2021-10-13,154500.0,3.54
12959,ACC00012959,1756,Savings,Closed,2018-09-22,0.0,4.83
12960,ACC00012960,7257,Salary,Dormant,2021-06-21,0.0,3.68
12961,ACC00012961,9176,Fixed Deposit,Active,2018-06-29,0.0,7.47
12962,ACC00012962,8499,Current,Active,2019-07-07,440000.0,4.76
12963,ACC00012963,1366,Savings,Active,2021-07-14,0.0,4.74
12964,ACC00012964,1362,Current,Active,2022-02-21,60200.0,3.89
12965,ACC00012965,7352,Savings,Active,2023-01-11,0.0,2.54
12966,ACC00012966,2102,Savings,Active,2025-09-11,0.0,2.92
12967,ACC00012967,7312,Current,Closed,2018-01-27,146700.0,3.92
12968,ACC00012968,1347,Loan,Active,2019-04-23,236600.0,9.27
12969,ACC00012969,7937,Salary,Active,2023-12-22,0.0,3.9
12970,ACC00012970,2658,Salary,Active,2018-12-19,0.0,2.71
12971,ACC00012971,9709,Salary,Active,2020-02-04,0.0,3.87
12972,ACC00012972,2970,Savings,Dormant,2022-12-23,0.0,3.88
12973,ACC00012973,4078,Salary,Dormant,2018-07-17,0.0,4.71
12974,ACC00012974,8636,Savings,Active,2021-10-08,0.0,3.59
12975,ACC00012975,5614,Salary,Active,2020-04-21,0.0,4.03
12976,ACC00012976,8740,Fixed Deposit,Active,2018-04-11,0.0,7.23
12977,ACC00012977,3081,Current,Active,2023-01-31,1842400.0,4.69
12978,ACC00012978,7073,Savings,Active,2020-09-30,0.0,3.21
12979,ACC00012979,8502,Current,Active,2024-05-07,1314700.0,4.53
12980,ACC00012980,9412,Savings,Closed,2018-03-28,0.0,4.96
12981,ACC00012981,3398,Current,Closed,2018-03-17,401300.0,3.93
12982,ACC00012982,2765,Savings,Active,2024-04-05,0.0,2.77
12983,ACC00012983,1353,Salary,Active,2023-12-01,0.0,3.39
12984,ACC00012984,3635,Savings,Active,2020-02-23,0.0,3.92
12985,ACC00012985,9598,Savings,Active,2023-02-26,0.0,3.57
12986,ACC00012986,5778,Savings,Active,2021-04-22,0.0,4.36
12987,ACC00012987,6170,Savings,Active,2022-03-15,0.0,4.9
12988,ACC00012988,7639,Savings,Active,2022-06-16,0.0,2.92
12989,ACC00012989,5509,Savings,Active,2020-10-29,0.0,3.9
12990,ACC00012990,9647,Savings,Active,2019-06-25,0.0,3.28
12991,ACC00012991,7208,Salary,Active,2022-01-28,0.0,3.33
12992,ACC00012992,1864,Savings,Active,2025-02-16,0.0,3.43
12993,ACC00012993,4879,Savings,Active,2021-02-25,0.0,3.89
12994,ACC00012994,2451,Savings,Active,2024-01-02,0.0,3.0
12995,ACC00012995,1891,Salary,Active,2020-09-18,0.0,4.86
12996,ACC00012996,165,Savings,Active,2024-07-07,0.0,4.31
12997,ACC00012997,3276,Fixed Deposit,Closed,2022-12-08,0.0,6.92
12998,ACC00012998,1872,Savings,Active,2024-03-10,0.0,3.36
12999,ACC00012999,7104,Loan,Active,2025-11-21,1246600.0,13.43
13000,ACC00013000,9704,Current,Active,2022-05-12,564600.0,4.81
13001,ACC00013001,341,Savings,Active,2023-04-24,0.0,3.63
13002,ACC00013002,3709,Savings,Active,2024-12-30,0.0,3.26
13003,ACC00013003,9556,Savings,Active,2023-05-10,0.0,3.93
13004,ACC00013004,1852,Salary,Active,2022-07-21,0.0,3.11
13005,ACC00013005,4218,Savings,Active,2020-01-22,0.0,3.19
13006,ACC00013006,6322,Loan,Active,2022-02-13,1312700.0,11.68
13007,ACC00013007,3990,Savings,Active,2023-10-18,0.0,2.94
13008,ACC00013008,9516,Savings,Dormant,2021-07-17,0.0,3.04
13009,ACC00013009,6689,Savings,Dormant,2023-04-18,0.0,4.53
13010,ACC00013010,1628,Savings,Active,2020-07-23,0.0,3.82
13011,ACC00013011,2536,Savings,Active,2023-03-20,0.0,2.93
13012,ACC00013012,3827,Fixed Deposit,Active,2021-07-07,0.0,7.41
13013,ACC00013013,1746,Loan,Dormant,2020-08-04,1842200.0,11.59
13014,ACC00013014,6651,Salary,Active,2021-12-08,0.0,2.53
13015,ACC00013015,2170,Current,Dormant,2018-09-10,1335400.0,4.39
13016,ACC00013016,884,Fixed Deposit,Active,2025-10-10,0.0,8.18
13017,ACC00013017,7101,Savings,Active,2020-08-15,0.0,2.79
13018,ACC00013018,4779,Savings,Dormant,2021-11-16,0.0,3.65
13019,ACC00013019,2536,Savings,Active,2025-08-12,0.0,4.78
13020,ACC00013020,9651,Current,Active,2019-12-10,1291400.0,3.5
13021,ACC00013021,631,Savings,Active,2022-10-09,0.0,2.56
13022,ACC00013022,8185,Fixed Deposit,Active,2021-08-31,0.0,5.74
13023,ACC00013023,5011,Fixed Deposit,Dormant,2019-12-25,0.0,6.21
13024,ACC00013024,2878,Savings,Active,2023-12-25,0.0,3.1
13025,ACC00013025,425,Salary,Active,2020-11-17,0.0,4.86
13026,ACC00013026,5968,Savings,Active,2018-08-19,0.0,4.63
13027,ACC00013027,2303,Savings,Active,2024-10-17,0.0,4.28
13028,ACC00013028,6276,Savings,Active,2018-03-12,0.0,3.2
13029,ACC00013029,3084,Current,Active,2018-05-31,642100.0,2.71
13030,ACC00013030,9627,Savings,Active,2024-05-16,0.0,4.47
13031,ACC00013031,14,Salary,Active,2018-02-25,0.0,3.0
13032,ACC00013032,3088,Savings,Active,2020-11-11,0.0,4.49
13033,ACC00013033,3061,Savings,Active,2022-07-17,0.0,4.52
13034,ACC00013034,1117,Salary,Active,2022-12-16,0.0,4.36
13035,ACC00013035,1420,Salary,Active,2018-07-23,0.0,2.72
13036,ACC00013036,2485,Savings,Active,2021-10-01,0.0,3.26
13037,ACC00013037,4097,Savings,Active,2025-09-01,0.0,2.72
13038,ACC00013038,7944,Savings,Active,2024-04-14,0.0,3.98
13039,ACC00013039,3960,Salary,Active,2021-08-05,0.0,4.52
13040,ACC00013040,1625,Current,Active,2022-05-14,1992300.0,4.27
13041,ACC00013041,2787,Loan,Active,2021-08-13,852000.0,9.5
13042,ACC00013042,1158,Savings,Active,2018-02-08,0.0,2.51
13043,ACC00013043,6141,Savings,Active,2021-02-27,0.0,5.0
13044,ACC00013044,4799,Salary,Active,2018-07-04,0.0,2.78
13045,ACC00013045,9211,Loan,Closed,2024-04-15,1158900.0,10.46
13046,ACC00013046,2170,Fixed Deposit,Active,2022-07-20,0.0,7.42
13047,ACC00013047,521,Savings,Active,2025-05-16,0.0,2.84
13048,ACC00013048,3380,Salary,Active,2023-05-15,0.0,2.67
13049,ACC00013049,2521,Savings,Active,2022-05-27,0.0,2.94
13050,ACC00013050,3894,Salary,Closed,2020-06-09,0.0,3.86
13051,ACC00013051,2022,Savings,Active,2025-03-08,0.0,4.47
13052,ACC00013052,5199,Savings,Active,2024-06-02,0.0,3.81
13053,ACC00013053,3894,Savings,Active,2020-01-01,0.0,2.98
13054,ACC00013054,2176,Savings,Active,2021-08-29,0.0,4.01
13055,ACC00013055,9892,Current,Active,2019-10-29,1235900.0,3.03
13056,ACC00013056,5530,Fixed Deposit,Active,2023-10-04,0.0,7.47
13057,ACC00013057,9061,Savings,Active,2018-01-30,0.0,3.01
13058,ACC00013058,3057,Savings,Active,2024-05-16,0.0,3.15
13059,ACC00013059,1705,Salary,Active,2025-11-11,0.0,4.68
13060,ACC00013060,6667,Fixed Deposit,Active,2023-09-25,0.0,5.62
13061,ACC00013061,5183,Savings,Active,2019-12-14,0.0,4.76
13062,ACC00013062,8603,Savings,Active,2025-07-08,0.0,4.54
13063,ACC00013063,6183,Savings,Closed,2019-02-02,0.0,4.75
13064,ACC00013064,8981,Current,Active,2024-05-11,966200.0,2.86
13065,ACC00013065,4910,Savings,Active,2023-01-07,0.0,3.02
13066,ACC00013066,1439,Salary,Active,2025-08-29,0.0,2.9
13067,ACC00013067,3659,Current,Active,2019-11-28,325600.0,3.17
13068,ACC00013068,4915,Salary,Active,2024-09-27,0.0,2.9
13069,ACC00013069,1645,Savings,Blocked,2018-04-18,0.0,4.2
13070,ACC00013070,8840,Current,Active,2021-06-01,726000.0,4.96
13071,ACC00013071,8275,Salary,Active,2021-01-28,0.0,4.17
13072,ACC00013072,7648,Current,Active,2019-11-08,1471600.0,4.83
13073,ACC00013073,4314,Savings,Active,2021-07-22,0.0,3.62
13074,ACC00013074,2933,Savings,Active,2021-04-12,0.0,2.52
13075,ACC00013075,8738,Loan,Active,2023-07-17,1399800.0,8.57
13076,ACC00013076,1187,Current,Active,2020-09-06,1198000.0,4.1
13077,ACC00013077,778,Savings,Active,2020-07-07,0.0,2.68
13078,ACC00013078,6487,Fixed Deposit,Active,2022-08-24,0.0,8.45
13079,ACC00013079,823,Salary,Active,2018-07-14,0.0,2.65
13080,ACC00013080,2173,Savings,Active,2020-03-22,0.0,4.2
13081,ACC00013081,2352,Current,Active,2020-05-17,350400.0,2.98
13082,ACC00013082,6121,Savings,Active,2020-05-03,0.0,3.48
13083,ACC00013083,9476,Fixed Deposit,Active,2024-05-09,0.0,6.91
13084,ACC00013084,4883,Salary,Active,2022-09-07,0.0,2.61
13085,ACC00013085,1084,Savings,Active,2024-10-06,0.0,4.1
13086,ACC00013086,2515,Savings,Dormant,2022-05-25,0.0,2.65
13087,ACC00013087,2538,Savings,Active,2019-09-18,0.0,3.3
13088,ACC00013088,5153,Fixed Deposit,Active,2023-10-15,0.0,7.18
13089,ACC00013089,2614,Savings,Active,2022-06-03,0.0,3.04
13090,ACC00013090,8613,Current,Closed,2020-08-23,342400.0,4.13
13091,ACC00013091,2926,Fixed Deposit,Closed,2021-02-02,0.0,6.17
13092,ACC00013092,5074,Loan,Dormant,2019-12-07,562500.0,9.4
13093,ACC00013093,35,Savings,Active,2020-10-11,0.0,3.92
13094,ACC00013094,8631,Savings,Active,2020-04-10,0.0,4.75
13095,ACC00013095,7321,Loan,Active,2020-02-10,935100.0,13.17
13096,ACC00013096,2920,Savings,Active,2020-10-25,0.0,3.5
13097,ACC00013097,7951,Savings,Closed,2022-10-20,0.0,3.32
13098,ACC00013098,5141,Loan,Active,2023-02-21,1383200.0,12.02
13099,ACC00013099,8161,Loan,Dormant,2025-12-26,1353600.0,11.38
13100,ACC00013100,4878,Current,Active,2023-02-23,193000.0,3.11
13101,ACC00013101,3364,Salary,Active,2023-03-09,0.0,3.99
13102,ACC00013102,3118,Savings,Active,2020-10-09,0.0,3.96
13103,ACC00013103,9449,Loan,Active,2021-09-20,1038000.0,11.91
13104,ACC00013104,3722,Fixed Deposit,Active,2024-12-14,0.0,7.66
13105,ACC00013105,495,Current,Dormant,2023-04-17,1836600.0,4.84
13106,ACC00013106,8762,Savings,Active,2018-12-18,0.0,3.23
13107,ACC00013107,5956,Salary,Active,2024-03-31,0.0,2.9
13108,ACC00013108,3826,Salary,Active,2020-06-19,0.0,3.44
13109,ACC00013109,5651,Savings,Active,2020-04-24,0.0,2.58
13110,ACC00013110,1256,Savings,Closed,2025-05-22,0.0,3.11
13111,ACC00013111,7568,Savings,Dormant,2020-11-23,0.0,2.62
13112,ACC00013112,3296,Current,Active,2025-10-20,1101200.0,4.24
13113,ACC00013113,7498,Savings,Active,2024-02-09,0.0,3.1
13114,ACC00013114,9965,Savings,Active,2025-09-02,0.0,4.11
13115,ACC00013115,784,Current,Active,2018-01-27,1702300.0,4.58
13116,ACC00013116,7880,Loan,Active,2019-05-05,1698000.0,14.14
13117,ACC00013117,8809,Savings,Active,2024-05-22,0.0,4.54
13118,ACC00013118,2270,Savings,Active,2021-04-01,0.0,4.8
13119,ACC00013119,2056,Fixed Deposit,Active,2025-05-14,0.0,7.47
13120,ACC00013120,4611,Savings,Blocked,2020-09-30,0.0,3.13
13121,ACC00013121,7092,Current,Closed,2020-01-31,953100.0,2.58
13122,ACC00013122,5555,Savings,Dormant,2023-09-19,0.0,3.32
13123,ACC00013123,4556,Loan,Blocked,2021-08-01,94200.0,10.2
13124,ACC00013124,9661,Salary,Active,2025-12-01,0.0,3.69
13125,ACC00013125,9011,Fixed Deposit,Active,2018-01-20,0.0,5.68
13126,ACC00013126,2856,Salary,Active,2025-09-18,0.0,3.52
13127,ACC00013127,9971,Current,Active,2024-02-26,642200.0,4.24
13128,ACC00013128,2822,Savings,Active,2025-01-30,0.0,3.08
13129,ACC00013129,2663,Current,Active,2022-06-12,262500.0,3.22
13130,ACC00013130,7311,Fixed Deposit,Active,2025-02-14,0.0,8.11
13131,ACC00013131,3758,Savings,Dormant,2018-11-29,0.0,3.65
13132,ACC00013132,5499,Salary,Active,2025-08-06,0.0,2.69
13133,ACC00013133,3656,Savings,Active,2021-05-28,0.0,2.65
13134,ACC00013134,2171,Savings,Active,2024-05-04,0.0,3.92
13135,ACC00013135,7988,Current,Active,2018-01-02,1886000.0,2.92
13136,ACC00013136,4056,Savings,Active,2024-12-23,0.0,3.1
13137,ACC00013137,3744,Current,Closed,2023-03-22,1409200.0,4.73
13138,ACC00013138,3238,Fixed Deposit,Closed,2019-04-06,0.0,7.03
13139,ACC00013139,4919,Savings,Active,2021-07-17,0.0,2.64
13140,ACC00013140,9091,Current,Active,2018-06-24,1470400.0,3.69
13141,ACC00013141,2480,Savings,Active,2025-01-25,0.0,4.34
13142,ACC00013142,8931,Savings,Active,2018-08-14,0.0,3.86
13143,ACC00013143,5517,Savings,Active,2018-11-17,0.0,3.31
13144,ACC00013144,9344,Savings,Active,2020-01-18,0.0,2.69
13145,ACC00013145,5359,Fixed Deposit,Closed,2018-07-27,0.0,5.71
13146,ACC00013146,9770,Savings,Active,2019-08-08,0.0,3.37
13147,ACC00013147,4346,Savings,Active,2023-05-26,0.0,3.3
13148,ACC00013148,7567,Salary,Active,2024-01-23,0.0,3.74
13149,ACC00013149,2812,Loan,Closed,2022-09-04,1024400.0,12.33
13150,ACC00013150,3804,Current,Active,2025-02-03,1366900.0,2.94
13151,ACC00013151,6803,Fixed Deposit,Active,2025-03-01,0.0,8.41
13152,ACC00013152,4553,Fixed Deposit,Active,2019-05-12,0.0,7.21
13153,ACC00013153,4525,Salary,Active,2024-02-08,0.0,3.92
13154,ACC00013154,5152,Savings,Active,2024-04-10,0.0,4.96
13155,ACC00013155,4412,Current,Active,2019-05-13,633600.0,3.61
13156,ACC00013156,5202,Savings,Active,2024-01-13,0.0,2.72
13157,ACC00013157,6826,Loan,Dormant,2020-11-16,904800.0,11.89
13158,ACC00013158,8568,Salary,Active,2022-05-08,0.0,3.48
13159,ACC00013159,5337,Savings,Active,2023-02-26,0.0,2.74
13160,ACC00013160,2962,Fixed Deposit,Active,2025-01-30,0.0,6.04
13161,ACC00013161,455,Savings,Active,2020-04-21,0.0,3.65
13162,ACC00013162,216,Current,Dormant,2019-09-12,709600.0,2.93
13163,ACC00013163,2083,Savings,Active,2022-06-22,0.0,4.51
13164,ACC00013164,4630,Savings,Active,2025-04-09,0.0,2.61
13165,ACC00013165,2971,Salary,Active,2024-09-09,0.0,3.97
13166,ACC00013166,1410,Loan,Active,2022-10-20,1965600.0,8.92
13167,ACC00013167,7997,Salary,Active,2021-06-18,0.0,4.36
13168,ACC00013168,715,Fixed Deposit,Active,2025-06-07,0.0,7.07
13169,ACC00013169,9626,Loan,Active,2019-12-17,1650300.0,8.38
13170,ACC00013170,3463,Savings,Active,2023-07-14,0.0,2.86
13171,ACC00013171,7781,Salary,Active,2019-02-21,0.0,4.81
13172,ACC00013172,339,Current,Closed,2025-04-07,1194400.0,4.66
13173,ACC00013173,5359,Savings,Active,2018-08-28,0.0,4.02
13174,ACC00013174,3905,Savings,Active,2020-04-05,0.0,4.9
13175,ACC00013175,4561,Fixed Deposit,Dormant,2022-04-07,0.0,6.16
13176,ACC00013176,3402,Savings,Dormant,2022-01-21,0.0,2.94
13177,ACC00013177,913,Current,Active,2021-02-09,1510700.0,4.97
13178,ACC00013178,7411,Savings,Active,2024-04-24,0.0,4.38
13179,ACC00013179,3325,Current,Active,2021-09-07,1653300.0,2.68
13180,ACC00013180,7602,Savings,Active,2023-06-27,0.0,3.67
13181,ACC00013181,5701,Salary,Active,2021-03-04,0.0,3.88
13182,ACC00013182,5379,Current,Active,2021-09-05,1806200.0,3.38
13183,ACC00013183,6337,Salary,Active,2019-03-16,0.0,4.63
13184,ACC00013184,4406,Current,Active,2021-03-01,222300.0,4.82
13185,ACC00013185,7348,Salary,Active,2019-05-25,0.0,3.47
13186,ACC00013186,5142,Savings,Active,2022-03-14,0.0,2.58
13187,ACC00013187,987,Savings,Dormant,2022-07-03,0.0,4.53
13188,ACC00013188,9249,Current,Active,2024-06-26,1508300.0,2.54
13189,ACC00013189,6273,Current,Closed,2019-10-18,595700.0,4.57
13190,ACC00013190,9348,Savings,Closed,2020-03-02,0.0,3.77
13191,ACC00013191,460,Current,Active,2018-03-29,359700.0,3.66
13192,ACC00013192,5997,Savings,Active,2025-09-18,0.0,3.42
13193,ACC00013193,2036,Salary,Dormant,2023-06-11,0.0,4.45
13194,ACC00013194,5114,Loan,Closed,2022-06-03,795500.0,12.38
13195,ACC00013195,6615,Current,Active,2024-02-20,1800900.0,4.81
13196,ACC00013196,6379,Current,Active,2025-08-08,1623300.0,4.61
13197,ACC00013197,6156,Loan,Active,2020-06-08,1098200.0,11.42
13198,ACC00013198,7354,Salary,Active,2019-09-01,0.0,2.95
13199,ACC00013199,4721,Savings,Active,2025-07-16,0.0,2.5
13200,ACC00013200,7981,Current,Active,2020-03-05,1402700.0,3.62
13201,ACC00013201,4385,Salary,Active,2019-03-15,0.0,3.96
13202,ACC00013202,7317,Salary,Dormant,2022-12-06,0.0,3.29
13203,ACC00013203,7031,Savings,Active,2019-03-25,0.0,4.37
13204,ACC00013204,1273,Salary,Dormant,2020-06-03,0.0,3.51
13205,ACC00013205,3048,Fixed Deposit,Active,2021-02-19,0.0,7.55
13206,ACC00013206,7771,Savings,Dormant,2019-05-06,0.0,4.35
13207,ACC00013207,9266,Fixed Deposit,Active,2023-10-23,0.0,6.72
13208,ACC00013208,6145,Salary,Active,2021-07-18,0.0,4.2
13209,ACC00013209,5315,Current,Blocked,2025-01-10,1042900.0,4.85
13210,ACC00013210,4632,Salary,Active,2023-01-11,0.0,3.38
13211,ACC00013211,9363,Savings,Active,2024-06-26,0.0,3.46
13212,ACC00013212,2962,Savings,Active,2025-03-23,0.0,2.66
13213,ACC00013213,3168,Savings,Active,2020-04-18,0.0,4.8
13214,ACC00013214,209,Savings,Active,2022-07-06,0.0,4.55
13215,ACC00013215,103,Current,Closed,2024-09-14,1671300.0,3.73
13216,ACC00013216,7572,Savings,Active,2024-02-16,0.0,3.32
13217,ACC00013217,7124,Savings,Closed,2023-05-25,0.0,3.42
13218,ACC00013218,311,Savings,Dormant,2019-07-05,0.0,2.76
13219,ACC00013219,2355,Fixed Deposit,Active,2020-01-11,0.0,6.58
13220,ACC00013220,8544,Current,Active,2023-03-15,406000.0,4.73
13221,ACC00013221,4300,Savings,Active,2025-11-28,0.0,4.63
13222,ACC00013222,9116,Current,Active,2022-12-01,1584900.0,4.91
13223,ACC00013223,4570,Savings,Dormant,2022-10-11,0.0,4.14
13224,ACC00013224,3974,Savings,Active,2025-08-31,0.0,4.05
13225,ACC00013225,1285,Loan,Active,2023-10-07,695100.0,13.04
13226,ACC00013226,7369,Current,Active,2022-05-20,543600.0,3.49
13227,ACC00013227,8156,Savings,Active,2025-11-02,0.0,3.18
13228,ACC00013228,3894,Loan,Active,2022-12-07,819800.0,12.21
13229,ACC00013229,8638,Loan,Active,2019-05-08,1249000.0,8.25
13230,ACC00013230,8641,Savings,Blocked,2020-01-21,0.0,3.62
13231,ACC00013231,68,Savings,Active,2022-04-06,0.0,3.14
13232,ACC00013232,9083,Savings,Active,2025-11-11,0.0,3.98
13233,ACC00013233,9064,Salary,Active,2021-06-01,0.0,3.43
13234,ACC00013234,9141,Salary,Active,2018-08-10,0.0,4.4
13235,ACC00013235,9749,Salary,Dormant,2018-04-23,0.0,3.04
13236,ACC00013236,6098,Savings,Closed,2018-05-28,0.0,3.26
13237,ACC00013237,9812,Loan,Closed,2019-02-28,1059400.0,12.07
13238,ACC00013238,96,Savings,Active,2023-12-08,0.0,4.05
13239,ACC00013239,6811,Savings,Active,2023-03-20,0.0,3.98
13240,ACC00013240,9543,Savings,Active,2025-09-25,0.0,4.76
13241,ACC00013241,9645,Current,Active,2023-01-12,1237700.0,2.57
13242,ACC00013242,9054,Savings,Active,2023-10-02,0.0,3.5
13243,ACC00013243,8535,Current,Dormant,2023-03-30,1048100.0,2.5
13244,ACC00013244,7197,Current,Active,2020-12-13,120700.0,4.01
13245,ACC00013245,5241,Savings,Active,2021-07-23,0.0,3.29
13246,ACC00013246,9697,Fixed Deposit,Active,2025-09-15,0.0,6.72
13247,ACC00013247,5714,Savings,Closed,2024-07-20,0.0,4.05
13248,ACC00013248,3355,Loan,Active,2020-11-26,1887700.0,14.45
13249,ACC00013249,3062,Loan,Active,2019-03-31,886700.0,9.94
13250,ACC00013250,2463,Savings,Closed,2025-09-24,0.0,4.52
13251,ACC00013251,7914,Current,Active,2020-07-20,1632800.0,3.6
13252,ACC00013252,2312,Loan,Active,2023-08-17,456000.0,7.8
13253,ACC00013253,3709,Current,Active,2024-06-30,1609400.0,4.02
13254,ACC00013254,963,Fixed Deposit,Active,2024-06-13,0.0,7.09
13255,ACC00013255,163,Current,Active,2019-07-31,573900.0,3.29
13256,ACC00013256,331,Current,Active,2023-10-20,1375300.0,2.54
13257,ACC00013257,9972,Savings,Active,2018-12-09,0.0,3.49
13258,ACC00013258,1008,Current,Active,2021-06-06,1155400.0,4.98
13259,ACC00013259,7275,Savings,Active,2024-08-12,0.0,3.99
13260,ACC00013260,3486,Loan,Active,2019-01-12,440700.0,13.64
13261,ACC00013261,9125,Fixed Deposit,Active,2025-10-29,0.0,6.52
13262,ACC00013262,8848,Fixed Deposit,Dormant,2022-02-07,0.0,5.67
13263,ACC00013263,5390,Salary,Active,2018-09-21,0.0,3.31
13264,ACC00013264,3527,Savings,Active,2022-05-11,0.0,4.15
13265,ACC00013265,4725,Savings,Closed,2020-12-15,0.0,3.93
13266,ACC00013266,7265,Savings,Active,2022-04-22,0.0,4.47
13267,ACC00013267,9984,Fixed Deposit,Closed,2019-05-26,0.0,7.99
13268,ACC00013268,2222,Fixed Deposit,Active,2024-06-30,0.0,5.98
13269,ACC00013269,2053,Current,Active,2018-04-21,1374800.0,2.69
13270,ACC00013270,8749,Fixed Deposit,Active,2025-07-18,0.0,6.35
13271,ACC00013271,6701,Loan,Active,2022-11-19,427300.0,12.25
13272,ACC00013272,9213,Savings,Active,2025-06-17,0.0,2.79
13273,ACC00013273,7996,Savings,Active,2022-05-20,0.0,4.33
13274,ACC00013274,655,Savings,Active,2023-07-19,0.0,4.33
13275,ACC00013275,8572,Savings,Active,2019-10-12,0.0,2.96
13276,ACC00013276,8746,Current,Active,2023-12-24,668000.0,4.72
13277,ACC00013277,2434,Salary,Active,2021-12-28,0.0,4.5
13278,ACC00013278,8664,Salary,Active,2021-11-13,0.0,4.15
13279,ACC00013279,3741,Loan,Active,2024-07-12,318200.0,7.63
13280,ACC00013280,8797,Savings,Dormant,2025-10-10,0.0,3.43
13281,ACC00013281,725,Savings,Active,2023-12-16,0.0,3.36
13282,ACC00013282,153,Salary,Closed,2020-05-25,0.0,3.65
13283,ACC00013283,9622,Salary,Closed,2020-01-16,0.0,4.32
13284,ACC00013284,3262,Savings,Closed,2021-02-05,0.0,3.14
13285,ACC00013285,9600,Fixed Deposit,Active,2023-12-15,0.0,7.66
13286,ACC00013286,3257,Savings,Active,2021-10-01,0.0,3.36
13287,ACC00013287,1279,Current,Dormant,2025-07-17,508500.0,4.95
13288,ACC00013288,2360,Salary,Active,2023-06-24,0.0,2.79
13289,ACC00013289,1420,Current,Active,2023-09-15,442000.0,4.07
13290,ACC00013290,4823,Salary,Dormant,2025-02-27,0.0,4.53
13291,ACC00013291,2299,Savings,Active,2021-06-25,0.0,3.97
13292,ACC00013292,6045,Savings,Closed,2023-12-25,0.0,4.02
13293,ACC00013293,3132,Fixed Deposit,Active,2023-12-08,0.0,7.39
13294,ACC00013294,7237,Loan,Active,2019-11-26,570100.0,14.09
13295,ACC00013295,7621,Savings,Active,2025-06-24,0.0,3.74
13296,ACC00013296,6304,Loan,Dormant,2025-12-26,509900.0,9.72
13297,ACC00013297,1719,Loan,Active,2020-05-24,1127800.0,10.88
13298,ACC00013298,4696,Fixed Deposit,Active,2024-12-13,0.0,8.29
13299,ACC00013299,3713,Salary,Active,2021-10-23,0.0,3.4
13300,ACC00013300,9535,Current,Active,2022-02-24,1546500.0,2.63
13301,ACC00013301,2428,Savings,Closed,2023-11-19,0.0,3.64
13302,ACC00013302,2757,Savings,Active,2025-02-20,0.0,2.73
13303,ACC00013303,555,Savings,Active,2018-08-20,0.0,3.84
13304,ACC00013304,6101,Fixed Deposit,Active,2024-05-14,0.0,5.52
13305,ACC00013305,1147,Savings,Active,2020-09-26,0.0,3.36
13306,ACC00013306,1036,Savings,Active,2024-03-27,0.0,4.37
13307,ACC00013307,9180,Current,Active,2023-07-25,276400.0,4.97
13308,ACC00013308,2763,Loan,Active,2020-06-18,1139100.0,13.1
13309,ACC00013309,4221,Savings,Closed,2022-03-22,0.0,2.83
13310,ACC00013310,4390,Savings,Active,2022-08-21,0.0,4.17
13311,ACC00013311,8483,Savings,Active,2020-05-03,0.0,3.12
13312,ACC00013312,5360,Savings,Active,2024-04-14,0.0,2.57
13313,ACC00013313,4368,Fixed Deposit,Active,2025-09-01,0.0,7.45
13314,ACC00013314,997,Savings,Active,2022-05-11,0.0,4.74
13315,ACC00013315,5824,Savings,Blocked,2018-03-18,0.0,3.0
13316,ACC00013316,1248,Savings,Active,2022-11-10,0.0,3.81
13317,ACC00013317,1088,Savings,Active,2020-03-22,0.0,4.56
13318,ACC00013318,2640,Current,Active,2018-06-14,812200.0,4.76
13319,ACC00013319,4961,Fixed Deposit,Active,2023-05-02,0.0,7.61
13320,ACC00013320,680,Current,Active,2018-03-11,869300.0,3.29
13321,ACC00013321,7481,Current,Active,2023-08-12,874000.0,4.3
13322,ACC00013322,8869,Current,Active,2020-07-19,1292100.0,3.11
13323,ACC00013323,3303,Savings,Active,2018-01-21,0.0,3.44
13324,ACC00013324,9085,Savings,Dormant,2018-09-08,0.0,4.13
13325,ACC00013325,2634,Salary,Active,2020-05-02,0.0,2.99
13326,ACC00013326,400,Savings,Active,2021-04-13,0.0,4.22
13327,ACC00013327,4152,Savings,Active,2020-11-20,0.0,4.13
13328,ACC00013328,9515,Fixed Deposit,Active,2024-09-11,0.0,6.06
13329,ACC00013329,8063,Current,Active,2018-08-08,1013200.0,4.28
13330,ACC00013330,4658,Fixed Deposit,Active,2020-12-01,0.0,8.43
13331,ACC00013331,8251,Current,Active,2021-03-29,1755400.0,3.79
13332,ACC00013332,8276,Salary,Dormant,2018-01-16,0.0,4.76
13333,ACC00013333,2957,Loan,Active,2020-10-31,1855800.0,9.7
13334,ACC00013334,6547,Salary,Active,2023-11-28,0.0,4.61
13335,ACC00013335,7276,Savings,Active,2021-09-06,0.0,2.71
13336,ACC00013336,1010,Savings,Active,2023-10-02,0.0,2.87
13337,ACC00013337,7530,Savings,Active,2018-12-25,0.0,4.73
13338,ACC00013338,5066,Current,Active,2022-09-14,999800.0,3.29
13339,ACC00013339,3364,Loan,Active,2020-03-05,1488100.0,12.66
13340,ACC00013340,4659,Savings,Active,2018-05-25,0.0,4.49
13341,ACC00013341,7026,Salary,Active,2018-03-20,0.0,3.88
13342,ACC00013342,6064,Savings,Active,2020-06-29,0.0,4.53
13343,ACC00013343,2075,Fixed Deposit,Active,2020-10-22,0.0,6.15
13344,ACC00013344,9526,Savings,Active,2019-06-10,0.0,3.5
13345,ACC00013345,5020,Salary,Active,2022-07-19,0.0,4.59
13346,ACC00013346,9668,Fixed Deposit,Active,2020-11-27,0.0,6.77
13347,ACC00013347,3848,Current,Active,2019-09-24,157000.0,3.41
13348,ACC00013348,1309,Salary,Active,2022-08-28,0.0,4.79
13349,ACC00013349,743,Savings,Active,2025-12-13,0.0,3.85
13350,ACC00013350,1940,Savings,Closed,2025-04-09,0.0,3.96
13351,ACC00013351,3591,Savings,Active,2022-09-22,0.0,3.69
13352,ACC00013352,9482,Current,Dormant,2025-01-25,1726200.0,4.82
13353,ACC00013353,6761,Salary,Active,2021-03-09,0.0,3.94
13354,ACC00013354,2126,Current,Active,2019-12-16,462200.0,3.57
13355,ACC00013355,2443,Fixed Deposit,Active,2024-08-13,0.0,6.08
13356,ACC00013356,9939,Savings,Active,2021-01-21,0.0,2.75
13357,ACC00013357,7221,Savings,Closed,2019-10-05,0.0,3.96
13358,ACC00013358,4819,Savings,Active,2025-03-12,0.0,4.6
13359,ACC00013359,2605,Savings,Blocked,2023-02-09,0.0,4.99
13360,ACC00013360,1123,Current,Active,2018-01-10,405600.0,2.98
13361,ACC00013361,7100,Current,Active,2021-11-18,1443700.0,2.74
13362,ACC00013362,9296,Salary,Closed,2024-03-12,0.0,2.86
13363,ACC00013363,3574,Fixed Deposit,Active,2020-06-29,0.0,7.61
13364,ACC00013364,2620,Savings,Active,2022-03-29,0.0,4.96
13365,ACC00013365,4353,Savings,Dormant,2018-01-15,0.0,3.19
13366,ACC00013366,8046,Savings,Active,2023-06-23,0.0,4.17
13367,ACC00013367,1780,Salary,Active,2022-02-18,0.0,4.52
13368,ACC00013368,5409,Fixed Deposit,Active,2018-06-02,0.0,6.49
13369,ACC00013369,1046,Loan,Active,2019-01-10,1255000.0,13.75
13370,ACC00013370,8003,Loan,Active,2018-11-17,1512200.0,14.33
13371,ACC00013371,7363,Salary,Active,2023-10-09,0.0,2.54
13372,ACC00013372,1483,Salary,Active,2018-03-03,0.0,4.62
13373,ACC00013373,8747,Savings,Active,2023-09-20,0.0,4.96
13374,ACC00013374,63,Current,Active,2021-03-26,1908700.0,4.03
13375,ACC00013375,9580,Savings,Active,2021-07-06,0.0,4.21
13376,ACC00013376,5414,Savings,Active,2018-06-05,0.0,3.29
13377,ACC00013377,2741,Current,Dormant,2021-09-28,1308600.0,4.71
13378,ACC00013378,1760,Savings,Active,2023-09-29,0.0,4.29
13379,ACC00013379,605,Savings,Dormant,2023-05-06,0.0,4.65
13380,ACC00013380,9686,Loan,Dormant,2023-04-24,253900.0,12.04
13381,ACC00013381,3017,Loan,Active,2022-08-16,638500.0,8.13
13382,ACC00013382,6538,Current,Active,2018-01-10,1997900.0,2.69
13383,ACC00013383,2487,Loan,Active,2018-07-27,707500.0,13.66
13384,ACC00013384,8078,Savings,Active,2020-08-20,0.0,2.88
13385,ACC00013385,5629,Fixed Deposit,Active,2022-08-18,0.0,6.48
13386,ACC00013386,4455,Loan,Active,2019-02-19,469900.0,7.93
13387,ACC00013387,4935,Savings,Closed,2022-08-09,0.0,3.09
13388,ACC00013388,360,Savings,Active,2025-03-10,0.0,3.41
13389,ACC00013389,4920,Salary,Active,2022-02-01,0.0,4.02
13390,ACC00013390,9678,Current,Active,2020-02-22,106100.0,2.8
13391,ACC00013391,3385,Savings,Active,2018-11-15,0.0,4.82
13392,ACC00013392,9598,Salary,Active,2023-01-01,0.0,2.78
13393,ACC00013393,3088,Savings,Dormant,2020-11-27,0.0,3.22
13394,ACC00013394,3817,Salary,Active,2019-10-13,0.0,4.12
13395,ACC00013395,5781,Savings,Active,2019-05-28,0.0,3.75
13396,ACC00013396,1867,Savings,Dormant,2020-12-15,0.0,3.85
13397,ACC00013397,5442,Loan,Active,2020-09-16,1305800.0,10.88
13398,ACC00013398,4296,Savings,Active,2025-09-06,0.0,3.58
13399,ACC00013399,6256,Savings,Active,2024-07-13,0.0,3.09
13400,ACC00013400,4520,Current,Active,2025-08-16,692900.0,3.1
13401,ACC00013401,7728,Savings,Active,2019-10-31,0.0,3.88
13402,ACC00013402,4038,Savings,Active,2025-01-16,0.0,4.43
13403,ACC00013403,2726,Current,Active,2025-04-20,1735200.0,2.51
13404,ACC00013404,327,Current,Active,2021-01-31,854000.0,3.44
13405,ACC00013405,8729,Current,Active,2021-06-03,1535100.0,4.3
13406,ACC00013406,8771,Current,Closed,2021-10-23,1095800.0,3.04
13407,ACC00013407,4090,Fixed Deposit,Active,2021-05-13,0.0,7.24
13408,ACC00013408,4501,Savings,Active,2025-03-12,0.0,2.8
13409,ACC00013409,5998,Savings,Active,2019-11-21,0.0,4.3
13410,ACC00013410,9642,Fixed Deposit,Active,2022-11-02,0.0,7.86
13411,ACC00013411,8784,Current,Active,2021-12-10,1133800.0,3.93
13412,ACC00013412,8512,Fixed Deposit,Active,2025-04-19,0.0,7.06
13413,ACC00013413,2902,Savings,Active,2021-12-26,0.0,3.53
13414,ACC00013414,9341,Current,Dormant,2024-07-06,721100.0,4.34
13415,ACC00013415,6877,Savings,Blocked,2019-01-15,0.0,4.56
13416,ACC00013416,5836,Savings,Closed,2018-02-22,0.0,2.6
13417,ACC00013417,5750,Current,Active,2020-04-16,1599800.0,3.78
13418,ACC00013418,4526,Current,Active,2021-11-08,1847400.0,3.94
13419,ACC00013419,1067,Loan,Active,2024-12-07,187500.0,9.95
13420,ACC00013420,9023,Savings,Active,2022-12-27,0.0,2.74
13421,ACC00013421,1690,Savings,Active,2024-09-01,0.0,4.73
13422,ACC00013422,8906,Salary,Active,2025-07-18,0.0,4.07
13423,ACC00013423,3865,Savings,Active,2018-03-13,0.0,2.51
13424,ACC00013424,8281,Salary,Closed,2021-06-25,0.0,4.46
13425,ACC00013425,7787,Loan,Active,2023-04-18,835300.0,10.28
13426,ACC00013426,9860,Current,Active,2021-01-03,1070200.0,2.72
13427,ACC00013427,1287,Savings,Active,2025-09-22,0.0,3.89
13428,ACC00013428,2438,Current,Active,2020-01-05,1186200.0,3.36
13429,ACC00013429,1962,Savings,Active,2022-02-21,0.0,3.03
13430,ACC00013430,4524,Savings,Active,2023-03-22,0.0,4.38
13431,ACC00013431,2709,Fixed Deposit,Closed,2018-12-13,0.0,6.06
13432,ACC00013432,7565,Salary,Active,2020-02-01,0.0,4.57
13433,ACC00013433,5661,Fixed Deposit,Active,2019-06-01,0.0,7.24
13434,ACC00013434,6277,Fixed Deposit,Active,2025-04-06,0.0,7.99
13435,ACC00013435,998,Savings,Closed,2020-05-30,0.0,4.57
13436,ACC00013436,7520,Savings,Active,2020-05-11,0.0,3.01
13437,ACC00013437,7792,Current,Blocked,2020-06-12,1744500.0,4.83
13438,ACC00013438,2577,Savings,Active,2025-12-02,0.0,3.77
13439,ACC00013439,4495,Salary,Active,2022-08-04,0.0,2.66
13440,ACC00013440,7887,Fixed Deposit,Active,2025-03-01,0.0,6.03
13441,ACC00013441,5386,Current,Active,2025-07-06,1503400.0,3.75
13442,ACC00013442,8367,Savings,Active,2024-05-21,0.0,2.91
13443,ACC00013443,585,Current,Active,2021-12-23,1586400.0,4.74
13444,ACC00013444,5142,Savings,Active,2021-09-19,0.0,3.93
13445,ACC00013445,6170,Savings,Active,2020-05-03,0.0,3.81
13446,ACC00013446,9507,Savings,Active,2019-02-05,0.0,4.84
13447,ACC00013447,2593,Current,Active,2018-07-30,1390800.0,2.95
13448,ACC00013448,4618,Fixed Deposit,Closed,2024-10-13,0.0,6.6
13449,ACC00013449,1446,Savings,Active,2022-11-16,0.0,4.81
13450,ACC00013450,1659,Savings,Active,2025-06-25,0.0,2.71
13451,ACC00013451,7059,Loan,Active,2024-03-30,993200.0,8.28
13452,ACC00013452,4292,Savings,Active,2021-06-23,0.0,3.16
13453,ACC00013453,1676,Salary,Active,2022-02-16,0.0,3.49
13454,ACC00013454,3488,Fixed Deposit,Dormant,2023-08-01,0.0,7.79
13455,ACC00013455,7963,Savings,Active,2020-01-29,0.0,3.0
13456,ACC00013456,1621,Current,Active,2024-01-08,1703400.0,3.4
13457,ACC00013457,4037,Fixed Deposit,Active,2024-12-05,0.0,8.43
13458,ACC00013458,6483,Current,Active,2024-05-31,1573600.0,4.75
13459,ACC00013459,3060,Savings,Active,2025-04-01,0.0,3.15
13460,ACC00013460,3591,Current,Blocked,2018-09-11,1193900.0,3.66
13461,ACC00013461,9550,Loan,Active,2023-05-12,558700.0,10.98
13462,ACC00013462,7881,Loan,Active,2023-11-22,1750500.0,8.52
13463,ACC00013463,1061,Loan,Active,2018-04-29,1853000.0,11.1
13464,ACC00013464,1330,Salary,Active,2023-06-19,0.0,4.82
13465,ACC00013465,1413,Fixed Deposit,Active,2025-03-02,0.0,7.58
13466,ACC00013466,4656,Savings,Active,2022-04-28,0.0,3.8
13467,ACC00013467,265,Savings,Active,2022-04-23,0.0,3.61
13468,ACC00013468,2740,Loan,Active,2023-12-10,85600.0,9.83
13469,ACC00013469,8427,Fixed Deposit,Active,2022-06-02,0.0,6.22
13470,ACC00013470,8526,Savings,Active,2018-07-25,0.0,2.96
13471,ACC00013471,9475,Fixed Deposit,Active,2023-03-18,0.0,7.05
13472,ACC00013472,9908,Savings,Blocked,2023-01-31,0.0,3.32
13473,ACC00013473,9884,Savings,Active,2024-11-23,0.0,4.96
13474,ACC00013474,843,Savings,Active,2024-12-30,0.0,3.47
13475,ACC00013475,9425,Savings,Active,2025-03-15,0.0,4.9
13476,ACC00013476,3154,Fixed Deposit,Active,2022-11-24,0.0,8.12
13477,ACC00013477,8913,Savings,Active,2021-06-01,0.0,4.43
13478,ACC00013478,665,Savings,Active,2018-04-17,0.0,2.55
13479,ACC00013479,469,Savings,Active,2022-10-05,0.0,2.67
13480,ACC00013480,4363,Savings,Active,2018-09-22,0.0,4.86
13481,ACC00013481,5807,Loan,Active,2019-03-28,879300.0,13.43
13482,ACC00013482,2995,Savings,Active,2018-03-22,0.0,3.48
13483,ACC00013483,3496,Savings,Closed,2024-06-25,0.0,3.79
13484,ACC00013484,9490,Salary,Blocked,2022-01-06,0.0,3.06
13485,ACC00013485,531,Current,Active,2022-12-22,798500.0,4.4
13486,ACC00013486,7311,Fixed Deposit,Dormant,2021-01-25,0.0,5.8
13487,ACC00013487,5707,Savings,Active,2019-10-06,0.0,4.72
13488,ACC00013488,6284,Loan,Active,2020-09-29,1982000.0,12.24
13489,ACC00013489,6947,Savings,Active,2023-06-20,0.0,4.19
13490,ACC00013490,8740,Current,Active,2023-03-31,1718800.0,3.83
13491,ACC00013491,757,Current,Active,2024-05-21,1002600.0,3.04
13492,ACC00013492,5362,Savings,Active,2021-04-02,0.0,3.57
13493,ACC00013493,6540,Savings,Active,2018-07-12,0.0,4.14
13494,ACC00013494,5264,Savings,Active,2019-08-06,0.0,3.16
13495,ACC00013495,3292,Current,Active,2020-08-01,1613000.0,4.78
13496,ACC00013496,1324,Savings,Active,2019-07-04,0.0,3.04
13497,ACC00013497,9124,Savings,Dormant,2018-06-18,0.0,3.35
13498,ACC00013498,1467,Savings,Blocked,2024-08-08,0.0,2.54
13499,ACC00013499,1438,Loan,Dormant,2023-06-05,1137700.0,14.03
13500,ACC00013500,7184,Current,Active,2025-04-04,1977600.0,4.22
13501,ACC00013501,3920,Savings,Active,2025-06-02,0.0,3.47
13502,ACC00013502,6769,Loan,Active,2020-06-03,1414000.0,9.51
13503,ACC00013503,596,Savings,Active,2022-12-12,0.0,2.71
13504,ACC00013504,125,Savings,Dormant,2024-06-23,0.0,3.21
13505,ACC00013505,5855,Current,Active,2019-07-16,856800.0,4.52
13506,ACC00013506,9430,Savings,Active,2022-07-10,0.0,2.89
13507,ACC00013507,5927,Current,Active,2024-12-27,1443100.0,3.01
13508,ACC00013508,634,Salary,Active,2018-01-31,0.0,2.57
13509,ACC00013509,1522,Savings,Active,2021-07-14,0.0,4.1
13510,ACC00013510,9658,Savings,Active,2023-12-08,0.0,2.87
13511,ACC00013511,3395,Savings,Active,2018-05-05,0.0,3.34
13512,ACC00013512,8111,Current,Active,2022-06-23,1651200.0,3.82
13513,ACC00013513,1884,Current,Active,2022-08-21,155200.0,3.3
13514,ACC00013514,6987,Savings,Closed,2018-03-02,0.0,3.55
13515,ACC00013515,586,Fixed Deposit,Active,2023-05-10,0.0,8.25
13516,ACC00013516,5204,Savings,Active,2022-08-14,0.0,2.9
13517,ACC00013517,8799,Savings,Active,2022-03-31,0.0,3.9
13518,ACC00013518,5683,Savings,Active,2020-02-04,0.0,2.8
13519,ACC00013519,429,Current,Active,2020-03-16,162200.0,2.92
13520,ACC00013520,2480,Current,Active,2022-02-20,836600.0,3.57
13521,ACC00013521,631,Savings,Dormant,2021-08-10,0.0,2.61
13522,ACC00013522,5014,Salary,Active,2025-11-16,0.0,3.56
13523,ACC00013523,1106,Savings,Closed,2023-09-02,0.0,2.96
13524,ACC00013524,9228,Fixed Deposit,Active,2025-07-05,0.0,7.35
13525,ACC00013525,45,Savings,Active,2018-02-28,0.0,4.9
13526,ACC00013526,2652,Current,Dormant,2024-04-27,924000.0,3.31
13527,ACC00013527,9663,Salary,Active,2022-08-16,0.0,3.61
13528,ACC00013528,4288,Savings,Active,2018-09-23,0.0,4.05
13529,ACC00013529,684,Loan,Active,2020-05-29,1123600.0,10.08
13530,ACC00013530,3855,Savings,Active,2021-05-12,0.0,3.71
13531,ACC00013531,9617,Fixed Deposit,Closed,2021-07-25,0.0,7.56
13532,ACC00013532,7755,Savings,Dormant,2022-05-13,0.0,3.92
13533,ACC00013533,3389,Savings,Active,2022-08-22,0.0,3.8
13534,ACC00013534,2970,Fixed Deposit,Active,2024-06-22,0.0,7.39
13535,ACC00013535,6557,Salary,Active,2019-02-22,0.0,2.96
13536,ACC00013536,8948,Savings,Closed,2018-06-07,0.0,3.09
13537,ACC00013537,9305,Salary,Active,2021-06-23,0.0,2.92
13538,ACC00013538,7172,Savings,Active,2019-08-17,0.0,4.32
13539,ACC00013539,5674,Loan,Active,2018-08-08,1328900.0,14.09
13540,ACC00013540,152,Current,Active,2019-04-11,1765700.0,3.78
13541,ACC00013541,8181,Savings,Dormant,2019-03-25,0.0,4.54
13542,ACC00013542,7771,Savings,Active,2022-09-18,0.0,3.88
13543,ACC00013543,1747,Current,Active,2019-12-07,752900.0,3.35
13544,ACC00013544,4457,Salary,Active,2019-01-24,0.0,2.9
13545,ACC00013545,4063,Loan,Active,2018-05-15,302700.0,8.77
13546,ACC00013546,2114,Current,Active,2025-12-07,750900.0,4.88
13547,ACC00013547,2112,Savings,Active,2024-07-17,0.0,2.88
13548,ACC00013548,6600,Salary,Active,2022-02-09,0.0,4.38
13549,ACC00013549,9629,Fixed Deposit,Active,2024-10-14,0.0,5.59
13550,ACC00013550,8406,Salary,Active,2021-05-28,0.0,4.59
13551,ACC00013551,1310,Salary,Active,2019-05-02,0.0,4.11
13552,ACC00013552,2757,Salary,Closed,2025-12-10,0.0,4.16
13553,ACC00013553,6014,Savings,Active,2020-04-25,0.0,3.22
13554,ACC00013554,612,Fixed Deposit,Active,2020-10-08,0.0,6.59
13555,ACC00013555,9346,Current,Active,2019-10-27,844700.0,3.5
13556,ACC00013556,6689,Savings,Active,2022-12-29,0.0,4.43
13557,ACC00013557,8632,Salary,Active,2018-04-04,0.0,3.95
13558,ACC00013558,6730,Fixed Deposit,Active,2021-10-18,0.0,6.31
13559,ACC00013559,9057,Fixed Deposit,Active,2018-02-20,0.0,7.42
13560,ACC00013560,5823,Savings,Active,2023-09-25,0.0,4.7
13561,ACC00013561,2828,Savings,Closed,2020-07-22,0.0,2.9
13562,ACC00013562,7395,Savings,Active,2018-08-16,0.0,4.73
13563,ACC00013563,2488,Current,Active,2020-06-18,1462700.0,3.84
13564,ACC00013564,6275,Current,Active,2018-03-29,1540000.0,3.64
13565,ACC00013565,5300,Current,Dormant,2018-11-25,417000.0,3.48
13566,ACC00013566,8720,Savings,Active,2022-10-27,0.0,4.45
13567,ACC00013567,5608,Savings,Active,2019-07-27,0.0,2.67
13568,ACC00013568,8915,Savings,Closed,2022-10-23,0.0,4.15
13569,ACC00013569,9675,Salary,Active,2018-02-26,0.0,4.86
13570,ACC00013570,9390,Current,Active,2025-05-10,1083100.0,4.0
13571,ACC00013571,8479,Savings,Blocked,2024-08-06,0.0,3.41
13572,ACC00013572,2049,Salary,Active,2023-09-26,0.0,4.64
13573,ACC00013573,5559,Loan,Active,2019-01-09,1780500.0,11.89
13574,ACC00013574,542,Savings,Active,2020-01-03,0.0,4.56
13575,ACC00013575,4053,Fixed Deposit,Active,2022-07-20,0.0,8.45
13576,ACC00013576,1552,Fixed Deposit,Active,2019-03-24,0.0,7.39
13577,ACC00013577,4264,Current,Active,2020-11-25,1554700.0,3.33
13578,ACC00013578,9815,Savings,Dormant,2025-02-07,0.0,4.14
13579,ACC00013579,6520,Savings,Active,2019-04-07,0.0,2.74
13580,ACC00013580,2842,Savings,Blocked,2022-03-18,0.0,3.12
13581,ACC00013581,463,Savings,Active,2022-05-26,0.0,4.09
13582,ACC00013582,1352,Current,Dormant,2024-05-07,1534900.0,2.95
13583,ACC00013583,2165,Savings,Closed,2025-12-01,0.0,2.66
13584,ACC00013584,3528,Salary,Active,2022-02-11,0.0,4.66
13585,ACC00013585,5380,Savings,Dormant,2024-03-29,0.0,3.29
13586,ACC00013586,9497,Savings,Active,2022-07-31,0.0,2.76
13587,ACC00013587,483,Savings,Dormant,2023-04-26,0.0,2.99
13588,ACC00013588,9084,Savings,Active,2021-07-01,0.0,2.71
13589,ACC00013589,3590,Savings,Active,2024-03-19,0.0,4.94
13590,ACC00013590,1847,Current,Active,2018-04-17,640000.0,2.87
13591,ACC00013591,4809,Fixed Deposit,Active,2022-11-24,0.0,8.22
13592,ACC00013592,7208,Savings,Active,2018-04-02,0.0,2.64
13593,ACC00013593,9290,Savings,Active,2020-06-11,0.0,3.27
13594,ACC00013594,681,Fixed Deposit,Active,2022-04-01,0.0,7.67
13595,ACC00013595,4954,Savings,Active,2019-02-05,0.0,3.01
13596,ACC00013596,3900,Current,Active,2024-03-04,1799000.0,3.4
13597,ACC00013597,5516,Fixed Deposit,Active,2022-01-23,0.0,6.34
13598,ACC00013598,3342,Current,Active,2020-06-18,1735700.0,4.1
13599,ACC00013599,8601,Loan,Dormant,2025-12-10,559500.0,12.92
13600,ACC00013600,2782,Savings,Active,2019-10-23,0.0,3.88
13601,ACC00013601,7605,Loan,Dormant,2025-09-28,479500.0,10.29
13602,ACC00013602,2206,Salary,Active,2018-03-17,0.0,4.35
13603,ACC00013603,4027,Savings,Active,2021-10-06,0.0,3.17
13604,ACC00013604,4031,Current,Active,2022-08-04,508800.0,3.32
13605,ACC00013605,223,Current,Active,2021-06-01,1152100.0,2.61
13606,ACC00013606,6802,Loan,Active,2023-10-06,190700.0,11.67
13607,ACC00013607,6595,Savings,Active,2022-05-13,0.0,4.72
13608,ACC00013608,3856,Savings,Active,2024-08-25,0.0,4.52
13609,ACC00013609,9423,Savings,Active,2018-04-04,0.0,3.58
13610,ACC00013610,2900,Savings,Active,2024-11-06,0.0,3.33
13611,ACC00013611,1065,Loan,Active,2025-07-22,1459900.0,12.89
13612,ACC00013612,4182,Current,Active,2025-05-07,170700.0,2.86
13613,ACC00013613,5388,Salary,Closed,2018-04-05,0.0,3.11
13614,ACC00013614,417,Loan,Active,2022-08-19,103600.0,9.48
13615,ACC00013615,2200,Salary,Closed,2020-12-21,0.0,3.3
13616,ACC00013616,6298,Current,Active,2020-11-08,1278100.0,4.68
13617,ACC00013617,8564,Savings,Active,2022-09-08,0.0,2.52
13618,ACC00013618,6118,Savings,Active,2022-05-28,0.0,4.7
13619,ACC00013619,9101,Fixed Deposit,Active,2022-05-10,0.0,6.09
13620,ACC00013620,5396,Current,Active,2018-02-26,268100.0,3.79
13621,ACC00013621,5840,Fixed Deposit,Active,2019-04-28,0.0,7.75
13622,ACC00013622,8866,Savings,Active,2022-09-02,0.0,4.28
13623,ACC00013623,9824,Current,Active,2018-10-04,1965400.0,4.89
13624,ACC00013624,1264,Savings,Active,2022-01-14,0.0,3.61
13625,ACC00013625,6430,Savings,Active,2023-06-24,0.0,4.15
13626,ACC00013626,2531,Fixed Deposit,Active,2022-09-25,0.0,7.49
13627,ACC00013627,656,Fixed Deposit,Active,2025-11-15,0.0,7.71
13628,ACC00013628,4784,Fixed Deposit,Active,2022-04-19,0.0,7.06
13629,ACC00013629,7561,Savings,Active,2024-05-19,0.0,4.33
13630,ACC00013630,6838,Loan,Blocked,2022-07-06,895400.0,9.8
13631,ACC00013631,2451,Savings,Active,2023-05-05,0.0,3.7
13632,ACC00013632,7330,Loan,Dormant,2024-01-21,1732800.0,12.29
13633,ACC00013633,9790,Salary,Closed,2018-10-28,0.0,2.79
13634,ACC00013634,600,Salary,Active,2019-04-09,0.0,3.94
13635,ACC00013635,6288,Fixed Deposit,Active,2025-02-15,0.0,8.13
13636,ACC00013636,8223,Salary,Active,2020-05-04,0.0,3.48
13637,ACC00013637,4920,Savings,Active,2024-07-17,0.0,4.96
13638,ACC00013638,1735,Savings,Active,2021-08-24,0.0,2.85
13639,ACC00013639,6956,Savings,Active,2023-06-22,0.0,3.25
13640,ACC00013640,450,Current,Active,2024-04-30,800900.0,3.43
13641,ACC00013641,6772,Fixed Deposit,Active,2025-07-28,0.0,7.05
13642,ACC00013642,3864,Savings,Dormant,2025-04-13,0.0,2.55
13643,ACC00013643,5374,Loan,Active,2025-06-18,325900.0,13.93
13644,ACC00013644,4492,Savings,Active,2018-07-10,0.0,4.12
13645,ACC00013645,6260,Loan,Active,2022-10-30,1649300.0,8.83
13646,ACC00013646,3699,Current,Active,2025-08-14,149300.0,3.44
13647,ACC00013647,2286,Savings,Active,2021-12-21,0.0,4.74
13648,ACC00013648,8468,Savings,Active,2018-09-14,0.0,3.02
13649,ACC00013649,831,Salary,Active,2024-02-02,0.0,3.93
13650,ACC00013650,8270,Fixed Deposit,Active,2023-07-07,0.0,8.24
13651,ACC00013651,4159,Savings,Closed,2020-08-31,0.0,4.92
13652,ACC00013652,7341,Loan,Active,2025-12-26,1294100.0,12.15
13653,ACC00013653,727,Savings,Active,2024-07-01,0.0,3.47
13654,ACC00013654,4017,Current,Active,2020-08-13,273800.0,4.24
13655,ACC00013655,5401,Current,Active,2021-03-27,77400.0,4.24
13656,ACC00013656,2271,Fixed Deposit,Active,2022-11-21,0.0,8.04
13657,ACC00013657,9765,Current,Active,2022-06-01,1740300.0,3.33
13658,ACC00013658,5407,Savings,Active,2021-12-26,0.0,3.05
13659,ACC00013659,2106,Current,Active,2019-11-09,1028700.0,4.8
13660,ACC00013660,5383,Loan,Active,2022-01-27,733000.0,14.06
13661,ACC00013661,5467,Savings,Active,2023-01-23,0.0,4.74
13662,ACC00013662,1174,Salary,Active,2018-06-05,0.0,3.14
13663,ACC00013663,4100,Savings,Active,2018-11-28,0.0,3.31
13664,ACC00013664,6107,Savings,Dormant,2019-06-08,0.0,3.28
13665,ACC00013665,7136,Loan,Active,2023-06-08,190300.0,7.98
13666,ACC00013666,9813,Fixed Deposit,Active,2018-07-17,0.0,8.17
13667,ACC00013667,4809,Loan,Active,2025-08-01,531600.0,10.88
13668,ACC00013668,4188,Savings,Active,2023-12-16,0.0,2.98
13669,ACC00013669,9718,Savings,Active,2018-02-17,0.0,4.36
13670,ACC00013670,3722,Salary,Active,2025-01-31,0.0,3.16
13671,ACC00013671,1520,Salary,Active,2018-03-17,0.0,4.18
13672,ACC00013672,176,Savings,Active,2024-01-16,0.0,3.18
13673,ACC00013673,5928,Savings,Active,2021-01-19,0.0,3.74
13674,ACC00013674,2229,Savings,Active,2018-04-20,0.0,3.58
13675,ACC00013675,8454,Savings,Active,2018-06-26,0.0,3.73
13676,ACC00013676,3831,Loan,Active,2022-10-02,1672300.0,11.91
13677,ACC00013677,6206,Savings,Active,2019-06-07,0.0,3.26
13678,ACC00013678,9252,Savings,Active,2024-04-29,0.0,4.8
13679,ACC00013679,7957,Current,Active,2023-02-21,1786200.0,2.72
13680,ACC00013680,1480,Savings,Active,2018-01-02,0.0,4.22
13681,ACC00013681,8820,Fixed Deposit,Dormant,2024-12-19,0.0,5.97
13682,ACC00013682,1563,Current,Active,2019-05-08,925400.0,4.52
13683,ACC00013683,3150,Savings,Active,2023-09-06,0.0,4.89
13684,ACC00013684,5764,Current,Active,2021-12-03,1589800.0,2.72
13685,ACC00013685,110,Salary,Active,2021-08-18,0.0,4.49
13686,ACC00013686,9992,Current,Dormant,2024-07-06,927100.0,3.21
13687,ACC00013687,9179,Current,Active,2020-10-14,542800.0,3.94
13688,ACC00013688,9435,Savings,Active,2023-11-08,0.0,4.98
13689,ACC00013689,4739,Savings,Active,2021-05-31,0.0,2.91
13690,ACC00013690,2737,Salary,Active,2024-02-03,0.0,4.79
13691,ACC00013691,1820,Fixed Deposit,Active,2025-09-01,0.0,8.23
13692,ACC00013692,6758,Savings,Active,2023-01-22,0.0,4.43
13693,ACC00013693,6774,Fixed Deposit,Active,2019-06-08,0.0,5.77
13694,ACC00013694,2899,Fixed Deposit,Active,2022-01-09,0.0,6.9
13695,ACC00013695,4409,Salary,Active,2023-04-14,0.0,3.59
13696,ACC00013696,4237,Current,Active,2020-07-10,1820200.0,4.45
13697,ACC00013697,5370,Current,Active,2018-01-09,1280000.0,4.5
13698,ACC00013698,2014,Current,Active,2025-10-04,515200.0,2.58
13699,ACC00013699,9032,Current,Active,2018-10-08,317600.0,4.86
13700,ACC00013700,5277,Current,Active,2020-09-04,846800.0,2.98
13701,ACC00013701,4011,Current,Dormant,2021-06-12,382400.0,4.26
13702,ACC00013702,9007,Current,Active,2022-11-23,1418700.0,3.33
13703,ACC00013703,9030,Salary,Active,2018-04-18,0.0,4.61
13704,ACC00013704,2104,Savings,Active,2018-09-03,0.0,3.33
13705,ACC00013705,8337,Salary,Active,2019-12-02,0.0,4.04
13706,ACC00013706,1256,Loan,Active,2024-05-06,234400.0,10.25
13707,ACC00013707,3958,Savings,Active,2020-07-11,0.0,4.91
13708,ACC00013708,3639,Loan,Active,2018-03-27,1351900.0,10.8
13709,ACC00013709,2035,Savings,Active,2023-08-27,0.0,2.62
13710,ACC00013710,3619,Loan,Closed,2020-02-19,1358400.0,7.97
13711,ACC00013711,1484,Savings,Active,2025-11-25,0.0,4.06
13712,ACC00013712,3231,Salary,Active,2023-08-20,0.0,4.3
13713,ACC00013713,748,Current,Active,2020-01-19,879500.0,4.21
13714,ACC00013714,1340,Salary,Active,2019-12-19,0.0,3.63
13715,ACC00013715,8433,Salary,Active,2022-07-22,0.0,3.55
13716,ACC00013716,9010,Loan,Dormant,2019-03-27,1403500.0,9.65
13717,ACC00013717,8314,Savings,Active,2018-09-21,0.0,3.21
13718,ACC00013718,7868,Loan,Dormant,2022-06-26,1331300.0,12.25
13719,ACC00013719,1909,Savings,Active,2022-11-16,0.0,4.51
13720,ACC00013720,5807,Fixed Deposit,Dormant,2023-06-12,0.0,6.4
13721,ACC00013721,9447,Current,Active,2018-10-17,341900.0,4.06
13722,ACC00013722,5112,Savings,Active,2020-04-12,0.0,2.84
13723,ACC00013723,575,Savings,Active,2024-04-27,0.0,3.49
13724,ACC00013724,5485,Current,Closed,2018-03-18,1037300.0,2.85
13725,ACC00013725,1229,Savings,Active,2019-10-28,0.0,4.85
13726,ACC00013726,7133,Loan,Dormant,2022-04-27,1897100.0,13.72
13727,ACC00013727,2495,Savings,Active,2018-06-11,0.0,3.33
13728,ACC00013728,307,Current,Active,2025-04-08,1664800.0,3.19
13729,ACC00013729,9770,Savings,Active,2023-05-25,0.0,4.44
13730,ACC00013730,5384,Current,Active,2020-03-16,1240400.0,2.63
13731,ACC00013731,4890,Savings,Active,2019-02-16,0.0,2.57
13732,ACC00013732,5046,Fixed Deposit,Active,2025-02-27,0.0,7.53
13733,ACC00013733,3256,Savings,Active,2019-08-09,0.0,4.02
13734,ACC00013734,5118,Current,Active,2021-09-25,320200.0,4.18
13735,ACC00013735,8044,Savings,Active,2025-05-23,0.0,2.83
13736,ACC00013736,3137,Savings,Active,2019-04-30,0.0,4.47
13737,ACC00013737,7339,Savings,Blocked,2023-01-27,0.0,4.56
13738,ACC00013738,4544,Savings,Active,2023-11-19,0.0,4.21
13739,ACC00013739,5879,Current,Active,2018-04-01,1981400.0,3.51
13740,ACC00013740,5825,Fixed Deposit,Active,2021-10-19,0.0,6.82
13741,ACC00013741,3459,Savings,Active,2019-04-10,0.0,3.43
13742,ACC00013742,8280,Savings,Active,2019-12-07,0.0,4.57
13743,ACC00013743,7479,Savings,Active,2022-09-25,0.0,4.6
13744,ACC00013744,8960,Fixed Deposit,Dormant,2018-02-11,0.0,6.46
13745,ACC00013745,4433,Savings,Closed,2019-07-11,0.0,4.79
13746,ACC00013746,3387,Salary,Dormant,2019-10-17,0.0,4.26
13747,ACC00013747,2516,Current,Closed,2024-05-04,79400.0,4.37
13748,ACC00013748,5996,Salary,Active,2019-04-11,0.0,4.84
13749,ACC00013749,5046,Current,Dormant,2022-06-12,660100.0,3.52
13750,ACC00013750,2355,Loan,Active,2020-01-07,972100.0,12.15
13751,ACC00013751,966,Savings,Active,2023-07-20,0.0,4.64
13752,ACC00013752,7451,Salary,Closed,2022-09-16,0.0,4.42
13753,ACC00013753,133,Savings,Active,2020-08-11,0.0,4.02
13754,ACC00013754,8858,Savings,Dormant,2020-10-04,0.0,4.57
13755,ACC00013755,1956,Salary,Active,2025-02-08,0.0,4.25
13756,ACC00013756,4970,Current,Active,2023-11-13,346400.0,2.56
13757,ACC00013757,9423,Current,Dormant,2018-03-25,1206800.0,3.09
13758,ACC00013758,1580,Salary,Dormant,2025-04-04,0.0,4.08
13759,ACC00013759,2144,Salary,Active,2020-04-24,0.0,4.35
13760,ACC00013760,7194,Savings,Active,2019-01-22,0.0,3.15
13761,ACC00013761,7237,Salary,Active,2024-06-15,0.0,2.65
13762,ACC00013762,1546,Savings,Blocked,2019-11-08,0.0,2.59
13763,ACC00013763,3147,Current,Active,2019-07-18,1052200.0,3.17
13764,ACC00013764,7521,Current,Active,2021-08-21,987800.0,4.01
13765,ACC00013765,9180,Savings,Closed,2024-01-28,0.0,4.42
13766,ACC00013766,4665,Savings,Active,2020-12-30,0.0,3.39
13767,ACC00013767,4432,Current,Closed,2021-11-13,398500.0,3.39
13768,ACC00013768,6572,Savings,Active,2018-02-23,0.0,4.79
13769,ACC00013769,6146,Current,Closed,2023-04-23,565900.0,2.57
13770,ACC00013770,898,Savings,Dormant,2024-09-30,0.0,2.81
13771,ACC00013771,864,Current,Active,2020-04-14,1875000.0,4.01
13772,ACC00013772,960,Savings,Active,2021-08-18,0.0,4.91
13773,ACC00013773,9349,Savings,Active,2018-05-13,0.0,2.93
13774,ACC00013774,8155,Savings,Dormant,2023-02-18,0.0,3.08
13775,ACC00013775,6963,Fixed Deposit,Active,2021-06-11,0.0,6.65
13776,ACC00013776,2952,Savings,Active,2025-07-20,0.0,4.28
13777,ACC00013777,1248,Current,Active,2018-09-12,238400.0,3.2
13778,ACC00013778,4886,Savings,Active,2018-04-13,0.0,3.81
13779,ACC00013779,6463,Savings,Active,2022-01-25,0.0,3.81
13780,ACC00013780,5338,Salary,Active,2023-04-08,0.0,3.83
13781,ACC00013781,6701,Loan,Active,2018-10-03,1942500.0,11.27
13782,ACC00013782,6859,Current,Closed,2019-05-28,833600.0,3.29
13783,ACC00013783,7195,Savings,Dormant,2019-06-30,0.0,3.43
13784,ACC00013784,1287,Savings,Active,2023-05-03,0.0,4.49
13785,ACC00013785,9958,Savings,Closed,2018-12-25,0.0,3.1
13786,ACC00013786,5483,Savings,Active,2022-09-05,0.0,4.12
13787,ACC00013787,9520,Current,Active,2020-08-05,1506500.0,4.88
13788,ACC00013788,7291,Savings,Active,2023-12-05,0.0,3.95
13789,ACC00013789,3451,Salary,Active,2024-06-13,0.0,4.49
13790,ACC00013790,1862,Salary,Active,2020-10-31,0.0,4.71
13791,ACC00013791,5452,Savings,Closed,2023-03-19,0.0,4.34
13792,ACC00013792,3837,Savings,Active,2023-02-19,0.0,2.73
13793,ACC00013793,6394,Savings,Active,2019-08-20,0.0,3.11
13794,ACC00013794,4005,Savings,Active,2020-03-14,0.0,4.06
13795,ACC00013795,4146,Savings,Active,2023-04-27,0.0,4.53
13796,ACC00013796,7468,Savings,Active,2019-10-08,0.0,2.59
13797,ACC00013797,744,Salary,Dormant,2024-07-21,0.0,4.77
13798,ACC00013798,5633,Salary,Active,2021-07-31,0.0,3.76
13799,ACC00013799,8483,Savings,Active,2018-08-04,0.0,3.8
13800,ACC00013800,1348,Current,Active,2025-03-02,1483300.0,3.8
13801,ACC00013801,3368,Savings,Active,2019-01-04,0.0,4.49
13802,ACC00013802,1736,Salary,Active,2024-09-23,0.0,2.93
13803,ACC00013803,1602,Savings,Active,2022-08-16,0.0,3.34
13804,ACC00013804,5644,Savings,Active,2021-12-08,0.0,3.83
13805,ACC00013805,1139,Savings,Active,2022-06-26,0.0,3.16
13806,ACC00013806,6588,Salary,Active,2019-02-24,0.0,3.45
13807,ACC00013807,4511,Savings,Active,2021-03-17,0.0,4.15
13808,ACC00013808,5855,Fixed Deposit,Active,2019-06-28,0.0,7.43
13809,ACC00013809,1312,Salary,Active,2020-09-28,0.0,3.49
13810,ACC00013810,3220,Savings,Dormant,2020-09-16,0.0,2.56
13811,ACC00013811,7343,Loan,Active,2021-08-14,407700.0,9.85
13812,ACC00013812,73,Loan,Active,2018-04-01,740700.0,7.8
13813,ACC00013813,624,Savings,Active,2023-07-01,0.0,2.81
13814,ACC00013814,8380,Savings,Closed,2021-06-21,0.0,4.93
13815,ACC00013815,2228,Savings,Active,2021-01-13,0.0,4.11
13816,ACC00013816,3230,Loan,Active,2022-05-20,1215800.0,13.11
13817,ACC00013817,5957,Salary,Active,2018-05-22,0.0,2.81
13818,ACC00013818,2628,Loan,Active,2025-03-06,1996500.0,9.44
13819,ACC00013819,5810,Savings,Active,2019-08-27,0.0,3.78
13820,ACC00013820,1567,Fixed Deposit,Active,2023-05-10,0.0,6.3
13821,ACC00013821,2721,Savings,Active,2021-09-17,0.0,3.18
13822,ACC00013822,7921,Loan,Active,2020-01-28,1462500.0,13.61
13823,ACC00013823,9235,Savings,Active,2023-02-14,0.0,2.51
13824,ACC00013824,7567,Savings,Active,2019-02-07,0.0,3.14
13825,ACC00013825,6466,Fixed Deposit,Active,2018-12-26,0.0,8.28
13826,ACC00013826,6915,Fixed Deposit,Dormant,2021-01-10,0.0,5.65
13827,ACC00013827,5685,Fixed Deposit,Active,2022-09-19,0.0,7.45
13828,ACC00013828,7679,Savings,Active,2023-06-04,0.0,4.42
13829,ACC00013829,3991,Salary,Active,2023-11-03,0.0,3.09
13830,ACC00013830,1257,Savings,Active,2019-08-27,0.0,3.48
13831,ACC00013831,3343,Current,Active,2019-10-18,1763900.0,3.35
13832,ACC00013832,1967,Fixed Deposit,Active,2022-12-23,0.0,6.01
13833,ACC00013833,9225,Savings,Active,2019-08-18,0.0,3.81
13834,ACC00013834,6850,Savings,Active,2024-04-23,0.0,3.39
13835,ACC00013835,4914,Savings,Dormant,2024-09-26,0.0,4.3
13836,ACC00013836,8191,Fixed Deposit,Closed,2024-09-19,0.0,7.69
13837,ACC00013837,5469,Savings,Active,2019-11-03,0.0,2.85
13838,ACC00013838,9134,Fixed Deposit,Active,2025-03-26,0.0,6.83
13839,ACC00013839,3039,Savings,Active,2021-07-10,0.0,2.98
13840,ACC00013840,760,Savings,Active,2018-11-13,0.0,3.18
13841,ACC00013841,257,Salary,Active,2019-03-12,0.0,3.22
13842,ACC00013842,1630,Savings,Active,2020-04-19,0.0,3.5
13843,ACC00013843,1884,Fixed Deposit,Active,2023-07-26,0.0,7.99
13844,ACC00013844,7386,Savings,Active,2023-11-26,0.0,3.31
13845,ACC00013845,82,Savings,Active,2023-06-13,0.0,3.7
13846,ACC00013846,1784,Fixed Deposit,Active,2020-07-24,0.0,7.1
13847,ACC00013847,6516,Savings,Blocked,2022-05-20,0.0,4.93
13848,ACC00013848,6611,Current,Active,2018-11-16,1191600.0,2.71
13849,ACC00013849,5987,Savings,Active,2022-06-11,0.0,2.57
13850,ACC00013850,5704,Current,Active,2021-03-04,726900.0,3.84
13851,ACC00013851,2036,Current,Active,2024-01-08,462400.0,3.01
13852,ACC00013852,5105,Current,Active,2018-03-30,721000.0,3.07
13853,ACC00013853,9051,Savings,Active,2023-01-05,0.0,4.62
13854,ACC00013854,8362,Salary,Active,2024-04-29,0.0,3.8
13855,ACC00013855,7048,Savings,Active,2021-01-25,0.0,2.82
13856,ACC00013856,3770,Savings,Active,2023-07-29,0.0,4.56
13857,ACC00013857,5228,Current,Active,2018-03-17,90800.0,3.06
13858,ACC00013858,224,Savings,Blocked,2022-04-03,0.0,4.69
13859,ACC00013859,8676,Savings,Active,2021-01-25,0.0,4.71
13860,ACC00013860,9994,Savings,Closed,2018-04-21,0.0,3.66
13861,ACC00013861,8100,Current,Active,2025-08-26,1565700.0,3.39
13862,ACC00013862,6672,Loan,Active,2018-01-04,369200.0,11.23
13863,ACC00013863,2307,Savings,Active,2025-10-21,0.0,4.87
13864,ACC00013864,598,Savings,Active,2024-03-31,0.0,2.53
13865,ACC00013865,85,Savings,Active,2023-02-27,0.0,3.32
13866,ACC00013866,990,Salary,Active,2023-11-17,0.0,4.68
13867,ACC00013867,3016,Current,Active,2018-04-10,1971600.0,4.06
13868,ACC00013868,7595,Savings,Active,2019-01-27,0.0,3.27
13869,ACC00013869,9367,Salary,Dormant,2018-03-17,0.0,3.14
13870,ACC00013870,7588,Savings,Active,2025-11-30,0.0,2.58
13871,ACC00013871,6073,Savings,Active,2025-09-06,0.0,4.7
13872,ACC00013872,3247,Savings,Active,2022-11-20,0.0,3.24
13873,ACC00013873,6803,Savings,Active,2018-12-31,0.0,3.73
13874,ACC00013874,5406,Current,Active,2024-08-19,876800.0,3.12
13875,ACC00013875,5196,Savings,Active,2024-11-03,0.0,4.32
13876,ACC00013876,728,Savings,Active,2023-01-15,0.0,3.43
13877,ACC00013877,9258,Current,Active,2019-09-14,798100.0,4.99
13878,ACC00013878,4518,Savings,Active,2023-10-08,0.0,2.56
13879,ACC00013879,3296,Savings,Active,2023-02-28,0.0,4.72
13880,ACC00013880,7730,Loan,Active,2018-01-14,727200.0,12.36
13881,ACC00013881,424,Salary,Active,2019-12-06,0.0,2.81
13882,ACC00013882,5679,Current,Active,2025-08-02,1230200.0,4.37
13883,ACC00013883,8005,Salary,Active,2020-06-20,0.0,3.65
13884,ACC00013884,4333,Savings,Active,2024-08-22,0.0,4.74
13885,ACC00013885,7854,Loan,Active,2022-11-15,461700.0,7.74
13886,ACC00013886,319,Savings,Dormant,2018-11-29,0.0,4.76
13887,ACC00013887,5167,Savings,Active,2024-04-15,0.0,2.96
13888,ACC00013888,8578,Savings,Dormant,2024-06-04,0.0,2.67
13889,ACC00013889,6323,Savings,Active,2018-07-15,0.0,4.63
13890,ACC00013890,5344,Savings,Active,2020-08-03,0.0,2.58
13891,ACC00013891,6784,Fixed Deposit,Dormant,2018-03-29,0.0,7.24
13892,ACC00013892,3803,Current,Active,2023-11-19,1848100.0,4.53
13893,ACC00013893,1026,Savings,Active,2020-05-22,0.0,4.36
13894,ACC00013894,6949,Fixed Deposit,Active,2021-08-04,0.0,7.74
13895,ACC00013895,2489,Savings,Closed,2021-04-18,0.0,4.89
13896,ACC00013896,1088,Savings,Dormant,2024-07-27,0.0,3.97
13897,ACC00013897,7761,Loan,Active,2022-10-11,133400.0,10.1
13898,ACC00013898,599,Loan,Blocked,2025-06-18,1938500.0,14.34
13899,ACC00013899,9110,Savings,Active,2021-06-22,0.0,3.73
13900,ACC00013900,9999,Fixed Deposit,Active,2019-12-28,0.0,7.0
13901,ACC00013901,7613,Savings,Active,2024-01-12,0.0,3.88
13902,ACC00013902,7613,Fixed Deposit,Closed,2022-12-03,0.0,5.82
13903,ACC00013903,6528,Fixed Deposit,Active,2025-11-04,0.0,7.95
13904,ACC00013904,7844,Salary,Active,2022-05-29,0.0,3.12
13905,ACC00013905,3435,Fixed Deposit,Active,2019-12-03,0.0,6.66
13906,ACC00013906,7696,Current,Blocked,2019-06-08,1716500.0,2.68
13907,ACC00013907,3384,Savings,Active,2022-06-25,0.0,4.6
13908,ACC00013908,8311,Salary,Active,2018-11-05,0.0,3.88
13909,ACC00013909,8995,Salary,Active,2024-05-03,0.0,4.57
13910,ACC00013910,928,Current,Active,2019-11-20,990700.0,3.79
13911,ACC00013911,4148,Fixed Deposit,Blocked,2024-04-18,0.0,6.99
13912,ACC00013912,1839,Savings,Closed,2023-12-02,0.0,4.7
13913,ACC00013913,447,Salary,Active,2020-02-04,0.0,3.69
13914,ACC00013914,6037,Current,Active,2023-02-05,609800.0,2.74
13915,ACC00013915,6889,Savings,Active,2023-02-25,0.0,4.62
13916,ACC00013916,5971,Savings,Active,2020-06-26,0.0,4.88
13917,ACC00013917,160,Current,Active,2019-10-05,1026400.0,5.0
13918,ACC00013918,2798,Savings,Active,2018-12-11,0.0,3.92
13919,ACC00013919,1826,Salary,Dormant,2023-05-26,0.0,4.51
13920,ACC00013920,4434,Current,Active,2021-07-07,950000.0,4.09
13921,ACC00013921,8459,Loan,Active,2018-07-03,446500.0,11.44
13922,ACC00013922,4427,Loan,Closed,2024-06-29,1004700.0,11.46
13923,ACC00013923,2898,Fixed Deposit,Active,2022-01-28,0.0,8.26
13924,ACC00013924,2984,Current,Active,2018-01-09,507700.0,3.35
13925,ACC00013925,3841,Current,Active,2020-07-01,1713300.0,3.47
13926,ACC00013926,1065,Savings,Active,2018-12-03,0.0,4.63
13927,ACC00013927,470,Salary,Active,2021-02-01,0.0,3.33
13928,ACC00013928,4470,Loan,Active,2024-12-04,1376100.0,11.06
13929,ACC00013929,4049,Savings,Active,2019-04-24,0.0,4.19
13930,ACC00013930,1329,Fixed Deposit,Active,2024-07-23,0.0,7.9
13931,ACC00013931,6849,Savings,Active,2025-08-31,0.0,4.15
13932,ACC00013932,7739,Loan,Active,2024-04-10,558500.0,7.84
13933,ACC00013933,1158,Savings,Active,2025-04-13,0.0,3.18
13934,ACC00013934,2620,Salary,Closed,2019-05-21,0.0,3.23
13935,ACC00013935,1336,Fixed Deposit,Active,2022-11-16,0.0,6.36
13936,ACC00013936,194,Salary,Closed,2019-12-16,0.0,4.78
13937,ACC00013937,3967,Savings,Active,2022-10-01,0.0,2.67
13938,ACC00013938,5396,Savings,Closed,2019-03-19,0.0,3.27
13939,ACC00013939,6462,Savings,Active,2024-02-08,0.0,2.73
13940,ACC00013940,7704,Savings,Active,2018-10-04,0.0,3.54
13941,ACC00013941,6102,Salary,Active,2021-05-11,0.0,4.9
13942,ACC00013942,5306,Savings,Active,2019-05-02,0.0,4.41
13943,ACC00013943,2097,Savings,Blocked,2023-07-13,0.0,4.81
13944,ACC00013944,3851,Savings,Active,2020-12-30,0.0,4.69
13945,ACC00013945,1414,Savings,Active,2018-06-07,0.0,3.59
13946,ACC00013946,5051,Savings,Blocked,2024-06-09,0.0,4.08
13947,ACC00013947,6067,Savings,Active,2018-01-21,0.0,4.0
13948,ACC00013948,1623,Salary,Active,2019-11-01,0.0,2.89
13949,ACC00013949,496,Fixed Deposit,Active,2019-05-06,0.0,7.99
13950,ACC00013950,9975,Salary,Active,2022-08-01,0.0,3.94
13951,ACC00013951,8313,Savings,Active,2022-04-10,0.0,4.39
13952,ACC00013952,3885,Savings,Active,2020-01-14,0.0,2.55
13953,ACC00013953,7217,Current,Active,2018-04-12,527100.0,3.7
13954,ACC00013954,4314,Current,Active,2018-10-25,354000.0,4.75
13955,ACC00013955,777,Salary,Active,2022-10-07,0.0,3.36
13956,ACC00013956,2824,Loan,Active,2021-06-22,1362500.0,10.39
13957,ACC00013957,8372,Savings,Dormant,2018-04-26,0.0,3.87
13958,ACC00013958,756,Savings,Active,2025-06-05,0.0,4.08
13959,ACC00013959,1420,Salary,Active,2025-03-13,0.0,3.79
13960,ACC00013960,8801,Savings,Active,2022-12-01,0.0,4.16
13961,ACC00013961,9709,Savings,Active,2019-06-14,0.0,4.53
13962,ACC00013962,9927,Savings,Active,2025-08-29,0.0,4.18
13963,ACC00013963,1399,Savings,Blocked,2021-06-05,0.0,3.69
13964,ACC00013964,8858,Salary,Active,2023-07-27,0.0,3.31
13965,ACC00013965,5667,Savings,Active,2021-03-14,0.0,2.72
13966,ACC00013966,8426,Fixed Deposit,Active,2022-11-10,0.0,6.47
13967,ACC00013967,2908,Current,Active,2025-01-18,1866400.0,4.16
13968,ACC00013968,3216,Current,Active,2024-05-09,179500.0,3.82
13969,ACC00013969,5715,Savings,Active,2022-08-08,0.0,4.12
13970,ACC00013970,680,Savings,Active,2018-07-25,0.0,4.31
13971,ACC00013971,5894,Savings,Dormant,2020-03-11,0.0,2.6
13972,ACC00013972,7771,Savings,Active,2023-04-03,0.0,4.81
13973,ACC00013973,8162,Loan,Active,2021-04-30,749900.0,12.42
13974,ACC00013974,4896,Current,Dormant,2018-02-04,757000.0,4.8
13975,ACC00013975,8600,Current,Active,2019-10-14,1639900.0,2.55
13976,ACC00013976,2723,Savings,Active,2025-06-29,0.0,4.33
13977,ACC00013977,96,Loan,Active,2019-03-13,1886000.0,12.77
13978,ACC00013978,3637,Salary,Active,2020-07-27,0.0,3.17
13979,ACC00013979,1916,Savings,Active,2024-09-02,0.0,2.9
13980,ACC00013980,8079,Savings,Active,2023-07-18,0.0,2.89
13981,ACC00013981,4005,Salary,Active,2021-08-22,0.0,2.95
13982,ACC00013982,7577,Savings,Active,2023-11-17,0.0,4.52
13983,ACC00013983,1621,Current,Active,2024-02-20,1852600.0,3.17
13984,ACC00013984,4046,Salary,Dormant,2018-05-09,0.0,2.56
13985,ACC00013985,8599,Savings,Active,2018-09-18,0.0,3.75
13986,ACC00013986,2103,Savings,Active,2021-12-10,0.0,4.61
13987,ACC00013987,9223,Current,Active,2025-05-13,738500.0,3.89
13988,ACC00013988,9477,Salary,Active,2025-06-06,0.0,2.6
13989,ACC00013989,1998,Current,Active,2021-07-13,1172600.0,2.56
13990,ACC00013990,2667,Savings,Active,2021-01-08,0.0,3.16
13991,ACC00013991,4807,Fixed Deposit,Active,2025-12-02,0.0,8.12
13992,ACC00013992,9160,Current,Active,2018-03-02,1719300.0,4.44
13993,ACC00013993,7174,Savings,Active,2022-02-01,0.0,2.55
13994,ACC00013994,9724,Savings,Active,2020-02-12,0.0,2.64
13995,ACC00013995,4977,Loan,Active,2025-12-03,278800.0,11.45
13996,ACC00013996,9468,Salary,Active,2025-08-01,0.0,4.75
13997,ACC00013997,1549,Savings,Active,2024-10-18,0.0,4.66
13998,ACC00013998,2022,Savings,Closed,2018-06-20,0.0,3.22
13999,ACC00013999,3696,Current,Active,2022-10-23,1135300.0,3.15
14000,ACC00014000,3328,Savings,Active,2019-03-01,0.0,4.15
14001,ACC00014001,886,Savings,Active,2020-06-05,0.0,4.63
14002,ACC00014002,7239,Salary,Active,2024-11-18,0.0,3.96
14003,ACC00014003,4501,Fixed Deposit,Dormant,2022-01-11,0.0,8.23
14004,ACC00014004,7905,Savings,Active,2019-12-14,0.0,4.56
14005,ACC00014005,3467,Current,Active,2022-12-12,1194400.0,3.81
14006,ACC00014006,420,Current,Closed,2025-10-27,1213900.0,3.6
14007,ACC00014007,567,Savings,Blocked,2019-03-25,0.0,2.52
14008,ACC00014008,2887,Fixed Deposit,Active,2023-01-01,0.0,8.2
14009,ACC00014009,4014,Current,Active,2021-07-18,414900.0,3.84
14010,ACC00014010,1938,Savings,Active,2021-01-10,0.0,4.27
14011,ACC00014011,9309,Current,Active,2018-02-05,1180200.0,2.51
14012,ACC00014012,6485,Current,Active,2021-12-16,1658200.0,2.57
14013,ACC00014013,5274,Loan,Active,2025-10-06,1980500.0,10.07
14014,ACC00014014,9211,Savings,Active,2025-12-01,0.0,2.53
14015,ACC00014015,9721,Current,Active,2020-09-28,1010600.0,3.96
14016,ACC00014016,4683,Current,Active,2025-11-30,1173100.0,2.77
14017,ACC00014017,4448,Savings,Active,2024-01-06,0.0,4.85
14018,ACC00014018,7487,Salary,Active,2024-09-13,0.0,4.8
14019,ACC00014019,7845,Savings,Active,2018-09-16,0.0,3.06
14020,ACC00014020,7051,Salary,Active,2022-02-14,0.0,3.74
14021,ACC00014021,8852,Savings,Active,2020-03-02,0.0,3.61
14022,ACC00014022,5837,Fixed Deposit,Closed,2022-10-31,0.0,6.5
14023,ACC00014023,1442,Loan,Active,2024-02-19,401100.0,8.33
14024,ACC00014024,5985,Salary,Active,2024-03-28,0.0,3.37
14025,ACC00014025,4410,Fixed Deposit,Active,2023-09-28,0.0,6.46
14026,ACC00014026,5686,Savings,Active,2018-04-24,0.0,3.08
14027,ACC00014027,6600,Fixed Deposit,Active,2025-03-22,0.0,6.85
14028,ACC00014028,1018,Fixed Deposit,Active,2024-10-01,0.0,6.25
14029,ACC00014029,444,Savings,Active,2023-10-12,0.0,2.77
14030,ACC00014030,1803,Current,Active,2018-02-27,678200.0,2.64
14031,ACC00014031,2242,Fixed Deposit,Active,2021-11-03,0.0,7.45
14032,ACC00014032,5142,Current,Active,2018-08-17,597200.0,2.68
14033,ACC00014033,1028,Fixed Deposit,Active,2024-09-08,0.0,5.84
14034,ACC00014034,473,Salary,Active,2025-05-14,0.0,3.7
14035,ACC00014035,2612,Savings,Active,2024-11-27,0.0,4.51
14036,ACC00014036,4652,Loan,Active,2025-09-11,752000.0,8.38
14037,ACC00014037,882,Loan,Closed,2025-06-24,319500.0,12.6
14038,ACC00014038,8079,Savings,Active,2023-09-08,0.0,4.7
14039,ACC00014039,9804,Savings,Active,2021-12-01,0.0,3.9
14040,ACC00014040,865,Current,Active,2025-10-07,1132200.0,3.77
14041,ACC00014041,3488,Current,Active,2023-06-15,165700.0,4.78
14042,ACC00014042,1094,Fixed Deposit,Active,2021-10-11,0.0,8.05
14043,ACC00014043,6401,Savings,Active,2025-01-24,0.0,4.69
14044,ACC00014044,6630,Savings,Active,2024-01-09,0.0,3.02
14045,ACC00014045,5350,Loan,Active,2019-10-14,160000.0,13.1
14046,ACC00014046,3604,Fixed Deposit,Active,2018-07-30,0.0,7.79
14047,ACC00014047,9964,Loan,Active,2020-11-08,466000.0,14.34
14048,ACC00014048,7717,Savings,Active,2021-04-15,0.0,4.11
14049,ACC00014049,360,Savings,Active,2025-12-25,0.0,3.18
14050,ACC00014050,6323,Current,Active,2018-01-05,1546100.0,4.14
14051,ACC00014051,6146,Fixed Deposit,Active,2022-03-12,0.0,6.33
14052,ACC00014052,7730,Savings,Active,2019-12-16,0.0,2.56
14053,ACC00014053,7890,Savings,Active,2021-01-17,0.0,3.43
14054,ACC00014054,7313,Current,Active,2024-04-14,1490900.0,2.88
14055,ACC00014055,2664,Fixed Deposit,Active,2025-12-01,0.0,8.26
14056,ACC00014056,9631,Savings,Active,2024-07-11,0.0,2.73
14057,ACC00014057,799,Current,Active,2022-06-03,281500.0,4.78
14058,ACC00014058,7972,Loan,Active,2025-09-03,881700.0,12.65
14059,ACC00014059,5457,Savings,Active,2021-12-20,0.0,4.27
14060,ACC00014060,2285,Savings,Active,2024-04-04,0.0,2.92
14061,ACC00014061,1512,Savings,Closed,2018-08-23,0.0,4.91
14062,ACC00014062,6788,Savings,Active,2019-09-19,0.0,3.31
14063,ACC00014063,4421,Salary,Active,2022-07-23,0.0,4.73
14064,ACC00014064,500,Savings,Active,2021-01-26,0.0,3.33
14065,ACC00014065,7029,Loan,Active,2020-03-12,1495500.0,8.19
14066,ACC00014066,2559,Loan,Active,2023-12-07,193300.0,13.77
14067,ACC00014067,5755,Current,Active,2024-08-04,1019300.0,2.65
14068,ACC00014068,4481,Current,Active,2018-08-11,482000.0,2.54
14069,ACC00014069,2650,Loan,Active,2023-01-22,811400.0,9.89
14070,ACC00014070,5546,Current,Active,2025-11-14,1775800.0,2.62
14071,ACC00014071,9951,Savings,Active,2022-07-19,0.0,2.96
14072,ACC00014072,7254,Savings,Active,2024-07-05,0.0,3.97
14073,ACC00014073,7467,Current,Active,2019-05-07,641800.0,2.81
14074,ACC00014074,4111,Salary,Active,2019-11-26,0.0,4.73
14075,ACC00014075,3614,Current,Active,2019-08-05,1489500.0,4.55
14076,ACC00014076,8305,Loan,Active,2021-11-07,129900.0,13.27
14077,ACC00014077,1049,Current,Active,2019-06-17,1021000.0,3.25
14078,ACC00014078,4917,Current,Active,2025-05-01,870800.0,4.49
14079,ACC00014079,8122,Salary,Active,2021-08-01,0.0,3.96
14080,ACC00014080,1538,Savings,Active,2021-10-01,0.0,4.7
14081,ACC00014081,1089,Current,Active,2024-06-25,1430000.0,4.07
14082,ACC00014082,1965,Savings,Active,2022-10-29,0.0,2.68
14083,ACC00014083,8364,Savings,Closed,2023-04-27,0.0,4.99
14084,ACC00014084,4250,Savings,Active,2020-10-04,0.0,3.92
14085,ACC00014085,4179,Fixed Deposit,Active,2022-04-10,0.0,5.69
14086,ACC00014086,9375,Savings,Active,2023-11-16,0.0,3.4
14087,ACC00014087,7503,Current,Active,2019-01-28,1564600.0,3.97
14088,ACC00014088,5940,Savings,Active,2019-09-13,0.0,4.09
14089,ACC00014089,6522,Savings,Active,2024-04-10,0.0,4.5
14090,ACC00014090,5857,Savings,Active,2018-03-05,0.0,3.78
14091,ACC00014091,2442,Salary,Active,2025-08-03,0.0,3.29
14092,ACC00014092,9456,Salary,Active,2025-11-05,0.0,4.02
14093,ACC00014093,46,Loan,Active,2019-10-19,1043500.0,11.8
14094,ACC00014094,6229,Fixed Deposit,Closed,2023-06-01,0.0,6.47
14095,ACC00014095,1237,Salary,Active,2019-10-18,0.0,3.18
14096,ACC00014096,4331,Salary,Active,2019-04-08,0.0,3.3
14097,ACC00014097,2317,Savings,Dormant,2025-07-19,0.0,4.61
14098,ACC00014098,1459,Loan,Active,2021-10-13,1520900.0,13.35
14099,ACC00014099,984,Current,Active,2021-06-18,1385500.0,2.96
14100,ACC00014100,7940,Savings,Dormant,2021-10-27,0.0,2.92
14101,ACC00014101,7166,Savings,Active,2020-07-02,0.0,4.64
14102,ACC00014102,4767,Savings,Active,2018-07-22,0.0,4.43
14103,ACC00014103,5866,Savings,Active,2025-10-20,0.0,4.79
14104,ACC00014104,3993,Current,Active,2020-09-27,588000.0,3.09
14105,ACC00014105,2263,Savings,Active,2018-07-27,0.0,3.81
14106,ACC00014106,9611,Current,Active,2024-01-25,741700.0,3.47
14107,ACC00014107,4828,Savings,Active,2023-02-21,0.0,4.42
14108,ACC00014108,5245,Savings,Dormant,2025-04-12,0.0,3.9
14109,ACC00014109,4028,Savings,Closed,2024-01-09,0.0,4.64
14110,ACC00014110,2173,Savings,Active,2019-01-02,0.0,4.36
14111,ACC00014111,6848,Savings,Active,2021-05-02,0.0,3.57
14112,ACC00014112,2479,Savings,Closed,2023-04-21,0.0,3.46
14113,ACC00014113,176,Savings,Active,2020-01-08,0.0,4.6
14114,ACC00014114,8267,Salary,Active,2022-03-17,0.0,4.58
14115,ACC00014115,2801,Savings,Blocked,2020-07-08,0.0,2.77
14116,ACC00014116,2568,Salary,Dormant,2023-05-01,0.0,2.68
14117,ACC00014117,2100,Salary,Active,2024-12-10,0.0,2.94
14118,ACC00014118,6462,Savings,Active,2020-06-25,0.0,3.27
14119,ACC00014119,6798,Fixed Deposit,Active,2025-12-21,0.0,7.83
14120,ACC00014120,7237,Current,Active,2024-04-27,532200.0,3.61
14121,ACC00014121,4443,Salary,Active,2019-08-25,0.0,4.22
14122,ACC00014122,9136,Current,Active,2018-10-21,2000000.0,2.97
14123,ACC00014123,5772,Savings,Active,2025-04-12,0.0,3.07
14124,ACC00014124,4928,Savings,Dormant,2021-01-20,0.0,4.87
14125,ACC00014125,8180,Loan,Active,2019-04-05,956300.0,12.89
14126,ACC00014126,3208,Fixed Deposit,Closed,2020-10-19,0.0,6.02
14127,ACC00014127,1512,Fixed Deposit,Active,2023-07-12,0.0,7.04
14128,ACC00014128,1346,Savings,Active,2019-04-24,0.0,4.9
14129,ACC00014129,3789,Fixed Deposit,Active,2025-08-25,0.0,6.62
14130,ACC00014130,1745,Savings,Active,2018-02-26,0.0,3.82
14131,ACC00014131,7247,Savings,Active,2024-01-15,0.0,3.35
14132,ACC00014132,9100,Savings,Active,2021-09-02,0.0,2.58
14133,ACC00014133,6771,Savings,Active,2025-05-11,0.0,5.0
14134,ACC00014134,1410,Savings,Active,2021-03-27,0.0,4.79
14135,ACC00014135,7543,Salary,Active,2020-10-16,0.0,4.25
14136,ACC00014136,6279,Current,Active,2021-01-16,406100.0,3.32
14137,ACC00014137,4372,Fixed Deposit,Active,2022-12-05,0.0,7.49
14138,ACC00014138,4360,Fixed Deposit,Active,2019-10-03,0.0,6.33
14139,ACC00014139,6234,Savings,Closed,2021-12-26,0.0,3.32
14140,ACC00014140,4744,Savings,Active,2022-07-06,0.0,4.58
14141,ACC00014141,4894,Savings,Active,2021-09-04,0.0,4.35
14142,ACC00014142,8886,Current,Active,2024-02-23,830400.0,4.95
14143,ACC00014143,734,Fixed Deposit,Active,2022-05-11,0.0,7.06
14144,ACC00014144,6175,Savings,Active,2023-11-07,0.0,3.04
14145,ACC00014145,4100,Current,Active,2022-09-11,1154300.0,2.91
14146,ACC00014146,5214,Current,Active,2023-07-02,1562800.0,4.1
14147,ACC00014147,761,Savings,Active,2019-07-27,0.0,2.76
14148,ACC00014148,1558,Savings,Dormant,2023-01-09,0.0,3.29
14149,ACC00014149,9854,Salary,Closed,2022-09-12,0.0,4.69
14150,ACC00014150,5004,Savings,Active,2021-06-21,0.0,4.94
14151,ACC00014151,7710,Current,Active,2022-10-06,606500.0,3.67
14152,ACC00014152,9221,Fixed Deposit,Active,2024-09-13,0.0,8.45
14153,ACC00014153,891,Loan,Active,2021-12-20,1744700.0,10.62
14154,ACC00014154,6342,Fixed Deposit,Active,2022-12-23,0.0,8.31
14155,ACC00014155,2667,Savings,Active,2025-03-04,0.0,2.63
14156,ACC00014156,7787,Fixed Deposit,Active,2019-03-03,0.0,5.61
14157,ACC00014157,2467,Savings,Active,2024-10-20,0.0,3.03
14158,ACC00014158,5590,Savings,Active,2020-10-11,0.0,3.12
14159,ACC00014159,5043,Savings,Active,2023-07-03,0.0,4.94
14160,ACC00014160,590,Savings,Active,2021-10-26,0.0,4.27
14161,ACC00014161,8680,Fixed Deposit,Blocked,2023-11-04,0.0,5.61
14162,ACC00014162,9872,Salary,Closed,2023-02-26,0.0,3.32
14163,ACC00014163,6672,Salary,Active,2020-02-23,0.0,4.31
14164,ACC00014164,1556,Loan,Active,2021-09-14,1638800.0,10.09
14165,ACC00014165,2434,Salary,Active,2021-09-17,0.0,2.78
14166,ACC00014166,6907,Savings,Active,2022-01-14,0.0,3.13
14167,ACC00014167,6587,Savings,Active,2024-01-04,0.0,2.73
14168,ACC00014168,9686,Fixed Deposit,Dormant,2021-07-28,0.0,6.75
14169,ACC00014169,2309,Salary,Active,2021-12-30,0.0,4.9
14170,ACC00014170,3266,Current,Active,2025-06-01,318400.0,3.01
14171,ACC00014171,3239,Salary,Closed,2022-06-02,0.0,3.01
14172,ACC00014172,2092,Salary,Active,2024-02-15,0.0,4.52
14173,ACC00014173,8361,Salary,Active,2022-04-18,0.0,4.43
14174,ACC00014174,9056,Current,Active,2019-05-28,1727200.0,4.59
14175,ACC00014175,1598,Current,Active,2022-05-09,764500.0,2.54
14176,ACC00014176,6219,Fixed Deposit,Active,2022-10-10,0.0,5.95
14177,ACC00014177,794,Loan,Active,2019-03-14,825600.0,11.35
14178,ACC00014178,3123,Current,Active,2019-01-14,1283000.0,3.75
14179,ACC00014179,8655,Salary,Active,2025-06-23,0.0,4.34
14180,ACC00014180,8111,Current,Active,2025-03-19,1600000.0,3.76
14181,ACC00014181,3403,Savings,Active,2020-07-08,0.0,3.77
14182,ACC00014182,4465,Fixed Deposit,Active,2023-03-22,0.0,8.29
14183,ACC00014183,853,Savings,Active,2022-01-16,0.0,2.93
14184,ACC00014184,8044,Savings,Active,2021-03-23,0.0,3.5
14185,ACC00014185,7094,Current,Active,2025-09-14,314900.0,4.48
14186,ACC00014186,4917,Salary,Dormant,2023-06-17,0.0,4.35
14187,ACC00014187,7462,Fixed Deposit,Active,2025-12-19,0.0,6.36
14188,ACC00014188,4633,Savings,Active,2018-11-22,0.0,4.92
14189,ACC00014189,4199,Savings,Dormant,2024-08-29,0.0,2.79
14190,ACC00014190,9968,Savings,Active,2019-10-02,0.0,2.58
14191,ACC00014191,547,Current,Active,2025-05-09,369300.0,2.64
14192,ACC00014192,5705,Savings,Active,2024-05-10,0.0,2.75
14193,ACC00014193,9382,Savings,Active,2018-09-04,0.0,3.0
14194,ACC00014194,2494,Savings,Active,2024-01-04,0.0,2.96
14195,ACC00014195,3685,Current,Active,2019-10-16,1013600.0,4.34
14196,ACC00014196,3588,Fixed Deposit,Active,2025-11-13,0.0,5.91
14197,ACC00014197,413,Savings,Active,2025-02-11,0.0,3.36
14198,ACC00014198,2762,Fixed Deposit,Active,2020-04-20,0.0,8.15
14199,ACC00014199,9973,Loan,Blocked,2022-01-18,1705700.0,11.41
14200,ACC00014200,7761,Current,Active,2021-07-20,1867700.0,2.76
14201,ACC00014201,3530,Current,Active,2019-01-23,1566700.0,4.26
14202,ACC00014202,6506,Salary,Active,2022-05-23,0.0,4.59
14203,ACC00014203,8532,Salary,Active,2021-04-20,0.0,4.92
14204,ACC00014204,4551,Savings,Active,2024-10-06,0.0,4.78
14205,ACC00014205,9993,Fixed Deposit,Active,2024-09-10,0.0,6.62
14206,ACC00014206,7712,Savings,Active,2018-02-20,0.0,3.85
14207,ACC00014207,2332,Current,Active,2022-02-20,1469100.0,4.56
14208,ACC00014208,3134,Current,Closed,2023-06-21,1123600.0,3.4
14209,ACC00014209,3074,Fixed Deposit,Active,2025-07-04,0.0,8.35
14210,ACC00014210,2374,Savings,Closed,2025-11-09,0.0,4.36
14211,ACC00014211,6664,Salary,Active,2018-11-27,0.0,2.92
14212,ACC00014212,3212,Fixed Deposit,Active,2023-02-06,0.0,6.92
14213,ACC00014213,9107,Current,Active,2019-10-30,957700.0,4.89
14214,ACC00014214,2939,Fixed Deposit,Active,2021-09-21,0.0,5.89
14215,ACC00014215,3808,Fixed Deposit,Active,2022-03-09,0.0,7.72
14216,ACC00014216,156,Savings,Active,2023-06-04,0.0,4.15
14217,ACC00014217,7813,Fixed Deposit,Active,2023-10-05,0.0,7.09
14218,ACC00014218,7339,Salary,Active,2019-06-05,0.0,3.8
14219,ACC00014219,4465,Fixed Deposit,Active,2023-05-11,0.0,6.2
14220,ACC00014220,8204,Savings,Active,2020-05-12,0.0,4.46
14221,ACC00014221,4933,Savings,Active,2020-02-01,0.0,3.96
14222,ACC00014222,9493,Current,Active,2020-09-17,653700.0,4.91
14223,ACC00014223,1080,Salary,Active,2020-09-07,0.0,3.82
14224,ACC00014224,5655,Loan,Dormant,2023-02-04,511300.0,8.85
14225,ACC00014225,5894,Savings,Active,2018-10-29,0.0,2.87
14226,ACC00014226,1955,Current,Active,2019-10-21,267600.0,2.86
14227,ACC00014227,8187,Current,Closed,2018-08-01,480100.0,3.57
14228,ACC00014228,3461,Loan,Active,2025-12-19,953100.0,11.28
14229,ACC00014229,2642,Savings,Active,2025-12-26,0.0,4.32
14230,ACC00014230,2901,Savings,Active,2024-07-08,0.0,4.55
14231,ACC00014231,7720,Current,Active,2024-12-21,1428200.0,2.53
14232,ACC00014232,5373,Salary,Active,2019-03-11,0.0,3.45
14233,ACC00014233,2247,Loan,Active,2019-07-31,1294300.0,11.25
14234,ACC00014234,6620,Current,Active,2022-04-08,926600.0,4.7
14235,ACC00014235,6115,Salary,Active,2018-11-12,0.0,4.48
14236,ACC00014236,1426,Savings,Closed,2019-04-23,0.0,3.78
14237,ACC00014237,7892,Salary,Active,2019-02-07,0.0,4.69
14238,ACC00014238,5594,Savings,Active,2023-04-18,0.0,4.2
14239,ACC00014239,6242,Current,Active,2025-11-26,70300.0,4.47
14240,ACC00014240,2279,Savings,Active,2023-07-22,0.0,3.73
14241,ACC00014241,229,Savings,Active,2021-09-15,0.0,4.62
14242,ACC00014242,9934,Fixed Deposit,Active,2022-02-12,0.0,5.53
14243,ACC00014243,4601,Savings,Active,2023-07-31,0.0,2.84
14244,ACC00014244,3938,Savings,Active,2024-09-11,0.0,2.72
14245,ACC00014245,8660,Savings,Active,2023-05-25,0.0,3.8
14246,ACC00014246,5907,Current,Active,2021-08-12,1178100.0,3.26
14247,ACC00014247,4234,Salary,Active,2022-04-02,0.0,3.29
14248,ACC00014248,6322,Savings,Active,2018-09-11,0.0,2.74
14249,ACC00014249,1826,Current,Active,2018-06-16,382100.0,3.47
14250,ACC00014250,2483,Salary,Closed,2019-08-13,0.0,2.75
14251,ACC00014251,2888,Loan,Closed,2025-05-13,1796000.0,9.71
14252,ACC00014252,9523,Savings,Blocked,2019-07-11,0.0,2.8
14253,ACC00014253,2730,Savings,Active,2025-03-21,0.0,3.78
14254,ACC00014254,6482,Savings,Active,2024-02-16,0.0,4.45
14255,ACC00014255,7995,Current,Closed,2024-08-25,1635700.0,3.91
14256,ACC00014256,9847,Salary,Closed,2025-09-29,0.0,2.77
14257,ACC00014257,2609,Savings,Active,2019-03-16,0.0,3.47
14258,ACC00014258,2351,Savings,Active,2024-09-18,0.0,4.76
14259,ACC00014259,3993,Current,Active,2020-03-05,1656500.0,3.34
14260,ACC00014260,1902,Savings,Dormant,2024-05-22,0.0,3.87
14261,ACC00014261,7663,Loan,Active,2022-08-22,1293800.0,9.42
14262,ACC00014262,4238,Salary,Active,2020-11-13,0.0,2.96
14263,ACC00014263,5100,Current,Active,2024-02-05,1536700.0,4.9
14264,ACC00014264,6170,Salary,Active,2020-05-09,0.0,4.26
14265,ACC00014265,9947,Savings,Active,2018-11-26,0.0,3.95
14266,ACC00014266,6456,Fixed Deposit,Active,2018-04-20,0.0,6.01
14267,ACC00014267,978,Savings,Active,2025-12-18,0.0,3.08
14268,ACC00014268,2258,Savings,Active,2022-08-25,0.0,3.23
14269,ACC00014269,6350,Fixed Deposit,Active,2019-06-15,0.0,7.28
14270,ACC00014270,5959,Salary,Active,2024-05-09,0.0,4.33
14271,ACC00014271,4357,Savings,Active,2024-10-20,0.0,4.86
14272,ACC00014272,1128,Loan,Active,2020-07-18,373500.0,8.25
14273,ACC00014273,4669,Loan,Active,2021-11-22,217300.0,12.74
14274,ACC00014274,7168,Current,Active,2023-05-02,1338300.0,4.45
14275,ACC00014275,305,Savings,Active,2022-03-27,0.0,4.51
14276,ACC00014276,8290,Current,Active,2025-05-01,1290500.0,3.96
14277,ACC00014277,6212,Salary,Active,2023-05-12,0.0,2.82
14278,ACC00014278,8253,Savings,Active,2024-12-10,0.0,2.73
14279,ACC00014279,6410,Savings,Active,2023-01-20,0.0,3.21
14280,ACC00014280,2685,Savings,Active,2019-01-26,0.0,3.34
14281,ACC00014281,701,Current,Active,2018-05-26,1132400.0,4.04
14282,ACC00014282,1240,Savings,Active,2020-07-17,0.0,3.22
14283,ACC00014283,8691,Savings,Active,2019-06-07,0.0,3.06
14284,ACC00014284,7531,Current,Active,2022-09-09,514900.0,3.12
14285,ACC00014285,92,Savings,Active,2020-01-16,0.0,2.71
14286,ACC00014286,2242,Current,Active,2020-09-25,358800.0,3.62
14287,ACC00014287,5563,Salary,Dormant,2019-07-21,0.0,3.15
14288,ACC00014288,1197,Savings,Active,2024-08-06,0.0,2.87
14289,ACC00014289,2841,Salary,Active,2022-05-05,0.0,4.49
14290,ACC00014290,8451,Savings,Active,2022-09-19,0.0,4.09
14291,ACC00014291,5209,Salary,Active,2019-06-11,0.0,3.38
14292,ACC00014292,7796,Savings,Active,2020-07-22,0.0,3.6
14293,ACC00014293,4665,Current,Active,2022-10-29,1107000.0,3.21
14294,ACC00014294,2628,Savings,Active,2018-06-23,0.0,4.98
14295,ACC00014295,1154,Savings,Active,2021-01-31,0.0,3.1
14296,ACC00014296,3078,Savings,Active,2019-01-17,0.0,3.96
14297,ACC00014297,4217,Salary,Active,2020-12-22,0.0,4.91
14298,ACC00014298,7907,Savings,Active,2018-08-08,0.0,4.28
14299,ACC00014299,375,Savings,Active,2019-10-08,0.0,4.78
14300,ACC00014300,5691,Salary,Active,2022-04-15,0.0,3.38
14301,ACC00014301,3094,Savings,Active,2024-07-29,0.0,3.4
14302,ACC00014302,5361,Current,Active,2019-01-12,1930500.0,4.02
14303,ACC00014303,6670,Savings,Active,2022-09-29,0.0,3.33
14304,ACC00014304,5102,Salary,Active,2021-11-21,0.0,3.91
14305,ACC00014305,6058,Loan,Active,2023-04-04,745900.0,8.31
14306,ACC00014306,5959,Loan,Active,2021-03-14,1414700.0,14.42
14307,ACC00014307,8901,Current,Active,2024-12-25,439600.0,4.15
14308,ACC00014308,1827,Savings,Blocked,2021-10-18,0.0,2.64
14309,ACC00014309,9073,Loan,Active,2022-09-15,1940400.0,10.1
14310,ACC00014310,1401,Fixed Deposit,Active,2021-10-31,0.0,6.01
14311,ACC00014311,8540,Savings,Dormant,2023-12-03,0.0,3.71
14312,ACC00014312,9317,Savings,Active,2019-10-04,0.0,2.55
14313,ACC00014313,200,Savings,Dormant,2022-11-02,0.0,3.28
14314,ACC00014314,6090,Loan,Active,2024-03-20,502600.0,11.12
14315,ACC00014315,3374,Savings,Active,2023-01-17,0.0,3.5
14316,ACC00014316,5834,Savings,Active,2023-01-25,0.0,4.43
14317,ACC00014317,9299,Fixed Deposit,Active,2025-01-25,0.0,5.7
14318,ACC00014318,4384,Current,Active,2019-05-23,1114300.0,3.47
14319,ACC00014319,6542,Current,Active,2025-05-22,838200.0,4.18
14320,ACC00014320,1048,Savings,Active,2018-01-16,0.0,2.64
14321,ACC00014321,1298,Savings,Active,2022-02-10,0.0,4.19
14322,ACC00014322,503,Savings,Dormant,2024-07-29,0.0,4.65
14323,ACC00014323,1910,Current,Active,2021-06-23,674000.0,2.81
14324,ACC00014324,8987,Fixed Deposit,Active,2023-06-21,0.0,8.27
14325,ACC00014325,7954,Salary,Active,2024-12-02,0.0,2.59
14326,ACC00014326,7550,Salary,Active,2021-02-15,0.0,4.66
14327,ACC00014327,1348,Savings,Active,2021-10-01,0.0,3.73
14328,ACC00014328,3485,Current,Active,2018-07-23,714600.0,3.37
14329,ACC00014329,5251,Savings,Closed,2022-07-30,0.0,4.0
14330,ACC00014330,3153,Savings,Active,2025-01-08,0.0,4.96
14331,ACC00014331,839,Savings,Active,2024-09-10,0.0,3.08
14332,ACC00014332,3581,Fixed Deposit,Active,2025-05-27,0.0,8.25
14333,ACC00014333,9091,Fixed Deposit,Active,2019-11-28,0.0,6.07
14334,ACC00014334,4557,Fixed Deposit,Active,2024-01-24,0.0,7.75
14335,ACC00014335,6930,Savings,Active,2023-11-14,0.0,4.71
14336,ACC00014336,2174,Savings,Active,2019-11-04,0.0,4.45
14337,ACC00014337,7254,Savings,Active,2021-05-30,0.0,2.55
14338,ACC00014338,9389,Fixed Deposit,Active,2021-02-16,0.0,5.9
14339,ACC00014339,1676,Savings,Dormant,2024-10-05,0.0,4.28
14340,ACC00014340,3111,Salary,Closed,2025-08-08,0.0,3.84
14341,ACC00014341,2994,Fixed Deposit,Active,2023-01-28,0.0,6.53
14342,ACC00014342,4798,Current,Dormant,2024-07-27,1576800.0,3.86
14343,ACC00014343,3767,Savings,Dormant,2021-05-25,0.0,2.77
14344,ACC00014344,8979,Current,Active,2024-10-03,1257700.0,4.68
14345,ACC00014345,5550,Salary,Active,2024-12-17,0.0,4.3
14346,ACC00014346,2142,Salary,Active,2023-03-07,0.0,3.25
14347,ACC00014347,8822,Current,Active,2019-11-11,763200.0,4.83
14348,ACC00014348,6709,Current,Dormant,2022-05-16,1400300.0,4.55
14349,ACC00014349,1388,Savings,Active,2021-04-29,0.0,3.57
14350,ACC00014350,6012,Savings,Active,2025-03-11,0.0,4.9
14351,ACC00014351,9863,Fixed Deposit,Active,2021-06-05,0.0,5.83
14352,ACC00014352,4496,Savings,Active,2020-02-01,0.0,2.79
14353,ACC00014353,1114,Salary,Active,2022-05-01,0.0,4.85
14354,ACC00014354,1172,Savings,Active,2025-07-23,0.0,4.16
14355,ACC00014355,4228,Savings,Active,2023-10-31,0.0,2.56
14356,ACC00014356,899,Savings,Active,2019-05-02,0.0,3.18
14357,ACC00014357,2419,Savings,Blocked,2019-05-21,0.0,3.68
14358,ACC00014358,8301,Savings,Active,2020-09-19,0.0,3.25
14359,ACC00014359,3890,Loan,Dormant,2019-11-19,1847900.0,10.45
14360,ACC00014360,7734,Savings,Active,2020-04-24,0.0,4.48
14361,ACC00014361,3512,Savings,Active,2022-07-13,0.0,2.86
14362,ACC00014362,373,Current,Active,2020-11-01,581700.0,4.51
14363,ACC00014363,8834,Fixed Deposit,Closed,2021-11-11,0.0,6.08
14364,ACC00014364,1221,Loan,Active,2020-02-27,1408200.0,10.13
14365,ACC00014365,1550,Current,Active,2018-04-09,1580300.0,4.18
14366,ACC00014366,2860,Loan,Active,2018-07-31,227700.0,11.82
14367,ACC00014367,6630,Loan,Active,2021-04-26,251400.0,8.44
14368,ACC00014368,6831,Current,Active,2024-07-11,1623700.0,2.8
14369,ACC00014369,7004,Savings,Active,2022-04-25,0.0,4.56
14370,ACC00014370,5377,Current,Dormant,2022-11-08,553400.0,3.1
14371,ACC00014371,5479,Current,Active,2019-11-04,650200.0,2.69
14372,ACC00014372,4377,Current,Active,2023-09-05,1840400.0,4.28
14373,ACC00014373,4472,Savings,Active,2023-05-21,0.0,4.21
14374,ACC00014374,4666,Salary,Blocked,2018-02-17,0.0,4.2
14375,ACC00014375,9886,Current,Active,2023-10-11,1186000.0,4.68
14376,ACC00014376,2831,Current,Active,2023-04-20,662900.0,4.22
14377,ACC00014377,2271,Savings,Dormant,2024-12-05,0.0,4.26
14378,ACC00014378,6827,Savings,Active,2024-09-28,0.0,3.51
14379,ACC00014379,5593,Salary,Closed,2021-05-27,0.0,4.73
14380,ACC00014380,6781,Savings,Active,2018-11-14,0.0,4.55
14381,ACC00014381,238,Fixed Deposit,Active,2022-06-14,0.0,7.62
14382,ACC00014382,4314,Savings,Active,2025-09-12,0.0,3.25
14383,ACC00014383,5264,Loan,Closed,2025-01-29,1473900.0,9.79
14384,ACC00014384,248,Current,Active,2019-09-20,1995500.0,4.6
14385,ACC00014385,3739,Savings,Active,2022-04-03,0.0,3.41
14386,ACC00014386,7761,Current,Active,2021-06-14,915400.0,3.38
14387,ACC00014387,3351,Current,Active,2020-06-19,87700.0,4.37
14388,ACC00014388,8540,Salary,Active,2025-01-08,0.0,3.4
14389,ACC00014389,3546,Savings,Active,2019-04-23,0.0,4.58
14390,ACC00014390,4082,Current,Active,2023-04-11,1883600.0,2.65
14391,ACC00014391,2611,Savings,Active,2018-01-09,0.0,3.92
14392,ACC00014392,2380,Loan,Closed,2023-06-18,1324500.0,9.49
14393,ACC00014393,1961,Savings,Dormant,2024-03-18,0.0,4.04
14394,ACC00014394,6620,Savings,Closed,2022-01-10,0.0,2.61
14395,ACC00014395,1419,Current,Active,2022-01-04,1961200.0,3.05
14396,ACC00014396,7142,Loan,Active,2020-11-25,665700.0,7.96
14397,ACC00014397,6637,Salary,Active,2019-09-02,0.0,3.03
14398,ACC00014398,907,Current,Active,2020-06-10,1655300.0,3.19
14399,ACC00014399,1999,Fixed Deposit,Active,2023-03-15,0.0,7.7
14400,ACC00014400,5530,Savings,Active,2018-01-13,0.0,4.82
14401,ACC00014401,4506,Savings,Active,2018-10-02,0.0,4.79
14402,ACC00014402,3351,Savings,Active,2024-02-29,0.0,2.87
14403,ACC00014403,8139,Savings,Active,2020-07-14,0.0,3.65
14404,ACC00014404,6020,Savings,Active,2020-11-25,0.0,3.17
14405,ACC00014405,4468,Savings,Active,2024-04-26,0.0,2.74
14406,ACC00014406,8906,Savings,Active,2021-12-08,0.0,4.43
14407,ACC00014407,1533,Current,Active,2021-04-27,799700.0,2.94
14408,ACC00014408,8426,Current,Active,2024-01-17,353300.0,2.83
14409,ACC00014409,4129,Salary,Closed,2018-03-15,0.0,4.17
14410,ACC00014410,4731,Savings,Active,2022-11-06,0.0,3.14
14411,ACC00014411,5559,Current,Active,2018-10-28,390700.0,3.38
14412,ACC00014412,3780,Savings,Active,2024-05-23,0.0,3.34
14413,ACC00014413,5860,Savings,Active,2019-11-27,0.0,3.74
14414,ACC00014414,7176,Loan,Active,2022-11-06,165300.0,14.04
14415,ACC00014415,8662,Fixed Deposit,Active,2024-06-03,0.0,7.57
14416,ACC00014416,1374,Current,Closed,2018-03-28,1241000.0,3.65
14417,ACC00014417,8313,Loan,Closed,2021-10-31,1400600.0,7.69
14418,ACC00014418,6800,Savings,Blocked,2020-10-18,0.0,4.56
14419,ACC00014419,9182,Loan,Active,2021-01-03,1262500.0,13.23
14420,ACC00014420,9628,Savings,Active,2018-02-22,0.0,4.22
14421,ACC00014421,2467,Salary,Closed,2024-06-04,0.0,3.21
14422,ACC00014422,8329,Current,Active,2022-12-21,1270900.0,3.0
14423,ACC00014423,8742,Fixed Deposit,Active,2020-07-07,0.0,7.37
14424,ACC00014424,9897,Current,Active,2020-09-12,894300.0,4.13
14425,ACC00014425,6222,Savings,Active,2018-05-27,0.0,4.91
14426,ACC00014426,4576,Savings,Active,2021-12-17,0.0,3.47
14427,ACC00014427,3879,Salary,Active,2021-11-29,0.0,2.57
14428,ACC00014428,6302,Fixed Deposit,Active,2024-10-14,0.0,5.93
14429,ACC00014429,4682,Current,Active,2018-05-18,908100.0,3.06
14430,ACC00014430,7974,Fixed Deposit,Active,2022-02-28,0.0,7.56
14431,ACC00014431,4933,Savings,Active,2018-02-28,0.0,3.8
14432,ACC00014432,7163,Current,Active,2025-12-18,1031200.0,3.38
14433,ACC00014433,44,Current,Active,2023-07-31,419500.0,2.75
14434,ACC00014434,4600,Fixed Deposit,Active,2018-10-24,0.0,6.08
14435,ACC00014435,5356,Loan,Active,2023-06-06,423600.0,8.58
14436,ACC00014436,9251,Savings,Active,2023-01-01,0.0,2.85
14437,ACC00014437,1946,Current,Active,2025-05-27,176900.0,2.7
14438,ACC00014438,1912,Savings,Active,2021-08-06,0.0,3.31
14439,ACC00014439,6729,Current,Active,2020-07-18,580000.0,3.34
14440,ACC00014440,1717,Fixed Deposit,Active,2021-06-06,0.0,6.37
14441,ACC00014441,7664,Salary,Active,2018-02-13,0.0,4.0
14442,ACC00014442,9223,Current,Active,2018-09-06,266900.0,3.6
14443,ACC00014443,4877,Current,Active,2023-12-22,1441700.0,3.63
14444,ACC00014444,7764,Fixed Deposit,Active,2019-08-17,0.0,5.68
14445,ACC00014445,9971,Fixed Deposit,Active,2022-07-13,0.0,7.56
14446,ACC00014446,3773,Savings,Active,2021-09-12,0.0,4.52
14447,ACC00014447,5854,Savings,Active,2024-06-17,0.0,3.41
14448,ACC00014448,9715,Savings,Active,2023-03-09,0.0,3.03
14449,ACC00014449,1577,Savings,Closed,2022-08-16,0.0,4.17
14450,ACC00014450,8411,Loan,Blocked,2019-04-12,873200.0,8.27
14451,ACC00014451,7390,Loan,Active,2023-12-04,54100.0,8.86
14452,ACC00014452,681,Loan,Active,2025-11-07,1248700.0,11.71
14453,ACC00014453,7320,Current,Dormant,2024-04-13,527600.0,3.85
14454,ACC00014454,2334,Current,Closed,2019-08-23,493700.0,3.41
14455,ACC00014455,385,Savings,Active,2025-08-15,0.0,4.77
14456,ACC00014456,2328,Salary,Dormant,2024-04-22,0.0,3.92
14457,ACC00014457,2998,Fixed Deposit,Active,2022-08-20,0.0,5.62
14458,ACC00014458,7816,Fixed Deposit,Dormant,2020-01-08,0.0,7.92
14459,ACC00014459,8401,Salary,Active,2025-11-23,0.0,3.76
14460,ACC00014460,95,Savings,Active,2023-05-18,0.0,4.37
14461,ACC00014461,7876,Current,Active,2023-09-22,349600.0,3.21
14462,ACC00014462,866,Savings,Active,2021-12-19,0.0,3.71
14463,ACC00014463,116,Fixed Deposit,Closed,2024-09-18,0.0,7.2
14464,ACC00014464,3155,Loan,Active,2023-03-18,1997200.0,9.66
14465,ACC00014465,9550,Loan,Dormant,2021-08-26,1049000.0,12.05
14466,ACC00014466,7001,Loan,Active,2022-10-16,951600.0,12.05
14467,ACC00014467,1409,Savings,Dormant,2021-03-13,0.0,4.73
14468,ACC00014468,3839,Savings,Active,2025-02-16,0.0,4.99
14469,ACC00014469,2939,Savings,Active,2025-09-22,0.0,2.52
14470,ACC00014470,9110,Salary,Active,2024-05-09,0.0,3.37
14471,ACC00014471,5870,Loan,Active,2023-12-22,1867400.0,11.48
14472,ACC00014472,8116,Savings,Active,2020-04-15,0.0,4.78
14473,ACC00014473,611,Current,Active,2019-12-28,1839200.0,3.45
14474,ACC00014474,3316,Savings,Active,2023-06-29,0.0,4.21
14475,ACC00014475,1761,Salary,Active,2021-11-05,0.0,4.52
14476,ACC00014476,5562,Fixed Deposit,Active,2023-05-27,0.0,6.94
14477,ACC00014477,8739,Savings,Active,2018-11-03,0.0,4.74
14478,ACC00014478,7884,Salary,Active,2020-05-05,0.0,2.95
14479,ACC00014479,9287,Savings,Closed,2023-02-04,0.0,2.7
14480,ACC00014480,2692,Loan,Active,2019-11-07,1213400.0,10.01
14481,ACC00014481,9292,Savings,Blocked,2019-01-22,0.0,3.02
14482,ACC00014482,8007,Salary,Active,2022-02-17,0.0,2.97
14483,ACC00014483,3246,Savings,Active,2024-04-03,0.0,3.77
14484,ACC00014484,8015,Salary,Active,2020-06-26,0.0,3.29
14485,ACC00014485,9030,Loan,Dormant,2023-12-08,1647500.0,10.46
14486,ACC00014486,5585,Fixed Deposit,Active,2021-05-08,0.0,7.01
14487,ACC00014487,9095,Savings,Active,2019-05-20,0.0,4.26
14488,ACC00014488,4964,Savings,Active,2018-07-10,0.0,2.8
14489,ACC00014489,7495,Loan,Active,2023-05-26,78200.0,13.55
14490,ACC00014490,678,Savings,Closed,2020-10-12,0.0,4.5
14491,ACC00014491,2084,Savings,Active,2019-06-30,0.0,4.18
14492,ACC00014492,3512,Savings,Active,2021-01-28,0.0,2.65
14493,ACC00014493,6113,Current,Active,2021-02-21,447800.0,4.73
14494,ACC00014494,1047,Savings,Active,2025-01-10,0.0,3.29
14495,ACC00014495,8412,Savings,Active,2020-04-25,0.0,4.09
14496,ACC00014496,3617,Current,Active,2024-09-20,1415000.0,3.95
14497,ACC00014497,6678,Savings,Active,2024-08-07,0.0,3.01
14498,ACC00014498,2237,Fixed Deposit,Active,2020-06-04,0.0,7.17
14499,ACC00014499,5572,Current,Dormant,2025-11-15,59700.0,3.54
14500,ACC00014500,4795,Current,Active,2025-11-25,1978800.0,4.75
14501,ACC00014501,4304,Loan,Active,2018-04-11,445800.0,11.77
14502,ACC00014502,5362,Savings,Active,2021-02-05,0.0,3.03
14503,ACC00014503,7229,Current,Active,2021-03-15,495100.0,3.95
14504,ACC00014504,8845,Savings,Dormant,2021-06-05,0.0,4.53
14505,ACC00014505,7887,Fixed Deposit,Active,2019-12-05,0.0,6.73
14506,ACC00014506,2273,Savings,Blocked,2024-08-22,0.0,3.35
14507,ACC00014507,6622,Current,Active,2025-04-04,1129700.0,3.39
14508,ACC00014508,3000,Current,Active,2018-01-28,754800.0,3.26
14509,ACC00014509,727,Fixed Deposit,Active,2021-01-07,0.0,5.75
14510,ACC00014510,7018,Salary,Active,2022-07-23,0.0,3.79
14511,ACC00014511,818,Savings,Active,2024-10-01,0.0,3.29
14512,ACC00014512,2217,Savings,Active,2025-07-02,0.0,4.28
14513,ACC00014513,5497,Fixed Deposit,Active,2018-07-15,0.0,8.36
14514,ACC00014514,3269,Loan,Active,2023-05-06,552200.0,12.51
14515,ACC00014515,4797,Salary,Blocked,2020-03-21,0.0,3.26
14516,ACC00014516,748,Savings,Active,2019-06-16,0.0,3.44
14517,ACC00014517,8375,Savings,Active,2020-02-16,0.0,3.72
14518,ACC00014518,7952,Current,Active,2024-08-16,1644000.0,4.73
14519,ACC00014519,4595,Savings,Active,2021-10-26,0.0,4.61
14520,ACC00014520,1179,Savings,Active,2018-06-18,0.0,4.27
14521,ACC00014521,5751,Savings,Active,2018-10-04,0.0,2.72
14522,ACC00014522,6625,Loan,Closed,2023-11-22,1153300.0,12.17
14523,ACC00014523,1623,Salary,Active,2023-06-23,0.0,4.57
14524,ACC00014524,8717,Current,Active,2020-04-12,1095400.0,4.41
14525,ACC00014525,6778,Fixed Deposit,Active,2022-09-04,0.0,7.25
14526,ACC00014526,480,Savings,Active,2021-04-02,0.0,3.2
14527,ACC00014527,5687,Current,Active,2023-03-11,1172500.0,3.59
14528,ACC00014528,3560,Savings,Closed,2023-08-28,0.0,4.75
14529,ACC00014529,9295,Current,Active,2023-01-10,73400.0,3.66
14530,ACC00014530,2362,Fixed Deposit,Active,2025-12-29,0.0,7.74
14531,ACC00014531,1186,Salary,Dormant,2020-01-21,0.0,3.46
14532,ACC00014532,2692,Current,Active,2019-04-14,1923900.0,4.26
14533,ACC00014533,7158,Current,Active,2025-09-25,717100.0,4.36
14534,ACC00014534,7497,Current,Active,2018-05-04,1983500.0,2.79
14535,ACC00014535,2740,Current,Active,2018-08-17,67600.0,3.1
14536,ACC00014536,9992,Current,Active,2018-12-10,164400.0,4.39
14537,ACC00014537,2516,Current,Closed,2020-08-22,1343400.0,4.58
14538,ACC00014538,784,Current,Active,2025-07-08,1288200.0,3.73
14539,ACC00014539,148,Current,Active,2019-08-12,1107600.0,3.57
14540,ACC00014540,9032,Savings,Active,2021-12-13,0.0,2.62
14541,ACC00014541,285,Current,Active,2024-12-25,235100.0,3.18
14542,ACC00014542,3859,Fixed Deposit,Closed,2025-01-02,0.0,5.73
14543,ACC00014543,4645,Loan,Active,2018-08-06,1560100.0,12.28
14544,ACC00014544,6723,Salary,Active,2021-09-03,0.0,4.53
14545,ACC00014545,8319,Fixed Deposit,Active,2021-11-29,0.0,6.31
14546,ACC00014546,1599,Savings,Closed,2021-06-28,0.0,4.07
14547,ACC00014547,2057,Loan,Active,2018-05-31,1570600.0,12.84
14548,ACC00014548,8712,Savings,Dormant,2018-05-19,0.0,3.57
14549,ACC00014549,6355,Loan,Active,2020-06-06,1248100.0,10.64
14550,ACC00014550,456,Savings,Dormant,2022-04-25,0.0,2.91
14551,ACC00014551,5167,Savings,Active,2023-08-17,0.0,2.67
14552,ACC00014552,7197,Fixed Deposit,Active,2025-05-11,0.0,7.31
14553,ACC00014553,5516,Savings,Active,2022-03-07,0.0,4.99
14554,ACC00014554,3121,Fixed Deposit,Active,2025-08-19,0.0,5.66
14555,ACC00014555,3696,Savings,Active,2019-11-23,0.0,3.95
14556,ACC00014556,5441,Savings,Active,2021-04-14,0.0,3.39
14557,ACC00014557,9319,Savings,Active,2024-09-18,0.0,2.91
14558,ACC00014558,5128,Loan,Active,2020-09-16,428100.0,7.7
14559,ACC00014559,1659,Savings,Active,2019-01-11,0.0,4.57
14560,ACC00014560,5907,Savings,Active,2019-10-09,0.0,2.99
14561,ACC00014561,5870,Savings,Active,2022-10-04,0.0,4.93
14562,ACC00014562,2972,Savings,Active,2022-04-06,0.0,3.15
14563,ACC00014563,818,Savings,Active,2023-06-06,0.0,3.92
14564,ACC00014564,5986,Savings,Active,2023-09-02,0.0,3.01
14565,ACC00014565,3658,Savings,Active,2023-05-23,0.0,4.86
14566,ACC00014566,10,Loan,Active,2022-02-07,318900.0,11.3
14567,ACC00014567,4053,Current,Active,2020-11-04,1570000.0,4.47
14568,ACC00014568,4674,Savings,Active,2022-09-05,0.0,2.67
14569,ACC00014569,9855,Savings,Active,2021-10-04,0.0,4.06
14570,ACC00014570,9968,Savings,Active,2025-07-06,0.0,4.12
14571,ACC00014571,7939,Savings,Dormant,2019-06-12,0.0,3.39
14572,ACC00014572,9882,Savings,Active,2021-10-05,0.0,3.16
14573,ACC00014573,9256,Loan,Active,2020-06-21,1016500.0,13.6
14574,ACC00014574,7769,Loan,Active,2025-07-10,1529500.0,13.07
14575,ACC00014575,9573,Current,Active,2024-01-06,121800.0,3.63
14576,ACC00014576,2659,Fixed Deposit,Active,2024-08-30,0.0,5.85
14577,ACC00014577,3758,Savings,Active,2019-10-16,0.0,3.65
14578,ACC00014578,5915,Savings,Closed,2019-07-02,0.0,3.25
14579,ACC00014579,2022,Current,Closed,2024-04-08,1090900.0,2.6
14580,ACC00014580,8263,Savings,Active,2018-11-20,0.0,4.3
14581,ACC00014581,8870,Current,Dormant,2020-07-21,1657200.0,4.33
14582,ACC00014582,5780,Fixed Deposit,Active,2025-11-07,0.0,8.48
14583,ACC00014583,9074,Salary,Active,2019-03-26,0.0,2.82
14584,ACC00014584,8669,Savings,Active,2025-12-09,0.0,4.12
14585,ACC00014585,4021,Fixed Deposit,Active,2019-06-02,0.0,8.38
14586,ACC00014586,8341,Salary,Active,2019-04-25,0.0,4.21
14587,ACC00014587,2282,Loan,Active,2021-03-28,1712900.0,12.88
14588,ACC00014588,9653,Current,Active,2023-06-20,188900.0,4.77
14589,ACC00014589,5551,Loan,Active,2020-12-21,846500.0,12.76
14590,ACC00014590,2288,Current,Active,2020-12-24,1191700.0,3.22
14591,ACC00014591,2795,Current,Active,2023-12-22,1580700.0,4.31
14592,ACC00014592,7873,Savings,Active,2024-02-07,0.0,4.98
14593,ACC00014593,8036,Loan,Active,2022-10-28,1249400.0,8.72
14594,ACC00014594,1872,Savings,Active,2021-05-16,0.0,2.88
14595,ACC00014595,4165,Fixed Deposit,Active,2025-08-09,0.0,6.25
14596,ACC00014596,5783,Savings,Active,2023-02-03,0.0,3.21
14597,ACC00014597,9987,Loan,Active,2018-06-13,1373900.0,10.24
14598,ACC00014598,3346,Loan,Active,2020-02-17,624400.0,7.57
14599,ACC00014599,3187,Savings,Active,2020-10-30,0.0,4.72
14600,ACC00014600,2307,Salary,Active,2019-11-17,0.0,4.67
14601,ACC00014601,7304,Savings,Active,2022-05-07,0.0,3.04
14602,ACC00014602,3091,Savings,Active,2021-08-07,0.0,2.96
14603,ACC00014603,7942,Savings,Closed,2021-01-18,0.0,3.77
14604,ACC00014604,2608,Savings,Active,2024-07-29,0.0,2.54
14605,ACC00014605,3294,Savings,Active,2018-08-07,0.0,3.12
14606,ACC00014606,2232,Current,Active,2025-05-23,1427300.0,2.96
14607,ACC00014607,2374,Current,Active,2025-10-27,1743200.0,3.28
14608,ACC00014608,6461,Savings,Active,2021-03-20,0.0,3.36
14609,ACC00014609,7344,Savings,Active,2022-10-24,0.0,2.81
14610,ACC00014610,5290,Salary,Active,2024-10-23,0.0,3.01
14611,ACC00014611,3061,Savings,Active,2019-05-18,0.0,4.27
14612,ACC00014612,1576,Savings,Active,2022-10-27,0.0,4.92
14613,ACC00014613,1771,Savings,Active,2021-10-17,0.0,2.52
14614,ACC00014614,8469,Fixed Deposit,Active,2024-04-13,0.0,7.42
14615,ACC00014615,5419,Fixed Deposit,Active,2025-07-20,0.0,7.25
14616,ACC00014616,2510,Savings,Active,2023-08-27,0.0,3.44
14617,ACC00014617,6458,Fixed Deposit,Active,2023-01-20,0.0,7.78
14618,ACC00014618,6092,Savings,Active,2020-10-16,0.0,3.16
14619,ACC00014619,7695,Savings,Active,2024-07-02,0.0,3.18
14620,ACC00014620,2749,Current,Active,2025-04-14,719000.0,3.47
14621,ACC00014621,4726,Loan,Active,2020-09-15,585300.0,10.72
14622,ACC00014622,8291,Savings,Active,2023-06-10,0.0,4.26
14623,ACC00014623,4259,Savings,Active,2018-04-30,0.0,2.71
14624,ACC00014624,6826,Savings,Active,2019-07-13,0.0,3.51
14625,ACC00014625,42,Salary,Active,2018-01-30,0.0,3.12
14626,ACC00014626,4148,Fixed Deposit,Active,2021-02-02,0.0,5.94
14627,ACC00014627,5733,Fixed Deposit,Active,2019-11-09,0.0,5.64
14628,ACC00014628,1564,Savings,Active,2021-08-23,0.0,2.73
14629,ACC00014629,8425,Salary,Active,2023-06-12,0.0,4.74
14630,ACC00014630,2050,Current,Active,2024-07-13,1868300.0,3.97
14631,ACC00014631,2434,Savings,Active,2023-11-30,0.0,3.43
14632,ACC00014632,1518,Salary,Active,2019-11-21,0.0,3.58
14633,ACC00014633,4177,Savings,Active,2025-01-24,0.0,3.8
14634,ACC00014634,7656,Savings,Active,2018-11-17,0.0,4.77
14635,ACC00014635,461,Loan,Active,2025-05-24,100400.0,11.57
14636,ACC00014636,8102,Salary,Active,2019-05-03,0.0,3.19
14637,ACC00014637,185,Savings,Active,2021-05-12,0.0,2.72
14638,ACC00014638,411,Salary,Active,2019-05-04,0.0,4.15
14639,ACC00014639,3829,Savings,Active,2018-12-06,0.0,3.8
14640,ACC00014640,8818,Savings,Closed,2020-02-04,0.0,4.24
14641,ACC00014641,7989,Savings,Active,2021-10-23,0.0,2.97
14642,ACC00014642,7079,Salary,Active,2019-07-24,0.0,3.51
14643,ACC00014643,2469,Savings,Dormant,2025-01-04,0.0,2.63
14644,ACC00014644,2273,Savings,Active,2024-04-04,0.0,4.33
14645,ACC00014645,1977,Loan,Active,2024-11-13,1428000.0,11.68
14646,ACC00014646,7122,Savings,Active,2024-11-25,0.0,4.11
14647,ACC00014647,1053,Current,Active,2020-06-25,1734700.0,3.89
14648,ACC00014648,7646,Savings,Active,2024-10-16,0.0,4.07
14649,ACC00014649,9638,Loan,Active,2023-05-01,1256600.0,13.2
14650,ACC00014650,7761,Current,Active,2018-07-28,1838600.0,2.86
14651,ACC00014651,6265,Current,Active,2018-06-06,224100.0,4.2
14652,ACC00014652,3504,Savings,Closed,2021-06-23,0.0,4.97
14653,ACC00014653,9721,Loan,Active,2025-08-30,986500.0,13.44
14654,ACC00014654,8313,Salary,Active,2023-07-15,0.0,3.23
14655,ACC00014655,781,Savings,Dormant,2024-11-12,0.0,3.18
14656,ACC00014656,3257,Current,Active,2020-07-23,1674900.0,3.37
14657,ACC00014657,8965,Fixed Deposit,Active,2025-07-11,0.0,6.13
14658,ACC00014658,5591,Salary,Active,2019-03-04,0.0,2.97
14659,ACC00014659,267,Loan,Closed,2022-02-21,342500.0,10.25
14660,ACC00014660,6691,Loan,Active,2021-06-22,1567400.0,13.82
14661,ACC00014661,6610,Savings,Dormant,2018-04-19,0.0,3.29
14662,ACC00014662,1023,Salary,Active,2021-12-10,0.0,2.74
14663,ACC00014663,9525,Savings,Dormant,2019-10-14,0.0,4.54
14664,ACC00014664,7674,Savings,Active,2022-01-13,0.0,3.87
14665,ACC00014665,3523,Savings,Active,2018-02-17,0.0,4.64
14666,ACC00014666,6431,Loan,Active,2018-05-08,1372200.0,11.38
14667,ACC00014667,6543,Savings,Blocked,2023-12-03,0.0,3.99
14668,ACC00014668,2275,Salary,Active,2022-04-04,0.0,4.33
14669,ACC00014669,3815,Current,Active,2021-04-20,1868800.0,3.66
14670,ACC00014670,8454,Fixed Deposit,Closed,2019-07-02,0.0,8.39
14671,ACC00014671,5341,Salary,Closed,2019-08-05,0.0,3.16
14672,ACC00014672,5754,Loan,Active,2022-12-12,1072900.0,12.11
14673,ACC00014673,2694,Fixed Deposit,Active,2021-06-07,0.0,5.79
14674,ACC00014674,9038,Savings,Active,2023-09-19,0.0,2.7
14675,ACC00014675,4085,Fixed Deposit,Active,2018-03-18,0.0,8.04
14676,ACC00014676,9076,Savings,Active,2018-08-02,0.0,4.68
14677,ACC00014677,403,Salary,Dormant,2024-09-10,0.0,3.94
14678,ACC00014678,411,Savings,Active,2018-12-24,0.0,4.0
14679,ACC00014679,1970,Loan,Active,2020-04-25,1606700.0,8.41
14680,ACC00014680,2981,Salary,Active,2021-02-23,0.0,3.25
14681,ACC00014681,9715,Current,Active,2024-06-03,1369500.0,3.52
14682,ACC00014682,8106,Fixed Deposit,Active,2020-06-28,0.0,6.63
14683,ACC00014683,1640,Savings,Active,2022-01-28,0.0,3.47
14684,ACC00014684,1986,Salary,Active,2023-01-12,0.0,3.54
14685,ACC00014685,6573,Savings,Active,2020-09-06,0.0,4.22
14686,ACC00014686,270,Savings,Active,2020-10-23,0.0,3.61
14687,ACC00014687,9272,Savings,Active,2019-09-10,0.0,3.73
14688,ACC00014688,5258,Salary,Active,2022-04-12,0.0,4.79
14689,ACC00014689,6310,Loan,Active,2018-07-16,1383700.0,10.7
14690,ACC00014690,1180,Savings,Active,2021-02-20,0.0,3.93
14691,ACC00014691,8429,Current,Active,2022-04-12,276400.0,3.16
14692,ACC00014692,6399,Salary,Active,2025-01-02,0.0,3.56
14693,ACC00014693,9087,Fixed Deposit,Active,2024-09-03,0.0,5.81
14694,ACC00014694,4783,Loan,Active,2018-06-17,697600.0,14.42
14695,ACC00014695,8645,Fixed Deposit,Active,2020-10-17,0.0,7.76
14696,ACC00014696,7443,Savings,Active,2020-04-21,0.0,3.72
14697,ACC00014697,8418,Savings,Active,2025-08-05,0.0,4.57
14698,ACC00014698,7913,Fixed Deposit,Active,2022-09-11,0.0,8.09
14699,ACC00014699,935,Savings,Active,2022-04-21,0.0,3.17
14700,ACC00014700,383,Savings,Dormant,2018-10-13,0.0,4.36
14701,ACC00014701,6553,Loan,Active,2021-07-05,1198900.0,11.07
14702,ACC00014702,2867,Savings,Closed,2023-06-11,0.0,4.46
14703,ACC00014703,8385,Savings,Active,2022-05-15,0.0,3.49
14704,ACC00014704,626,Savings,Active,2020-08-04,0.0,3.06
14705,ACC00014705,7590,Fixed Deposit,Closed,2019-05-12,0.0,6.41
14706,ACC00014706,8130,Current,Active,2024-05-13,1822700.0,2.9
14707,ACC00014707,3177,Savings,Active,2024-06-02,0.0,2.51
14708,ACC00014708,5482,Fixed Deposit,Active,2025-03-28,0.0,5.96
14709,ACC00014709,7902,Fixed Deposit,Active,2021-09-01,0.0,6.41
14710,ACC00014710,9380,Salary,Active,2025-06-24,0.0,4.83
14711,ACC00014711,1716,Savings,Active,2023-11-14,0.0,3.85
14712,ACC00014712,1806,Savings,Active,2025-04-17,0.0,3.33
14713,ACC00014713,1809,Current,Active,2019-07-09,1379000.0,3.07
14714,ACC00014714,2588,Current,Dormant,2023-05-23,344800.0,2.58
14715,ACC00014715,1926,Current,Dormant,2018-09-16,1448900.0,3.8
14716,ACC00014716,7307,Salary,Active,2024-12-03,0.0,2.53
14717,ACC00014717,6984,Savings,Active,2020-01-20,0.0,4.25
14718,ACC00014718,3508,Salary,Active,2023-03-23,0.0,4.21
14719,ACC00014719,5911,Fixed Deposit,Active,2019-11-10,0.0,7.85
14720,ACC00014720,1493,Savings,Closed,2023-07-31,0.0,2.53
14721,ACC00014721,2769,Current,Active,2018-07-11,1324200.0,4.31
14722,ACC00014722,459,Salary,Active,2025-04-29,0.0,4.31
14723,ACC00014723,2053,Loan,Active,2021-06-05,1882500.0,7.92
14724,ACC00014724,2128,Savings,Dormant,2023-09-23,0.0,3.21
14725,ACC00014725,6220,Salary,Active,2019-03-16,0.0,3.57
14726,ACC00014726,921,Current,Closed,2020-03-28,1203400.0,4.43
14727,ACC00014727,3276,Savings,Active,2025-12-19,0.0,4.92
14728,ACC00014728,1603,Savings,Active,2021-12-05,0.0,3.24
14729,ACC00014729,5969,Savings,Active,2025-09-19,0.0,3.52
14730,ACC00014730,3142,Fixed Deposit,Closed,2025-08-21,0.0,7.8
14731,ACC00014731,7381,Salary,Active,2018-04-18,0.0,3.62
14732,ACC00014732,7352,Savings,Closed,2019-12-02,0.0,4.74
14733,ACC00014733,6072,Loan,Active,2021-07-20,877600.0,11.03
14734,ACC00014734,1916,Salary,Active,2025-02-08,0.0,4.17
14735,ACC00014735,4208,Savings,Active,2022-08-21,0.0,4.59
14736,ACC00014736,1731,Fixed Deposit,Active,2025-12-21,0.0,7.13
14737,ACC00014737,3993,Fixed Deposit,Dormant,2018-01-24,0.0,7.56
14738,ACC00014738,4763,Fixed Deposit,Active,2024-04-24,0.0,6.68
14739,ACC00014739,1111,Salary,Active,2022-09-08,0.0,2.51
14740,ACC00014740,1289,Savings,Active,2018-05-15,0.0,4.1
14741,ACC00014741,1981,Fixed Deposit,Active,2024-08-16,0.0,6.43
14742,ACC00014742,6692,Loan,Closed,2018-03-17,1875400.0,10.05
14743,ACC00014743,5927,Current,Active,2018-03-04,1950900.0,4.53
14744,ACC00014744,8461,Salary,Dormant,2021-06-10,0.0,2.51
14745,ACC00014745,8135,Current,Active,2022-02-21,898700.0,3.6
14746,ACC00014746,4586,Salary,Active,2020-09-28,0.0,4.66
14747,ACC00014747,2539,Salary,Blocked,2020-07-22,0.0,4.6
14748,ACC00014748,1613,Current,Active,2021-03-27,346600.0,3.43
14749,ACC00014749,8309,Savings,Active,2022-03-20,0.0,2.94
14750,ACC00014750,8404,Savings,Active,2023-08-30,0.0,4.85
14751,ACC00014751,4425,Current,Dormant,2022-02-05,1001000.0,3.81
14752,ACC00014752,6681,Current,Active,2023-10-07,1605300.0,4.43
14753,ACC00014753,5861,Salary,Active,2021-12-15,0.0,3.66
14754,ACC00014754,8777,Savings,Active,2018-12-16,0.0,3.48
14755,ACC00014755,3369,Current,Active,2025-04-12,447000.0,4.82
14756,ACC00014756,2668,Savings,Closed,2019-06-09,0.0,3.0
14757,ACC00014757,3923,Salary,Active,2022-12-19,0.0,4.56
14758,ACC00014758,7052,Savings,Active,2019-09-11,0.0,3.13
14759,ACC00014759,56,Savings,Active,2018-11-27,0.0,2.57
14760,ACC00014760,3890,Salary,Dormant,2018-10-20,0.0,2.63
14761,ACC00014761,44,Savings,Active,2021-02-24,0.0,3.78
14762,ACC00014762,7534,Salary,Active,2021-02-23,0.0,3.03
14763,ACC00014763,1542,Fixed Deposit,Active,2021-03-11,0.0,5.77
14764,ACC00014764,6559,Salary,Active,2020-09-28,0.0,4.07
14765,ACC00014765,4975,Savings,Dormant,2022-04-16,0.0,2.92
14766,ACC00014766,8691,Savings,Active,2019-01-13,0.0,4.92
14767,ACC00014767,5680,Salary,Active,2024-05-21,0.0,3.3
14768,ACC00014768,7514,Savings,Active,2022-09-17,0.0,4.13
14769,ACC00014769,6,Loan,Active,2024-08-11,724100.0,12.06
14770,ACC00014770,4322,Loan,Active,2023-06-02,1449900.0,9.49
14771,ACC00014771,8936,Savings,Active,2022-07-24,0.0,2.83
14772,ACC00014772,6515,Current,Active,2022-04-10,1988500.0,3.04
14773,ACC00014773,4245,Savings,Active,2022-08-13,0.0,4.95
14774,ACC00014774,1258,Salary,Active,2020-02-06,0.0,4.46
14775,ACC00014775,4955,Fixed Deposit,Dormant,2024-08-29,0.0,6.55
14776,ACC00014776,5758,Savings,Closed,2025-01-11,0.0,3.84
14777,ACC00014777,6099,Current,Active,2021-06-08,1306100.0,3.2
14778,ACC00014778,91,Savings,Active,2025-11-21,0.0,3.13
14779,ACC00014779,9945,Loan,Active,2018-08-16,529600.0,9.56
14780,ACC00014780,2082,Savings,Active,2024-09-06,0.0,4.99
14781,ACC00014781,6323,Loan,Blocked,2019-03-13,106300.0,7.61
14782,ACC00014782,4245,Savings,Dormant,2022-04-13,0.0,3.39
14783,ACC00014783,6603,Fixed Deposit,Active,2023-04-11,0.0,5.51
14784,ACC00014784,7020,Current,Closed,2024-12-30,840200.0,2.91
14785,ACC00014785,5941,Current,Active,2020-08-16,136800.0,3.72
14786,ACC00014786,6106,Loan,Active,2024-03-03,682900.0,13.23
14787,ACC00014787,3879,Salary,Active,2020-05-27,0.0,3.39
14788,ACC00014788,6373,Savings,Active,2019-04-11,0.0,3.54
14789,ACC00014789,6193,Savings,Blocked,2021-10-16,0.0,3.92
14790,ACC00014790,9920,Current,Active,2020-11-21,1988300.0,4.04
14791,ACC00014791,107,Current,Active,2025-09-17,905400.0,4.81
14792,ACC00014792,4292,Savings,Active,2023-04-27,0.0,4.86
14793,ACC00014793,2967,Savings,Active,2020-09-26,0.0,2.68
14794,ACC00014794,4361,Current,Active,2020-01-06,1677000.0,3.57
14795,ACC00014795,360,Current,Active,2024-06-16,621900.0,3.34
14796,ACC00014796,7832,Savings,Active,2018-08-30,0.0,4.8
14797,ACC00014797,9336,Current,Active,2019-06-20,741000.0,3.15
14798,ACC00014798,2450,Fixed Deposit,Active,2018-02-26,0.0,6.43
14799,ACC00014799,796,Current,Active,2018-03-10,1699000.0,2.74
14800,ACC00014800,7723,Current,Active,2023-11-17,581700.0,3.73
14801,ACC00014801,4637,Savings,Active,2025-03-06,0.0,2.93
14802,ACC00014802,1024,Loan,Active,2020-05-02,1263500.0,11.47
14803,ACC00014803,7775,Current,Active,2024-03-09,990500.0,2.98
14804,ACC00014804,7050,Savings,Active,2021-01-22,0.0,4.11
14805,ACC00014805,7014,Savings,Active,2020-05-03,0.0,3.77
14806,ACC00014806,3960,Salary,Active,2025-03-18,0.0,4.4
14807,ACC00014807,1519,Savings,Active,2024-11-06,0.0,3.33
14808,ACC00014808,5524,Savings,Closed,2025-07-27,0.0,2.91
14809,ACC00014809,2350,Salary,Active,2023-10-07,0.0,4.09
14810,ACC00014810,4677,Current,Active,2024-07-31,1043000.0,3.75
14811,ACC00014811,9888,Savings,Active,2024-03-08,0.0,4.79
14812,ACC00014812,4822,Fixed Deposit,Active,2025-04-22,0.0,6.15
14813,ACC00014813,2942,Savings,Active,2019-05-07,0.0,3.62
14814,ACC00014814,1587,Savings,Active,2024-04-27,0.0,3.8
14815,ACC00014815,335,Savings,Active,2025-07-25,0.0,2.8
14816,ACC00014816,6398,Savings,Active,2024-04-02,0.0,3.51
14817,ACC00014817,4828,Loan,Active,2023-08-15,1619500.0,12.57
14818,ACC00014818,8337,Salary,Active,2021-08-16,0.0,3.63
14819,ACC00014819,9890,Savings,Active,2021-03-02,0.0,2.62
14820,ACC00014820,3004,Savings,Active,2021-05-08,0.0,3.52
14821,ACC00014821,5947,Current,Active,2018-11-29,716000.0,4.94
14822,ACC00014822,2748,Salary,Active,2021-03-16,0.0,3.14
14823,ACC00014823,1752,Salary,Active,2023-08-12,0.0,3.85
14824,ACC00014824,8124,Savings,Active,2022-11-29,0.0,4.15
14825,ACC00014825,4361,Current,Active,2023-03-17,851700.0,4.49
14826,ACC00014826,7732,Savings,Active,2025-04-13,0.0,2.92
14827,ACC00014827,6483,Loan,Active,2021-01-07,1157000.0,12.35
14828,ACC00014828,2212,Fixed Deposit,Active,2022-05-17,0.0,5.72
14829,ACC00014829,6667,Savings,Active,2023-03-04,0.0,4.96
14830,ACC00014830,1056,Savings,Active,2025-05-21,0.0,3.35
14831,ACC00014831,7293,Current,Active,2021-11-10,828700.0,4.77
14832,ACC00014832,2907,Loan,Active,2022-05-05,1694400.0,7.88
14833,ACC00014833,8256,Salary,Blocked,2018-12-24,0.0,2.52
14834,ACC00014834,8288,Savings,Closed,2025-07-26,0.0,4.43
14835,ACC00014835,4950,Savings,Active,2021-02-09,0.0,4.5
14836,ACC00014836,6907,Salary,Active,2024-04-20,0.0,3.9
14837,ACC00014837,6065,Savings,Active,2019-06-28,0.0,2.57
14838,ACC00014838,736,Salary,Active,2025-07-24,0.0,4.32
14839,ACC00014839,1403,Current,Closed,2025-06-03,717700.0,4.38
14840,ACC00014840,4219,Savings,Active,2025-09-04,0.0,3.34
14841,ACC00014841,7523,Salary,Active,2022-12-02,0.0,4.27
14842,ACC00014842,8054,Savings,Active,2022-09-29,0.0,3.93
14843,ACC00014843,6261,Savings,Active,2019-12-10,0.0,3.57
14844,ACC00014844,5410,Loan,Active,2021-12-19,237200.0,13.09
14845,ACC00014845,4865,Salary,Dormant,2023-06-01,0.0,3.23
14846,ACC00014846,554,Salary,Active,2025-02-18,0.0,3.02
14847,ACC00014847,7996,Savings,Active,2019-08-09,0.0,4.04
14848,ACC00014848,4067,Salary,Active,2020-03-31,0.0,3.78
14849,ACC00014849,5469,Salary,Active,2019-05-11,0.0,3.37
14850,ACC00014850,146,Savings,Active,2020-11-24,0.0,3.05
14851,ACC00014851,6790,Fixed Deposit,Active,2019-08-23,0.0,7.93
14852,ACC00014852,4315,Fixed Deposit,Active,2022-10-22,0.0,6.13
14853,ACC00014853,5287,Savings,Active,2021-11-28,0.0,3.69
14854,ACC00014854,6455,Savings,Active,2021-05-05,0.0,4.26
14855,ACC00014855,9077,Savings,Active,2025-03-13,0.0,4.41
14856,ACC00014856,6803,Savings,Active,2022-07-30,0.0,4.81
14857,ACC00014857,8579,Salary,Active,2022-10-24,0.0,4.4
14858,ACC00014858,7029,Savings,Active,2024-03-26,0.0,4.99
14859,ACC00014859,1638,Current,Active,2024-08-14,1329100.0,4.64
14860,ACC00014860,9349,Fixed Deposit,Active,2025-08-13,0.0,7.72
14861,ACC00014861,2282,Savings,Active,2022-04-18,0.0,2.96
14862,ACC00014862,53,Salary,Active,2020-07-14,0.0,3.17
14863,ACC00014863,6349,Savings,Active,2025-06-13,0.0,2.69
14864,ACC00014864,6028,Current,Active,2024-12-13,313100.0,3.81
14865,ACC00014865,7749,Fixed Deposit,Active,2019-02-11,0.0,6.87
14866,ACC00014866,2956,Savings,Active,2020-05-08,0.0,4.17
14867,ACC00014867,7235,Current,Active,2022-06-23,440500.0,4.38
14868,ACC00014868,2358,Salary,Active,2021-08-28,0.0,2.54
14869,ACC00014869,2283,Salary,Active,2024-10-10,0.0,3.47
14870,ACC00014870,5139,Savings,Active,2020-01-31,0.0,4.01
14871,ACC00014871,4949,Salary,Active,2024-11-07,0.0,4.98
14872,ACC00014872,579,Savings,Active,2022-01-17,0.0,4.44
14873,ACC00014873,2951,Current,Active,2022-10-23,966500.0,3.65
14874,ACC00014874,5371,Savings,Dormant,2025-01-11,0.0,4.13
14875,ACC00014875,5075,Salary,Active,2023-03-15,0.0,3.68
14876,ACC00014876,3844,Savings,Active,2021-09-02,0.0,4.12
14877,ACC00014877,9595,Salary,Active,2023-04-26,0.0,4.84
14878,ACC00014878,7818,Savings,Closed,2021-02-02,0.0,4.72
14879,ACC00014879,1546,Savings,Active,2021-04-22,0.0,4.68
14880,ACC00014880,5825,Fixed Deposit,Closed,2022-07-09,0.0,6.35
14881,ACC00014881,5699,Savings,Active,2021-09-27,0.0,3.5
14882,ACC00014882,5132,Savings,Active,2022-05-03,0.0,3.34
14883,ACC00014883,2963,Salary,Active,2024-09-18,0.0,4.51
14884,ACC00014884,9162,Savings,Active,2022-04-06,0.0,2.56
14885,ACC00014885,9096,Fixed Deposit,Active,2019-07-27,0.0,7.59
14886,ACC00014886,3764,Savings,Active,2024-08-20,0.0,3.36
14887,ACC00014887,8935,Salary,Active,2020-02-13,0.0,4.5
14888,ACC00014888,8758,Current,Blocked,2023-09-04,1380300.0,4.06
14889,ACC00014889,1704,Salary,Active,2018-04-29,0.0,4.29
14890,ACC00014890,4253,Salary,Active,2023-10-10,0.0,4.93
14891,ACC00014891,6216,Savings,Active,2023-05-09,0.0,2.91
14892,ACC00014892,5391,Loan,Dormant,2021-09-03,1661300.0,13.38
14893,ACC00014893,2074,Current,Active,2022-11-22,1558900.0,2.55
14894,ACC00014894,4708,Loan,Active,2024-07-04,1107900.0,8.74
14895,ACC00014895,1193,Savings,Active,2025-08-22,0.0,4.53
14896,ACC00014896,3320,Current,Active,2025-04-02,1631600.0,4.82
14897,ACC00014897,6909,Current,Active,2022-06-26,1336500.0,3.93
14898,ACC00014898,2674,Current,Active,2022-09-09,1888000.0,2.79
14899,ACC00014899,203,Salary,Active,2020-06-22,0.0,4.65
14900,ACC00014900,4062,Savings,Active,2021-10-14,0.0,4.57
14901,ACC00014901,53,Savings,Active,2025-06-23,0.0,3.34
14902,ACC00014902,749,Savings,Active,2021-08-11,0.0,4.79
14903,ACC00014903,1202,Current,Active,2021-06-15,876800.0,2.8
14904,ACC00014904,2788,Fixed Deposit,Active,2018-06-11,0.0,7.99
14905,ACC00014905,8952,Current,Active,2018-07-07,1579100.0,3.08
14906,ACC00014906,3553,Savings,Active,2023-05-20,0.0,4.42
14907,ACC00014907,9197,Salary,Active,2023-02-01,0.0,4.36
14908,ACC00014908,2463,Savings,Active,2019-03-15,0.0,4.48
14909,ACC00014909,8130,Fixed Deposit,Active,2021-05-20,0.0,6.76
14910,ACC00014910,5429,Savings,Active,2025-08-06,0.0,4.3
14911,ACC00014911,963,Savings,Active,2024-05-23,0.0,2.64
14912,ACC00014912,7523,Savings,Dormant,2022-07-03,0.0,3.11
14913,ACC00014913,3256,Savings,Active,2019-03-04,0.0,4.48
14914,ACC00014914,8351,Savings,Dormant,2025-01-30,0.0,4.05
14915,ACC00014915,2500,Loan,Active,2021-07-24,1579100.0,13.37
14916,ACC00014916,101,Current,Active,2025-09-03,1916600.0,3.7
14917,ACC00014917,3839,Savings,Active,2019-05-04,0.0,3.13
14918,ACC00014918,6317,Loan,Active,2024-02-22,1396900.0,10.9
14919,ACC00014919,7277,Fixed Deposit,Active,2024-06-05,0.0,6.45
14920,ACC00014920,1827,Savings,Active,2023-09-20,0.0,2.74
14921,ACC00014921,1397,Fixed Deposit,Active,2024-09-06,0.0,6.46
14922,ACC00014922,1254,Savings,Active,2023-02-22,0.0,3.95
14923,ACC00014923,3777,Salary,Active,2023-10-25,0.0,4.04
14924,ACC00014924,3971,Savings,Active,2022-11-25,0.0,3.91
14925,ACC00014925,9850,Savings,Active,2024-12-10,0.0,2.72
14926,ACC00014926,7684,Fixed Deposit,Active,2021-02-27,0.0,5.73
14927,ACC00014927,117,Savings,Active,2021-01-21,0.0,4.86
14928,ACC00014928,4976,Current,Active,2025-05-02,731800.0,3.7
14929,ACC00014929,5817,Salary,Active,2018-05-27,0.0,2.98
14930,ACC00014930,535,Salary,Dormant,2020-06-28,0.0,4.16
14931,ACC00014931,2408,Savings,Active,2022-05-19,0.0,4.98
14932,ACC00014932,2967,Loan,Active,2023-10-03,1705900.0,12.69
14933,ACC00014933,591,Current,Closed,2019-06-01,1050200.0,2.71
14934,ACC00014934,6221,Current,Active,2018-01-28,1250600.0,3.04
14935,ACC00014935,2817,Salary,Closed,2024-02-05,0.0,3.5
14936,ACC00014936,8728,Fixed Deposit,Active,2023-02-19,0.0,8.46
14937,ACC00014937,6572,Savings,Active,2018-04-30,0.0,3.27
14938,ACC00014938,498,Loan,Active,2019-06-06,1888300.0,8.4
14939,ACC00014939,2413,Fixed Deposit,Active,2019-10-13,0.0,7.16
14940,ACC00014940,3789,Savings,Active,2021-09-17,0.0,4.65
14941,ACC00014941,9126,Fixed Deposit,Active,2019-12-12,0.0,5.54
14942,ACC00014942,4280,Current,Active,2025-11-24,1226000.0,3.35
14943,ACC00014943,2334,Current,Active,2025-06-25,300900.0,2.51
14944,ACC00014944,1001,Loan,Active,2025-12-12,823100.0,8.79
14945,ACC00014945,5957,Savings,Active,2024-04-30,0.0,4.8
14946,ACC00014946,3958,Loan,Active,2021-10-13,725900.0,9.09
14947,ACC00014947,5879,Salary,Closed,2019-07-16,0.0,3.12
14948,ACC00014948,2768,Savings,Active,2019-11-17,0.0,2.71
14949,ACC00014949,1650,Salary,Closed,2025-06-22,0.0,4.31
14950,ACC00014950,9030,Savings,Active,2019-03-26,0.0,2.72
14951,ACC00014951,3199,Current,Dormant,2025-11-16,433000.0,3.38
14952,ACC00014952,6726,Fixed Deposit,Active,2019-10-04,0.0,7.42
14953,ACC00014953,1994,Savings,Active,2021-11-01,0.0,2.82
14954,ACC00014954,1759,Current,Active,2025-02-03,1140500.0,4.85
14955,ACC00014955,2694,Savings,Active,2021-04-13,0.0,4.42
14956,ACC00014956,4857,Fixed Deposit,Active,2018-12-22,0.0,5.99
14957,ACC00014957,820,Savings,Active,2022-11-09,0.0,3.76
14958,ACC00014958,9556,Savings,Active,2024-12-31,0.0,3.4
14959,ACC00014959,4835,Savings,Active,2019-11-23,0.0,2.79
14960,ACC00014960,9631,Salary,Active,2020-04-19,0.0,3.81
14961,ACC00014961,2301,Savings,Active,2025-04-11,0.0,3.14
14962,ACC00014962,974,Savings,Active,2019-02-09,0.0,3.33
14963,ACC00014963,3408,Savings,Active,2018-06-20,0.0,3.39
14964,ACC00014964,9795,Salary,Active,2022-12-12,0.0,3.97
14965,ACC00014965,8681,Savings,Active,2019-03-18,0.0,3.28
14966,ACC00014966,4876,Savings,Active,2022-01-31,0.0,3.14
14967,ACC00014967,8258,Fixed Deposit,Active,2022-05-24,0.0,7.26
14968,ACC00014968,4928,Savings,Active,2021-07-16,0.0,2.69
14969,ACC00014969,2347,Current,Active,2019-10-18,898300.0,3.45
14970,ACC00014970,878,Savings,Active,2021-02-16,0.0,2.68
14971,ACC00014971,1347,Savings,Closed,2023-09-17,0.0,3.0
14972,ACC00014972,7501,Loan,Active,2019-10-05,792400.0,9.03
14973,ACC00014973,6249,Savings,Active,2020-04-12,0.0,3.43
14974,ACC00014974,2010,Current,Active,2024-10-26,621100.0,3.51
14975,ACC00014975,4857,Savings,Active,2021-10-15,0.0,4.68
14976,ACC00014976,720,Fixed Deposit,Active,2018-10-30,0.0,7.95
14977,ACC00014977,9184,Fixed Deposit,Active,2018-07-17,0.0,6.49
14978,ACC00014978,7587,Current,Closed,2020-03-17,1126100.0,3.81
14979,ACC00014979,4196,Savings,Active,2020-03-29,0.0,2.52
14980,ACC00014980,6849,Savings,Active,2024-03-16,0.0,4.2
14981,ACC00014981,764,Current,Blocked,2019-01-20,1955700.0,2.63
14982,ACC00014982,3399,Savings,Active,2024-09-21,0.0,3.39
14983,ACC00014983,5745,Loan,Active,2021-03-27,1710600.0,10.95
14984,ACC00014984,4074,Savings,Active,2018-06-29,0.0,4.75
14985,ACC00014985,1392,Savings,Active,2022-11-23,0.0,4.13
14986,ACC00014986,843,Salary,Active,2019-01-20,0.0,4.09
14987,ACC00014987,7209,Savings,Active,2022-04-14,0.0,4.12
14988,ACC00014988,9219,Savings,Active,2018-12-12,0.0,4.02
14989,ACC00014989,4938,Savings,Dormant,2023-07-14,0.0,4.15
14990,ACC00014990,2892,Current,Active,2023-06-30,422400.0,4.8
14991,ACC00014991,7733,Current,Active,2019-09-30,1776200.0,2.53
14992,ACC00014992,8486,Savings,Active,2023-05-08,0.0,4.09
14993,ACC00014993,5879,Salary,Active,2024-10-29,0.0,4.33
14994,ACC00014994,5124,Savings,Active,2018-08-17,0.0,2.68
14995,ACC00014995,3450,Savings,Active,2020-04-09,0.0,4.56
14996,ACC00014996,5961,Fixed Deposit,Active,2025-07-11,0.0,5.87
14997,ACC00014997,5906,Savings,Active,2025-01-22,0.0,4.34
14998,ACC00014998,5423,Loan,Active,2025-02-24,1724900.0,8.79
14999,ACC00014999,411,Current,Active,2025-11-01,1970300.0,4.45
15000,ACC00015000,3179,Loan,Active,2019-12-18,500900.0,11.74
